Transaction_Index,Time,V1,V2,V3,V4,V5,V6,V7,V8,V9,V10,V11,V12,V13,V14,V15,V16,V17,V18,V19,V20,V21,V22,V23,V24,V25,V26,V27,V28,Amount,Actual_Class,Reconstruction_Error,Predicted_Anomaly,Detection_Status,Reason,Anomaly_Score
153835,100298.0,-22.3418888868038,15.53613332478,-22.8652284959099,7.04337354768731,-14.1831291919342,-0.463144880408286,-28.2151120538009,-14.6077905214735,-9.48145633401495,-20.9491915543611,4.73958247105186,-11.9249546896802,-1.50141102577851,-3.83678146634435,-2.72032883823594,-8.88010567222989,-15.8251362851177,-6.75042522352437,-0.129188144339879,4.10001904830367,-9.11042257588182,4.15889482041313,1.41292844456256,0.38280067392155,0.447153952515532,-0.632816336434319,-4.38015425911661,-0.467862869164174,1.0,1,209.77628962198835,1,Anomaly,Reconstruction error exceeded the anomaly threshold.,209.77628962198835
151008,94362.0,-26.4577446501446,16.497471901867,-30.1773174564996,8.90415677106517,-17.8925996927224,-1.22790388102871,-31.1973285494605,-11.43892041491,-9.46257260540015,-22.1870885620007,4.41999660154863,-10.5923050053728,-0.703795803703315,-3.92620731586873,-2.40024649210124,-6.80988994039049,-12.4623149481086,-5.50105078380738,-0.567939572890149,2.81224110932946,-8.75569832116533,3.46089334478551,0.896537503959012,0.254835536763482,-0.738096558530353,-0.966564233789852,-7.26348214633855,-1.32488430656137,1.0,1,206.80292840194105,1,Anomaly,Reconstruction error exceeded the anomaly threshold.,206.80292840194105
102442,68207.0,-13.1926709562391,12.785970638298,-9.90665002092758,3.32033688288942,-4.80117593230105,5.76005855618556,-18.7508891580107,-37.3534426378925,-0.391539743919107,-5.05250236713858,4.40680552357904,-4.61075647740608,-1.90948796970811,-9.07271093398351,-0.226074450896345,-6.21155748212485,-6.24814535335983,-3.14924669470095,0.0515761185277783,-3.49304991519446,27.2028391573154,-8.88701714094871,5.30360690376998,-0.639434802306313,0.263203123457008,-0.108876929971315,1.26956635541013,0.939407362758877,1.0,1,52.87182163369726,1,Anomaly,Reconstruction error exceeded the anomaly threshold.,52.87182163369726
102444,68207.0,-13.1926709562391,12.785970638298,-9.90665002092758,3.32033688288942,-4.80117593230105,5.76005855618556,-18.7508891580107,-37.3534426378925,-0.391539743919107,-5.05250236713858,4.40680552357904,-4.61075647740608,-1.90948796970811,-9.07271093398351,-0.226074450896345,-6.21155748212485,-6.24814535335983,-3.14924669470095,0.0515761185277783,-3.49304991519446,27.2028391573154,-8.88701714094871,5.30360690376998,-0.639434802306313,0.263203123457008,-0.108876929971315,1.26956635541013,0.939407362758877,1.0,1,52.87182163369726,1,Anomaly,Reconstruction error exceeded the anomaly threshold.,52.87182163369726
151519,95628.0,-17.5189091261484,12.5721178535385,-19.0385383213549,11.1908946558522,-13.5547207079601,-0.41192361337145,-23.189396512394,-5.30141221815132,-8.63039030596902,-16.2556117491401,5.70211147983179,-13.8124040899594,-0.306815322507812,-7.01360737195925,-1.18229035380557,-9.3601791927531,-16.6683693822389,-7.14746777723207,2.16209864550609,2.52851232971436,-4.96947772242457,0.976124822110751,1.8412479337881,0.334417748210128,-0.720128461316563,-0.232603423065217,-3.02199247294556,-0.478158234859683,1.63,1,35.689963148294325,1,Anomaly,Reconstruction error exceeded the anomaly threshold.,35.689963148294325
152019,96717.0,-3.7058559456413,4.10787318567637,-3.80365599543613,1.71031444791959,-3.58246604635748,1.4697289395611,-9.62156012711908,-11.9131046925977,-0.322296771337166,-6.62569249371823,2.17523030559549,-4.38107755793604,2.06329870945929,-0.673818453194249,1.40076321660287,-4.25492662033392,-5.16021301572915,-1.30252591599748,2.59445276115475,3.63960274068724,-5.49877168010629,2.94147540326902,0.916235852911927,-0.25550447969595,-0.18383483865098,-0.584538952417976,-0.315483570351021,-0.0972228121259146,1.0,1,16.867155157990037,1,Anomaly,Reconstruction error exceeded the anomaly threshold.,16.867155157990037
149600,91554.0,-5.10025566317088,3.63344238024837,-3.84391862443125,0.183208447320966,-1.18399737637674,1.6021393332506,-3.00595315203476,-8.64503780175356,1.28545810732477,-3.71748137540216,3.71921153916465,-5.03402974701745,0.918999158233287,-4.22036591807154,-1.05049995739584,-1.69104526842648,-2.37242320724166,0.450098503348706,0.407805060819919,-2.80630192287329,8.28043932580154,-2.79714954096118,1.09070659271567,-0.159259597476933,0.532156369375709,-0.497125808167425,0.943621624807946,0.553580691756943,261.22,1,10.53549556944871,1,Anomaly,Reconstruction error exceeded the anomaly threshold.,10.53549556944871
77682,57163.0,-10.3630494651588,4.54367201286394,-9.79589773551539,5.50800333404763,-6.03715599427489,-0.133492972364907,-11.7243461176622,-3.19834557193323,-4.76784222430147,-9.33212806886128,5.2241240042156,-7.74312234505579,-1.56034320038539,-7.14041803349475,1.18597782557697,-6.59870406570123,-12.1205390025684,-3.90409153348034,2.51343040062446,0.924396179705582,-2.45714487251707,1.68725664165106,0.977178353536712,-0.543368976583511,-0.289124786926125,-0.107586425389056,0.330641897772597,0.163577149556086,1.0,1,8.666518592683735,1,Anomaly,Reconstruction error exceeded the anomaly threshold.,8.666518592683735
11343,19762.0,-14.1791651073631,7.42136996239257,-21.405835744128,11.927511869244,-7.97428068736155,-2.20271027666529,-15.4716122801735,-0.356594909586509,-6.38012489838839,-13.3482776536659,10.1875873241664,-14.5639797552132,0.59375935763569,-14.4915983463022,-0.281392503951236,-8.2641288443605,-12.4398049728466,-4.83707902601307,0.753149847889189,1.00276434172175,-2.36683606243662,1.13095519799655,0.991153238179024,-1.03313210707298,-0.327179344936207,0.634692903522304,2.17190494464567,-1.39528768393339,1.0,1,7.768720133420407,1,Anomaly,Reconstruction error exceeded the anomaly threshold.,7.768720133420407
145022,86570.0,-36.5105831707971,-40.9380484424022,-5.37798649493194,11.4745895673491,11.0669463279263,-5.98259437508946,0.0689631464156986,-3.91845054584783,7.19332680369628,4.17396495267233,1.53078056527597,0.579988031749372,2.23787055003083,-4.70567487711348,2.17969213580076,4.20261066666253,-2.8639220134624,-0.13217427433889,4.60600657015918,-22.8385483047643,-8.03754350385756,3.25844727952837,15.8794213574391,0.665993785767426,7.51958867870916,0.671344875063645,-3.82903944551164,22.6200722185803,102.0,0,7.408466625115205,1,Anomaly,Reconstruction error exceeded the anomaly threshold.,7.408466625115205
43428,41505.0,-16.5265065691231,8.58497179585822,-18.6498531851945,9.50559351508723,-13.7938185270957,-2.83240429939747,-16.701694296045,7.51734390370987,-8.50705863675898,-14.1101844415457,5.29923634963938,-10.8340064814734,1.67112025332681,-9.37385858364976,0.360805641631617,-9.89924654080666,-19.2362923697613,-8.39855199494575,3.10173536885404,-1.51492343527852,1.19073869481428,-1.12767000902061,-2.3585787697881,0.673461328987237,-1.4136996745882,-0.46276236139933,-2.01857524875161,-1.04280416970881,364.19,1,5.666139040292708,1,Anomaly,Reconstruction error exceeded the anomaly threshold.,5.666139040292708
42958,41313.0,-13.8972058704019,6.34428045616839,-14.2816664432471,5.58100899740718,-12.8871331616131,-3.1461763671985,-15.450467216827,9.06028147442157,-5.48612077680694,-14.6764702497464,5.1483517210937,-10.7495919949504,1.58548896754337,-9.79801207658904,0.733276999106463,-12.675268899047,-20.7406637223494,-8.15366802624724,5.2283417900513,-1.02522792390103,3.05808183846397,0.941180290424241,-0.232710298333368,0.763508019302571,0.0754562386388435,-0.453839571774416,-1.50896825698328,-0.686835738780169,9.99,1,4.954823930861105,1,Anomaly,Reconstruction error exceeded the anomaly threshold.,4.954823930861105
220090,142019.0,-37.5580671123523,-29.3359915779474,-24.9623217802769,8.41361599668251,-35.1821203113785,21.5504961925796,36.8773682682598,-8.915982171374,5.04656614290501,0.909473837449234,3.9196856798633,-0.384259959956165,4.31615623150498,-3.11369438571603,5.66766717089081,8.28988955954619,-2.49093454269869,-3.57090680752619,1.6638989814824,-28.009635333749,-11.2632352147417,-1.15082768254119,-7.80090231246774,1.27271594940707,1.96536508482059,0.767816795952858,3.24818892919618,13.0135458870081,5964.95,0,3.6966623027714816,1,Anomaly,Reconstruction error exceeded the anomaly threshold.,3.6966623027714816
42756,41233.0,-10.6457996485752,5.9183066586857,-11.6710425949575,8.80736917876038,-7.97550136587277,-3.58680634405361,-13.6167970541448,6.42816934590602,-7.36845129274034,-12.8881582878915,6.85495311388866,-13.2116950297251,1.03561234332246,-13.7789556397675,1.04044835530024,-11.2903278082585,-20.5780220491922,-7.54782411219534,3.11847976563045,-0.0461701790327979,2.57196959291347,0.206809359357246,-1.66780140024191,0.558418754024331,-0.0278978765982558,0.354253781525514,0.273328726801416,-0.152908080809092,0.0,1,3.655259355030879,1,Anomaly,Reconstruction error exceeded the anomaly threshold.,3.655259355030879
41569,40742.0,-2.37753280180283,0.520539361927579,-8.09413945532841,8.00535147326105,2.64075021376276,-3.38158645291742,-1.93437244067366,0.562322111872781,-3.10402718606356,-3.05121035544102,5.73576265915634,-4.74769250131792,-0.784223284478966,-10.7163393018774,0.656516978131348,-1.14246727231018,0.91859080878698,1.12633522330277,0.0929734778841175,-0.634747080915274,0.148284201590387,0.7210995412337,2.66129069804724,-0.508619933518595,-0.401656629278738,0.587611216267645,0.500326371108344,0.551759687906722,1.0,1,3.6360440587576557,1,Anomaly,Reconstruction error exceeded the anomaly threshold.,3.6360440587576557
249607,154493.0,-7.38154698606367,-7.44901515872674,-4.6962865237175,3.72843914957409,6.19830434711234,-6.40626663445964,-5.83145156036761,1.45717491941563,-0.6462025802667,-4.02912871953916,2.52894302060173,-3.308721722205,-1.99200968898389,-5.75721608217278,-0.877323474271716,-1.54755182348258,-1.90901678581052,0.500567470429737,0.136722438174659,2.93275812573212,1.17657484784395,-0.978692051214679,-0.278330343454922,-0.635873793806618,0.123539440325404,0.404729308452323,0.704914653621431,-1.22999168169143,35.0,1,3.5673318040416717,1,Anomaly,Reconstruction error exceeded the anomaly threshold.,3.5673318040416717
42769,41237.0,-10.2817840384715,6.30238478416897,-13.271718028752,8.92511547634157,-9.97557831146449,-2.83251346361162,-12.7032526593299,6.70684583868978,-7.07842395823848,-12.8056831898117,6.78605830197451,-13.0642398936784,1.1795245105938,-13.694873039573,0.951479176238826,-10.9542857275047,-20.5835927904158,-7.51726213169106,2.87235363605874,-0.247647527731929,2.47941350799644,0.366932842343897,0.0428046480276363,0.478278891799746,0.157770817898023,0.329900959238367,0.163504340964582,-0.485552212695879,118.3,1,3.4700035618283875,1,Anomaly,Reconstruction error exceeded the anomaly threshold.,3.4700035618283875
8312,11092.0,0.378274504006009,3.91479678866992,-5.72687201536627,6.09414095882864,1.69887526405022,-2.8073139468834,-0.591118212837213,-0.123495593086659,-2.53071281390832,-5.15309460989926,4.65408842254301,-7.83953899762349,1.37181858033581,-9.63468971263612,-0.739596855842826,-0.663203945673478,0.891934540534899,0.978675639075006,-2.00547660274646,0.440439440893876,0.149895683076911,-0.601967245529085,-0.613724335539499,-0.403113687819411,1.568445255978,0.52188393400233,0.527937749881352,0.411910405834512,1.0,1,3.3245226145401445,1,Anomaly,Reconstruction error exceeded the anomaly threshold.,3.3245226145401445
42696,41203.0,-8.42681446458936,6.24165891255794,-9.94646974501132,8.19961393161759,-8.21309336768256,-2.52204605104398,-11.6430282742756,5.33950009801351,-7.05101582770698,-12.2653238444006,7.04773274001302,-13.7429528415799,0.821627223133927,-14.1074642630375,1.02047093981622,-11.8478871921138,-21.6739867132891,-7.78404247450965,3.20430921695579,0.563869352833826,2.42746037443776,0.692666548056743,0.0203051671536146,0.499809093124917,0.467593621860553,0.483161969665241,1.19567086957704,0.198294350072086,88.23,1,2.937891880189386,1,Anomaly,Reconstruction error exceeded the anomaly threshold.,2.937891880189386
42549,41147.0,-5.31417320646342,4.14594361146639,-8.53252245892907,8.34439167363678,-5.71800820787464,-3.04353608094129,-10.9891846672722,3.40412865609659,-6.16723364181153,-11.435623996076,7.67453383416429,-14.2960914258331,0.526938923712363,-15.4450258118019,0.991651201275811,-12.3913460034009,-22.5416517287861,-7.98672065349455,2.99255446334225,1.15001731865814,2.33146580801509,0.862996305559532,-0.614453237551036,0.523647877136623,-0.712593271662611,0.324637964828057,2.24509146635599,0.497320848969724,88.23,1,2.843949618015252,1,Anomaly,Reconstruction error exceeded the anomaly threshold.,2.843949618015252
235636,148477.0,-3.98418316036897,1.62833752588092,-2.82105152516466,-1.40922125535116,-2.24179547225425,-0.749107546472638,-1.84146896336511,1.38899542857505,-0.084823090708034,0.695418976711237,-1.61081683155556,0.698561281658667,0.957531037191701,1.24203371090178,1.86203828015094,-2.98263946820525,1.80134001619212,1.95189976521849,2.81659024103761,-1.54180144844594,0.323589576071332,1.01615088431754,0.336504813517032,0.758239577438025,-0.429769692773509,0.221009288233333,-2.84338055261126,0.0218327721577953,15.13,0,2.7118119098234805,1,Anomaly,Reconstruction error exceeded the anomaly threshold.,2.7118119098234805
6717,8408.0,-1.81328048476897,4.91785071056565,-5.92612969400656,5.70150043141163,1.20439257214362,-3.03513754815611,-1.71340206347108,0.561257390902032,-3.79635425171163,-7.45484065078351,7.38805512292025,-10.4752286504099,-0.379314526756117,-11.7367291212569,-2.08698895215593,-2.44235398293755,-3.53552351168246,0.130360306640887,-2.07145048844325,0.576656033332069,0.615641835107552,-0.4064272753179,-0.73701807643754,-0.279641772215917,1.1067663744335,0.323885477719453,0.894766671515833,0.569518600269514,1.0,1,2.631743497691803,1,Anomaly,Reconstruction error exceeded the anomaly threshold.,2.631743497691803
243749,152058.0,-3.57636177773708,3.29943622098785,-7.46043319687438,7.78363417666419,-0.398548657536885,-1.96844144838725,-3.11047619254795,-0.328403695377149,-1.57436284547485,-2.49756054724841,4.60417047790948,-9.0019148555682,-1.27632400546329,-13.9694706254616,1.25694535316357,-4.49162922501012,-5.96998693103967,-1.27466622002178,1.14778361222539,-0.181455201194929,0.540730752300116,0.719526342466937,0.379248749413946,-0.616961860032022,-0.44281081400968,0.359840688732324,-2.65182487459349,0.422184391599186,1.0,1,2.601660147287449,1,Anomaly,Reconstruction error exceeded the anomaly threshold.,2.601660147287449
243699,152036.0,-4.32060921481281,3.19993870654465,-5.79973605389345,6.50233023566696,0.378479252807864,-1.94824637096657,-2.16785950480668,-0.728206711605414,-1.97723831745674,-3.47341070390428,4.56919375212135,-9.32115263136084,-1.59251765115386,-14.2668362798028,0.467776602458787,-4.06620855488173,-6.62696817708246,-1.43715841938037,-0.215409738450978,-0.263686068021973,0.47666042483552,0.434278328284482,-0.13693991841301,-0.620071695417129,0.642530576414265,0.28071734804164,-2.64910674899003,0.533640939848599,1.0,1,2.5490455450565657,1,Anomaly,Reconstruction error exceeded the anomaly threshold.,2.5490455450565657
8615,11629.0,-3.89119195123086,7.09891625215749,-11.4264670967961,8.60755678650129,-2.06570621026229,-2.98528802203595,-8.13858941693861,2.97392807853452,-6.27279046836547,-13.1934150665232,11.6197234753825,-17.6316063138707,-0.355194389515515,-18.8220867423816,-1.2831290856146,-10.0310966568698,-15.2270075099256,-5.32200898058982,-0.501750653452579,1.38261899967275,1.75708522742867,-0.18970915318715,-0.508629244173448,-1.18930816877394,1.18853649934791,0.605241885913626,1.8815287524148,0.875260407222375,1.0,1,2.3867549988854835,1,Anomaly,Reconstruction error exceeded the anomaly threshold.,2.3867549988854835
90959,63249.0,-6.28321787730116,-0.354381020996196,-2.41280103806931,-2.49179398665171,-3.51418302265519,-1.98568169212007,-0.797520283240652,2.08624735883257,-0.714132196544852,-1.2563279707874,-0.980412051124057,1.21508800956936,0.687264094663628,1.86119869090155,0.797034115189264,-0.929988403152186,0.918159511305485,1.10192246113657,-1.03220195085603,-1.05406421039259,-0.336671879077458,-1.18306829414025,-0.875743923447239,0.789260665897673,0.486765943789082,-0.374675902683636,-1.14755999609216,-0.632919740591848,81.2,0,2.372071236826828,1,Anomaly,Reconstruction error exceeded the anomaly threshold.,2.372071236826828
42528,41138.0,-4.59561704249556,5.08369023030901,-7.58101461744265,7.54603279503791,-6.94916456384443,-1.72918492987346,-8.19019171984817,2.71466961013434,-7.08316933143187,-11.1412776902967,7.38185937432083,-14.4686550955305,0.299659909360646,-13.602211465597,0.516112699650764,-13.5632729563133,-23.8156358284126,-9.17055721888169,3.66952343976659,1.68216030642087,2.24897122592187,0.566843572297808,0.0337440528595468,0.591783408003629,0.334228764687698,0.386801106292112,2.16389776726335,0.983103834042297,340.11,1,2.343035510691059,1,Anomaly,Reconstruction error exceeded the anomaly threshold.,2.343035510691059
148800,90218.0,-6.76009563831945,-1.42524848667672,-4.38489627483655,0.508796977941812,1.62561858764581,2.93206484368524,-1.64896979297337,2.37852308238224,-0.661299549032834,0.330243611864441,-0.0348851586472246,-2.06709406766105,2.37932111746319,3.27205944686559,0.213951878334885,-1.24406475678917,1.51770168614967,1.43508308313238,0.0431105625966549,-4.10289245906038,-0.988786943115563,-0.0159812926682936,1.18976100333739,0.73945837725914,0.611219426172247,-0.33742319145425,-1.02987072835658,0.0238046926964382,104.78,0,2.334105314580835,1,Anomaly,Reconstruction error exceeded the anomaly threshold.,2.334105314580835
106626,70044.0,-5.53629149250268,-0.601281987179494,-2.46208416727238,-2.42493970621838,-3.90297974613563,0.883574393049664,-1.43536533533486,2.97729495105422,-0.39926215875946,-2.16939590596184,-0.630986058467692,1.38364934292995,-0.133666190221099,1.98608484614675,1.33036792082558,-2.14828269639392,2.40234149059881,-0.471300017404099,-2.4389916858015,-1.61808818863451,0.0746145925876896,-0.0422718180730895,-0.610077844840212,-0.532050633593535,-0.689205492118135,-0.204786546526256,-1.00150954600235,-0.613349903083999,222.53,0,2.2525968344331257,1,Anomaly,Reconstruction error exceeded the anomaly threshold.,2.2525968344331257
150663,93853.0,-5.83919161928092,7.1515323543223,-12.8167600806187,7.03111476501099,-9.6512721679897,-2.93842725771624,-11.5432071690832,4.84362653179436,-3.49427572506535,-13.3207888671784,8.46024444901677,-17.003289445516,0.101556614891384,-14.094451660329,0.747030766392512,-12.6616957230679,-18.9124938172188,-6.62697484523061,4.00892074227194,0.0556838813863639,2.46205591127559,1.05486518382957,0.530480596078193,0.472669814042592,-0.275997967880675,0.282435024801752,0.104886020210564,0.254417096767513,316.06,1,2.2139722494003613,1,Anomaly,Reconstruction error exceeded the anomaly threshold.,2.2139722494003613
6971,9064.0,-3.49910753739178,0.258555160773118,-4.48955807274398,4.85389435139681,-6.97452154477167,3.62838209065084,5.43127092073166,-1.94673371078472,-0.775680092900109,-1.9877731876087,4.69039566550924,-6.9980424321007,1.45401198637847,-3.73802333366749,0.31774206255503,-2.01354268083989,-5.1361351026702,-1.18382211654359,1.66339401354543,-3.04262575715977,-1.05236825623151,0.204816873569406,-2.11900744010783,0.170278608305444,-0.393844118118335,0.296367194488607,1.98591321801306,-0.900451638402827,1809.68,1,2.2130962895441306,1,Anomaly,Reconstruction error exceeded the anomaly threshold.,2.2130962895441306
203324,134766.0,-0.0796525365521887,3.22201046223725,-3.7242013893074,6.03734512826846,0.583394746331946,-0.691346179707007,-1.79988483348006,-2.62778128431688,-4.00133786259094,-2.27152578398956,1.51389817939856,-3.68294346446482,0.185830426148668,-4.69278763834241,0.247495674947084,-2.68188105082889,-2.28614467887841,-1.04884490280911,0.994829500437418,1.1985372847387,-0.664694294683722,1.13855644649209,-0.350753364122197,-0.287467300585566,0.808889022979463,0.823961705381379,0.668496565754242,0.595609828713858,1.0,1,2.1526406063236303,1,Anomaly,Reconstruction error exceeded the anomaly threshold.,2.1526406063236303
190986,129060.0,-7.83133928461082,-2.23696248670435,-5.30483093218404,0.192947140321242,-3.70087611479473,1.3238320134753,-0.116003827238263,2.81457080230195,-0.782595713856904,0.0082685624220072,-1.49029850249655,0.852949764449339,0.453272301256676,2.15191461659884,1.14568866216476,-1.63800033193039,1.93652143268073,0.331820444490171,-2.0583645937154,-0.57641430961857,-0.0003371609844327,0.232687299891883,-2.25330377317191,-0.0433169804548306,-0.435361019919554,-0.0150839570081491,0.579768551711025,-0.438716000337431,340.0,0,2.0506063130363565,1,Anomaly,Reconstruction error exceeded the anomaly threshold.,2.0506063130363565
239473,150125.0,-6.44677870569967,-4.1489333004524,-2.46793574610359,3.5790533745268,1.280263259384,-1.64903695218512,-4.06631875854726,0.984977299639753,-0.289895258588366,-1.44562508512313,-0.18633788995922,-2.13539897664876,0.657513654383741,-2.10282841486048,1.65257237764781,-2.62773667845887,-3.5415734670082,-1.83011676584842,3.78520019322752,-0.981120730410548,-0.342282111720086,-1.34077233702578,-2.17476508326124,0.271926118089424,-1.40330652598455,0.183720581045337,0.151709666116912,0.434945381512349,1.0,0,1.9979063180900205,1,Anomaly,Reconstruction error exceeded the anomaly threshold.,1.9979063180900205
150665,93856.0,-6.75050851563533,5.36741605145469,-10.0546349530569,9.06447791765316,-7.96811808353808,-2.26379841398236,-10.317566180676,4.23766573099145,-5.32410880613734,-11.0923923688428,7.15408284221914,-17.1504052507291,-0.0953992277686904,-11.0301103643432,-1.95905455483077,-12.4485623424367,-22.6679054064789,-9.26460873295655,1.9823563171714,-0.0812198922441237,1.90903201764938,-0.34873973066671,0.425000563135111,0.674908669807175,-0.784208393488163,-0.247422102935353,1.1595813739152,0.197817874685768,209.65,1,1.840980184641041,1,Anomaly,Reconstruction error exceeded the anomaly threshold.,1.840980184641041
99506,67150.0,-1.82429505976067,0.403326526860602,-1.99412200641801,2.75655816357726,-3.13906432572579,0.408185014718199,-1.20904511871624,1.09563435393431,-1.44722489217345,-3.95100289197434,2.56070020158284,-3.4119829114195,-0.781669619949492,-4.7327675351632,-0.433973654922625,-3.30608841178359,-4.23102187544855,-0.750809770409941,2.69080834203374,1.50368830479002,0.838760421033887,0.341727095787049,0.947506491293615,-0.145493002452622,0.0493257725258454,0.831065451615044,0.33242130393302,0.252712728641008,489.71,1,1.7841416159829895,1,Anomaly,Reconstruction error exceeded the anomaly threshold.,1.7841416159829895
150647,93824.0,-3.63280894927825,5.43726336227612,-9.13652148062595,10.3072263079132,-5.42183029451154,-2.86481514933136,-10.6340876212042,3.01812657999175,-4.89164032107494,-11.2350479111446,8.78878366710272,-18.5536970096458,-0.339533407676443,-15.6231873302985,-0.188978574214972,-12.4279613630565,-20.1590474539227,-6.88889109280947,2.58609321670737,1.35406479520345,2.30988016889674,0.978660126299279,-0.0961301444473713,0.432376722544823,-0.435627929953396,0.65089278643537,1.69360750804844,0.857685371687245,8.54,1,1.736255454427507,1,Anomaly,Reconstruction error exceeded the anomaly threshold.,1.736255454427507
70589,53937.0,-2.04260819938332,1.57357807373238,-2.37265243271278,-0.572676430720841,-2.09735276458226,-0.174142123011242,-3.03951978687359,-1.63423295064356,-0.594808638750073,-5.45960189444545,2.37853722491518,-2.33027064686235,-0.24623272486659,-4.05852343611281,-0.316983146603949,-2.52266081131673,-5.60340034818128,-0.778439963776289,0.860211793588662,0.825565985313424,-0.723326195587733,0.501221637302624,-0.696892260580304,-0.600513726439022,0.127547028812739,-0.786072220292301,0.606097322391548,0.171696507911815,261.87,1,1.7296865019317171,1,Anomaly,Reconstruction error exceeded the anomaly threshold.,1.7296865019317171
251428,155344.0,-7.11139698339306,3.68044508998605,-1.95400994303603,0.791114934866719,-5.45239166477648,0.559325073401965,-4.77835601810419,5.2054306990566,0.0463268451918204,0.484593888474884,-3.32425890397186,2.34635313464156,1.76740590936162,1.18883369278895,-1.62033785417495,-1.08607474644973,2.40011225150507,1.86556026369854,-0.226825648462009,-0.289355059074266,-0.0861971541209787,-0.0510231106765751,-0.187023213574957,0.0052734806502936,1.10048096860088,-0.121336618777417,-0.069944106301201,-0.0666326383254967,20.0,0,1.7255990097732214,1,Anomaly,Reconstruction error exceeded the anomaly threshold.,1.7255990097732214
154719,102671.0,-4.99175779387947,5.2133398229232,-9.11132629809104,8.43198635177602,-3.4355156720863,-1.8275651016855,-7.11430284412379,3.43120663145462,-3.87564287029742,-6.86850850672582,7.15062516950116,-10.2629840447185,2.73308493575221,-10.1275247811671,-0.262783621001749,-5.19027103814098,-8.6557110398096,-2.02444347438745,1.5604792800844,0.0981321924634143,1.18942283937597,0.247858476295777,0.294448330047117,-0.548503502162266,-0.174616566570794,0.406702503092405,-0.40233927269736,-0.882885795448957,0.0,1,1.683107807962582,1,Anomaly,Reconstruction error exceeded the anomaly threshold.,1.683107807962582
218442,141320.0,-6.35233691096656,-2.37033515007664,-4.87539667887196,2.33504453116197,-0.809554897212021,-0.413647316208307,-4.08230817063438,2.23908947335972,-1.98635950470675,-5.16533081830893,2.94293916487767,-4.12572224190365,-0.433094395260294,-3.5181311704857,0.420777387095712,-5.10447983930312,-7.9253889983055,-3.41570671508705,0.71833237368083,0.186898304507656,1.32521840044042,1.22674487561089,-1.4852168616857,-1.47073226048821,-0.240053392971609,0.112972036960476,0.910590643802817,-0.650943712766886,195.66,1,1.6166289922837278,1,Anomaly,Reconstruction error exceeded the anomaly threshold.,1.6166289922837278
142405,84694.0,-4.86810843844627,1.26441977404559,-5.16788542660662,3.19364784504611,-3.04562137708228,-2.09616609885545,-6.44561018266068,2.4225355920307,-3.2140554159387,-8.74597261185534,5.41604190908794,-8.16412507731485,-0.165010607208302,-10.1935303551514,-1.89521031032574,-7.36047460938421,-14.6687710766351,-4.87711900477519,1.38560952778492,0.66730977994879,1.26920538901712,0.0576572516592633,0.629307399675982,-0.168431773502721,0.443743902404587,0.276539471570389,1.44127396787951,-0.127943726430018,12.31,1,1.5427156778547162,1,Anomaly,Reconstruction error exceeded the anomaly threshold.,1.5427156778547162
8972,12393.0,-4.06400473842815,3.10093489093256,-1.18849800365476,3.26463274045175,-1.90356235801726,0.3203505872957,-0.954940039087007,-3.27753491983773,2.82082866173719,1.01511287978593,3.18718689736493,-7.00432728360605,0.872710605485111,-6.22060535304292,-0.904444629573358,-3.07509188469837,-5.04473569177435,-1.71808268516882,-0.662462068430895,-0.531897693292296,1.68866543097474,-0.0788446980063478,0.19373092657711,0.479495953884992,-0.50660305739906,-0.409862744197452,-3.03627132936069,-0.630605198840545,179.66,1,1.5371845491935618,1,Anomaly,Reconstruction error exceeded the anomaly threshold.,1.5371845491935618
219257,141655.0,-29.9429722707079,-25.8317821051362,-16.2275119291273,6.69067916957251,-20.7878458115363,13.0856943709389,17.2566228959585,-9.16174621113856,5.00304130464362,-2.4314663912742,1.75998939335631,1.86143271752851,3.05338368623288,-1.40963974297515,3.68027152852471,4.53127503027372,0.220011232666237,-1.60453617589942,3.14031061569242,-21.3871219290332,-2.49469918146669,-0.660297208514391,-8.53781580651041,0.40080447201294,-0.643022787031134,0.496902845831269,6.26770908866261,-2.76507000175876,3502.11,0,1.5008316852055694,1,Anomaly,Reconstruction error exceeded the anomaly threshold.,1.5008316852055694
44001,41743.0,-2.14441147422114,1.0734990949761,-2.77366294436956,1.38439373061694,-4.01547712730958,0.747235431622141,1.52563753547227,0.192987836205386,-2.43186196584916,-4.15583783449678,4.35477463025116,-2.87240010922107,0.468875462284219,-4.55566674751092,0.699671492981511,-2.90114077639634,-4.67466711122835,-2.21362325223921,1.29616504982889,0.668123787084126,0.14465327974064,-0.885681640451265,0.625098628062992,0.0965268919194303,-0.189454895625625,0.532908314019749,0.423044721673666,-0.210266310409715,802.52,1,1.4950439583344,1,Anomaly,Reconstruction error exceeded the anomaly threshold.,1.4950439583344
184502,126271.0,-19.6180190085084,-18.539382408521,-4.31008545056708,6.78765978031373,3.20119364199081,-0.760206962831111,2.17265578815861,-4.22167813142568,5.08473712509785,6.53744684366614,2.34886928058306,-0.456851836726876,1.05118871437331,-3.08847580751356,4.76551443904298,1.51828422290516,-2.00322306647213,-0.0516196901282134,4.12381139601672,-11.7666697532149,-4.54113502346843,0.37351119206631,-6.63705509068448,0.754359420577516,0.33571916699444,-0.501723053013246,-8.70306782251465,16.1296091387323,175.0,0,1.4933004930104097,1,Anomaly,Reconstruction error exceeded the anomaly threshold.,1.4933004930104097
252774,155965.0,-1.20139778318497,4.86453518123444,-8.32882331553453,7.65239936205533,-0.167445105903909,-2.76769464972835,-3.17642095110716,1.62327867967437,-4.36722762476754,-5.5334430286147,4.1064045585523,-6.33182479621436,0.671784814909419,-12.1565865835299,1.02025178475153,-2.11086343309451,-1.55854452752772,0.195991826282669,0.502453451135321,0.597025549850308,0.532320016259289,-0.556913021850898,0.192444399731584,-0.698588444235578,0.0250027161193826,0.514967603188505,0.378105295962737,-0.0531327938498238,0.77,1,1.4756701976882587,1,Anomaly,Reconstruction error exceeded the anomaly threshold.,1.4756701976882587
225081,144093.0,-18.5899086579384,-21.1352608985451,-6.02346166885977,3.07448271373248,-0.719149981736455,-2.77623260493093,0.455100041699784,0.724645966749817,-1.90341256309246,-1.09400794639862,-1.52720002384902,-0.0274312778762128,2.19866566800728,1.01788363939278,0.921305053500127,2.04710713967093,0.579775661671501,0.548277369171541,-0.74496856956549,-0.349637990941421,-0.317151511122024,-1.61948404040651,-1.58115542291803,1.18492836376747,0.472239356106214,-0.401248853317654,0.913646935696427,-4.51263247393543,141.0,0,1.4626719339145022,1,Anomaly,Reconstruction error exceeded the anomaly threshold.,1.4626719339145022
141260,84204.0,-1.92745281973369,1.82762056700016,-7.01949468454197,5.34830323951426,-2.73918788004738,-2.10721929638307,-5.01584797563431,1.20586815982046,-4.38271250852199,-8.33770697381781,7.19030608944843,-9.42484446049178,-0.223292646427513,-12.8754942229841,-0.071918160688794,-6.2999613976222,-12.719207160428,-3.74017615583058,0.844059610296466,2.17270905626492,1.37693832294098,-0.792016725563067,-0.771414187530036,-0.379574271539528,0.718716522008066,1.11115125599517,1.27770725705846,0.819081152045361,512.25,1,1.4423346634274645,1,Anomaly,Reconstruction error exceeded the anomaly threshold.,1.4423346634274645
63551,50770.0,-3.03640141008635,-1.98832351115765,4.22610848028397,4.50106554041615,14.3068899104436,-9.3128136273465,-16.3871466684148,-0.112236277508564,0.639804235673155,3.49221935569066,1.57642688603912,2.87943585995672,0.145654820186714,-0.118693700267605,-0.0368932932647905,-0.588776961585963,2.0315481897741,-0.919950862339352,0.729253476806291,-1.15475145174443,0.672557087363246,-4.35620606145977,-25.3567442522144,1.76676830607842,-6.03505426830842,-0.504130745751011,1.40950940168853,0.899060139695496,37.16,0,1.4186764971413406,1,Anomaly,Reconstruction error exceeded the anomaly threshold.,1.4186764971413406
16110,27524.0,-26.6199521452086,14.8455447406263,-27.7470835325313,6.40810498281617,-19.0257413024853,-5.05320921097892,-19.0419604323609,17.5737124124331,-3.69586273956123,-8.09804759044116,4.5243215285123,-6.31480012039277,0.98325124569408,-6.05212557763744,-0.0999102348871289,-5.77245553937592,-11.881959902271,-4.74460275921372,0.809987772570868,1.84005520460596,1.85320904035127,-1.98556667726793,-1.21012274607896,0.150261280456044,1.8792617582138,-0.225018716888667,1.25738001893244,0.451776825042051,1.0,0,1.4051303025276352,1,Anomaly,Reconstruction error exceeded the anomaly threshold.,1.4051303025276352
143336,85285.0,-6.71340697159693,3.92110415204576,-9.74667821737542,5.14826254938013,-5.15156271985187,-2.09938865681113,-5.93776683170198,3.57877960420447,-4.6849517505833,-8.53775768653457,6.34897930341209,-8.68160893168352,0.251179384774619,-11.6080022570993,-0.351568782034355,-5.36356643348466,-11.9390915052116,-3.58360287020043,0.897402406121681,0.135711322729059,0.954272201927517,-0.45108644858101,0.127214424071711,-0.339449869297565,0.394095513633807,1.07529509891805,1.6499059092424,-0.394905372194808,252.92,1,1.403971118503725,1,Anomaly,Reconstruction error exceeded the anomaly threshold.,1.403971118503725
62425,50261.0,-4.60254184599532,0.68645854972188,-1.71331514344031,-2.49592867949628,-3.10695850320234,0.0147176102545932,-2.3647107692636,2.87366660987843,-2.07087044532952,1.22163054052093,-0.619822760570416,-0.80779343142624,-1.31872044399475,1.61998361603135,-0.0514162902310314,1.01674566386464,0.950738705688458,0.728166992594812,-0.709642377716584,-0.636946449644158,-0.362352567897007,-0.966110177692702,-0.208106768524217,-0.922074722381124,0.0610770774387071,-0.445023076043878,0.411093957183182,-0.27509912410667,105.0,0,1.3895627338053798,1,Anomaly,Reconstruction error exceeded the anomaly threshold.,1.3895627338053798
83417,59840.0,-3.21538175967748,-0.364223121381638,-1.26188334354906,3.79494903930385,0.71120593031272,-1.31647560298004,-5.16514055601052,0.625278383544947,-1.582300584728,-3.25263359468289,5.04075120270381,-5.31444220386187,-0.656470662006063,-6.23304367078495,0.974771279276835,-6.8903177453801,-9.51641148491956,-4.36412771489086,2.59857755637223,0.0196261688931224,0.40134124079647,0.152191258747201,-0.93467547449829,-0.256148382367333,-0.469403308828214,-0.282495914081921,0.86607691066145,-0.433465943783225,5.91,1,1.3709419550226356,1,Anomaly,Reconstruction error exceeded the anomaly threshold.,1.3709419550226356
15810,27252.0,-25.9424344479142,14.6019980426299,-27.3686502881266,6.37839460769688,-19.1040334039646,-4.68480620428185,-18.2613929340355,17.0525663121462,-3.74260500983864,-8.233721369876,4.6648362538527,-6.52566786025865,0.92375858946558,-6.32597461208273,-0.0702237027595964,-5.83836021908828,-12.0616957125199,-4.77334851403019,0.852969608454831,1.66730429040185,1.78431598423494,-1.91775921336107,-1.23578743924962,0.161104731783341,1.82037804128869,-0.2193590586868,1.38878576213598,0.406809649908512,99.99,1,1.3662856961954104,1,Anomaly,Reconstruction error exceeded the anomaly threshold.,1.3662856961954104
240845,150777.0,-5.25423399849611,2.63670175749197,-0.500062155258328,0.767651913290874,-4.46985593396171,0.862493500549467,-3.5706486617332,3.88403367419087,-0.0399837733624551,0.21966160275286,-2.9522255881957,1.81085752061582,1.56611285522208,0.43396566889649,-1.56585784687468,-1.40075251353147,1.91475835063574,1.8073696264644,-0.108826276886503,-0.379396533902529,-0.13202993215962,0.0995559085492971,-0.144394042429781,0.0060009865748647,0.929494790974344,-0.12861333909029,0.0241427628816898,-0.0714374675564412,50.0,0,1.3558973528741503,1,Anomaly,Reconstruction error exceeded the anomaly threshold.,1.3558973528741503
149869,92092.0,-1.10847821852891,3.44895257232738,-6.21697180605649,3.02105161812575,-0.529900931709915,-2.55137517507643,-2.00174290819286,1.09243237369483,-0.836098368778531,-4.09564897273592,2.42595071598052,-6.06726194524698,1.83243272022382,-3.50170251648822,-1.00400820464185,-3.5012811030282,-2.941876323532,-1.12574106196719,0.37371480785248,-0.0685983809223332,0.825951491439622,1.14416978988846,0.208559481945769,-0.295497424488562,-0.690232196243341,-0.364749075788586,0.229327220125504,0.208829891689567,18.0,1,1.3498153376773083,1,Anomaly,Reconstruction error exceeded the anomaly threshold.,1.3498153376773083
251477,155359.0,-1.067713272294,5.26231210944906,-8.4385670664835,7.31648729995658,0.0082535729164869,-2.12593631959976,-3.3070357352934,1.86983752340028,-4.52258362448849,-5.17281182346005,5.59112619350265,-5.64041745782421,0.784510038605689,-12.0438056158463,0.353814874886981,-1.92055816814255,-1.87992827944447,0.679751299229409,0.797641375455208,0.821404548671474,0.547789786518153,-0.491959821843257,0.0559141341245579,-1.14536853471475,0.0689513455242996,0.535054734945035,0.539263072143882,0.124255055772618,0.77,1,1.3387857760051805,1,Anomaly,Reconstruction error exceeded the anomaly threshold.,1.3387857760051805
237192,149133.0,-4.42715181962555,-0.963508050191945,-3.98852539974823,5.99392742892569,-3.23660883753092,2.61549639787543,3.10986823714173,-0.375601865831545,-2.81423732462824,-0.518420253742239,-0.285979886934994,-3.80016769120705,0.449094635444423,-2.21590888014364,0.697778384098233,-2.08530545436939,-4.28197552503753,-1.40126877416582,2.12208855423365,-1.51875764244005,-0.10860214596152,1.18165559226474,0.0453569284898187,0.220713071402673,0.348226106236775,0.796389758636528,1.17507464539793,0.442739845314515,1059.28,0,1.3367889906824266,1,Anomaly,Reconstruction error exceeded the anomaly threshold.,1.3367889906824266
141257,84204.0,-0.937843305478391,3.46288948991687,-6.44510395393435,4.9321986662268,-2.23398306982245,-2.29156112129773,-5.69559392853253,1.33882463362261,-4.32237655329329,-8.0991193981365,7.18296700883659,-9.44594338249901,-0.314619967520224,-12.9914655817567,-0.136358931959623,-6.36752437517144,-12.7343938853776,-3.84512965889743,1.00766725992114,1.12953228130351,1.06655024941577,-0.521657289347299,-0.319917292909547,-0.405859088093617,0.906802159957716,1.16578389011737,1.37449533233535,0.729889341911333,0.0,1,1.2863040215667565,1,Anomaly,Reconstruction error exceeded the anomaly threshold.,1.2863040215667565
143333,85285.0,-7.03030814445441,3.42199090467553,-9.52507177254752,5.27089100906596,-4.02463027558805,-2.86568161775739,-6.98919473439446,3.79155093755913,-4.62273033596451,-8.40966487562735,6.30904400603177,-8.57676143258937,0.246746716929862,-11.5340460181508,-0.3642651387587,-5.45249465771382,-11.8875700201872,-3.56358481007011,0.876018768156628,0.545698040621445,1.10339774484256,-0.541854751589521,0.0369432219896495,-0.355519004066217,0.353634382097,1.04245799282131,1.35951563156376,-0.272188101257294,0.0,1,1.2839186915736092,1,Anomaly,Reconstruction error exceeded the anomaly threshold.,1.2839186915736092
228727,145632.0,-13.3150670561004,-0.671557180811103,-4.58081042679927,0.0286154831107168,-2.41247524990735,0.469678603629929,2.60717261858252,-0.526159173425521,5.871484516741,7.92943266433225,1.32221051076522,1.53774748439952,0.826846471117743,-2.69982903028515,-1.30015129084753,-0.184648427787254,-0.604371266663392,-1.32071983694406,0.616904756505091,-1.09392784558757,-2.689343985229,-1.19083708723906,-1.14834771358999,1.0730630583254,1.88012788418606,0.0827564204159286,1.28437874914851,-1.95545099605708,196.56,0,1.2572727920152107,1,Anomaly,Reconstruction error exceeded the anomaly threshold.,1.2572727920152107
15539,26931.0,-22.5616992591298,13.2089042844176,-24.6438187771226,6.23253182330679,-16.905611362323,-4.49743871970001,-16.8101841919321,14.9551067734604,-3.87129682308601,-8.58126551626339,5.25698760960799,-7.39361499215009,0.538800829120431,-7.57755201800709,-0.030725531904052,-6.45478323655342,-12.8456565242928,-4.86591773720169,1.06244185030067,1.62144422472126,1.76598663639159,-1.6355166467436,-0.998316503452087,0.138972227361725,1.55935014018173,-0.22212451669,1.5044246600224,0.445919826109776,99.99,1,1.1836521187845033,1,Anomaly,Reconstruction error exceeded the anomaly threshold.,1.1836521187845033
68016,52793.0,-13.3762516815297,-6.48524005778055,-5.03859397947198,0.504401287504533,-6.31915947318434,2.37496910336499,-4.98293149580285,-12.1316877876655,-2.85163625286904,-1.58408813395949,0.496981736628317,1.27906154265336,-0.502124801964636,2.79429837916582,0.325770917802419,2.88488954130733,1.09708748782711,0.977649469847073,-1.79361317556725,1.14007661527527,-7.22000737889327,0.849689255829957,-4.31601707398909,0.946573720880449,-0.965903940175054,-0.543884723790288,1.51601062215377,-1.4482936211066,457.95,0,1.1790693021713792,1,Anomaly,Reconstruction error exceeded the anomaly threshold.,1.1790693021713792
24333,33181.0,-9.40796071958743,6.05432945721741,-1.68268486923689,-0.64042228590321,-3.90880310493104,0.958057050207945,-2.3610480420671,2.60932636824642,4.77168487160601,9.18018717142067,0.548176856341984,2.21881617251878,1.14660392749869,-2.27901368192135,-1.55730156434988,-2.89515706596335,1.30323870300307,0.848777260276209,-0.342227992578576,3.10972300415409,-1.3290736973253,-0.661837866145234,0.131566552058746,-0.0547717956417105,1.80077167321373,-0.0387688311300386,2.10446601776456,1.02679668572986,10.0,0,1.1660242413029551,1,Anomaly,Reconstruction error exceeded the anomaly threshold.,1.1660242413029551
30496,35953.0,-4.84437152213983,5.64943864783758,-6.73039574613665,5.25284201867297,-4.4095661499774,-1.74076745609347,-6.31169852901067,3.44916731253577,-5.41628435913526,-7.8335555711125,3.6573495649865,-7.7814479532704,1.50772042676786,-8.60475886835984,0.0105926875670707,-6.55397325691037,-12.6243936527694,-4.98990973846596,1.64541389333247,0.284555090358885,1.19488835625662,-0.845752531858704,0.190673885417928,-0.216443252531192,-0.325033100382822,-0.270327592956951,0.210214051535782,0.391854886292055,111.7,1,1.1422699049839657,1,Anomaly,Reconstruction error exceeded the anomaly threshold.,1.1422699049839657
238222,149582.0,-4.28058383167792,1.42110000741665,-3.90822884348162,2.94294608011161,-0.0762053360306411,-2.00252600045019,-2.87415473251562,-0.856005441485914,0.963674230223562,-3.23543895742654,3.34180192747217,-7.56286042898412,-1.8474434271558,-11.5714234295766,-1.4815558418284,-6.18091869945618,-9.28518598266033,-3.92172214129965,0.685510860299876,-0.198962780003302,-0.140061995134615,-0.90772022005271,-0.680107948583095,-0.349169892929711,0.0562758915123628,-1.14992266869478,-1.80988612030864,0.723051433275673,1.1,1,1.1375643751449163,1,Anomaly,Reconstruction error exceeded the anomaly threshold.,1.1375643751449163
184844,126415.0,-7.37952494956332,-2.94045386972831,-1.1652352237349,4.18799831479558,-1.83401838524797,3.31390459029004,3.5603403166429,-0.0936425760587825,1.13745905231955,2.97194088424575,-0.612779020106513,-0.294866672411201,-0.0281307908362358,-1.45072690931922,-0.309948954907922,0.230797977746047,0.135533975018469,-2.2665829576947,-1.59567114375293,-2.34105813546213,-1.80331792653247,-0.350413219966426,1.64010105599662,-1.03956689142094,0.502550257214642,-0.145091501550692,-0.293737900327299,4.81188893691142,682.72,0,1.1185631808756475,1,Anomaly,Reconstruction error exceeded the anomaly threshold.,1.1185631808756475
15476,26863.0,-21.2091195927913,12.6521968313004,-23.5539329441267,6.17407791004356,-16.026658125511,-4.42219459449987,-16.2294437253382,14.1160019049786,-3.92274144947115,-8.72024451506225,5.49388683652872,-7.7408158639401,0.384814230466723,-8.078240669038,-0.0148996037313368,-6.7012888702885,-13.1592668578419,-4.90303149501704,1.1462752482696,1.60243883702914,1.75844007534189,-1.52258816196329,-0.903860197993699,0.130166452450156,1.45485651906738,-0.223214403323927,1.55092845004664,0.461459566763514,99.99,1,1.1117957685444089,1,Anomaly,Reconstruction error exceeded the anomaly threshold.,1.1117957685444089
50287,44423.0,-33.0171744306281,-39.8183101230426,-1.44597061252227,10.7396591835542,28.7626712867503,-19.9963485415145,-19.0839072866833,-1.99288685937647,5.00071184881214,4.89564652139832,2.02721766658765,3.16241462161813,1.76157611242275,-0.113249411691741,2.98426087829649,3.46223460342388,-1.89842795806129,-1.38382409897324,1.10005593952312,-15.8064758003938,-5.29820955027304,-1.7017343939953,-12.5295236042724,2.05701894734193,-1.16694391064225,0.156381264102555,10.5078843530835,-4.12744237902874,2310.0,0,1.1080585092018822,1,Anomaly,Reconstruction error exceeded the anomaly threshold.,1.1080585092018822
229712,146022.0,0.908636658181293,2.84902401493181,-5.64734296336341,6.00941477810058,0.216656395035464,-2.39701442397293,-1.81930788593969,0.338526987742346,-2.81988277297887,-4.06309810827338,2.94119009271712,-6.15136219091534,-1.98952853525001,-9.15095100562097,-0.604289998808266,-1.95229039984463,-2.89255533222526,-0.912057960709434,-1.56373996709776,0.241921294746754,0.407260461266497,-0.397434852530952,-0.0800058534116311,-0.168596545191964,0.465058497798457,0.210509756241616,0.648704799002062,0.360224330288316,1.18,1,1.0924289170675858,1,Anomaly,Reconstruction error exceeded the anomaly threshold.,1.0924289170675858
85489,60791.0,-6.16555463454215,1.45784151750713,-0.930888902524733,1.43171550748989,-4.65548092789689,2.49996647762527,-4.49933394980917,-2.19867655683697,-1.05714365710911,-0.683291198451492,-0.494815840434995,2.40540724376048,-0.0531952204227274,1.40805415890667,-1.98336457261169,-1.49716514540625,2.31984997861715,1.47856020088682,-0.0100260957955911,0.480937167052788,-2.93277730979892,0.379558092095889,-0.475983069341568,0.287987094666105,0.132667424514033,-0.123185585894763,0.262197374453022,-0.295117136527659,200.0,0,1.0902585240594227,1,Anomaly,Reconstruction error exceeded the anomaly threshold.,1.0902585240594227
214662,139767.0,0.467991939825149,1.1001181155631,-5.60714499999017,2.20471352581391,-0.578538842835423,-0.174199760931247,-3.45420147180469,1.10282268929697,-1.06501551547524,-5.41603688884657,4.49792897288062,-5.01960988798824,-1.01969120130359,-7.91498900748283,0.669648023350281,-4.47201433366572,-5.8569977597527,-2.2431779037749,-0.17381402447058,0.589574721718141,0.983480729453912,0.899876105807612,-0.285103424654105,-1.92971710448514,0.319868526124677,0.170636428415686,0.851798305715368,0.372098282227753,120.54,1,1.0885302570443607,1,Anomaly,Reconstruction error exceeded the anomaly threshold.,1.0885302570443607
181254,124893.0,-9.99991085242736,5.6466922496633,-1.91267415613681,-0.602985956210558,-4.62205202518758,0.641330492251859,-2.82804556177812,1.8864311522445,5.57875562523509,8.69293342806373,-2.13516137843589,0.585015512160061,-0.28396111341519,-2.20284090561603,-0.870601178948195,-2.22952414872428,1.11000393881867,1.53478759810917,-0.685947970376541,2.49619661556766,-0.516223352586099,-0.683685136297502,-0.14722812448179,-0.0724596786364196,1.96912732800723,-0.155082656708397,1.63638883020114,1.01822155448071,20.0,0,1.0878457714054008,1,Anomaly,Reconstruction error exceeded the anomaly threshold.,1.0878457714054008
241445,151029.0,-3.81821371829341,2.55133767783118,-4.75915831591909,1.63696695878653,-1.16790008391088,-1.67841338780471,-3.14473247208576,1.24510555037845,-1.69254135414833,-4.75993137385013,3.64225693939881,-4.165202322571,0.703069875094878,-7.62431631397779,-1.49801239964762,-4.07999232998846,-6.71717654755023,-1.88754964911755,1.35674828969143,0.164453445972909,0.837685440079622,0.761712127064149,-0.417694265920243,-0.469712471536136,-0.225934235750846,0.586415248500604,-0.348107405939032,0.0877768724326224,10.7,1,1.0854354905965269,1,Anomaly,Reconstruction error exceeded the anomaly threshold.,1.0854354905965269
18809,29785.0,0.92376442016477,0.34404807190464,-2.88000365579163,1.72168007534123,-3.01956477860235,-0.639736122583852,-3.8013245024591,1.29909588513018,0.864065471140902,-2.89525166830126,3.02816223099618,-2.54917730779636,-1.56043182473423,-2.97131675769274,1.07889539651163,-4.70201182527384,-4.90809850732764,-1.5088732903485,3.0016850593747,0.170871765618069,0.8999311755668,1.48127100376248,0.725265549161058,0.176959582872624,-1.81563797523647,-0.536517111308732,0.489035020411905,-0.0497285787992942,30.3,1,1.082349707887586,1,Anomaly,Reconstruction error exceeded the anomaly threshold.,1.082349707887586
233963,147770.0,-6.27212627102042,-1.43934416980988,-0.213134591526728,-0.644359616828756,5.34890152491209,-3.10771358117579,-2.02665159839761,-0.546255232401472,2.40494169141083,3.21247380909092,1.16192559830162,0.199721982008689,-0.764664628650492,-1.91654740065965,-0.242888038511946,0.76689360860851,-0.4123540935914,-0.219676616007731,0.107595357288659,-2.21226147305552,-1.91029943423733,-1.48264993410777,-3.29942547287438,0.49727187519728,0.578255059120265,0.331865094164723,2.49773549825495,-0.453133157361015,11.28,0,1.0794009664839868,1,Anomaly,Reconstruction error exceeded the anomaly threshold.,1.0794009664839868
10204,15817.0,-4.64189285087538,2.90208643306647,-1.57293870931742,2.507298518227,-0.871782564349351,-1.0409025722626,-1.59390073966645,-3.25490508581579,1.90896268593707,1.07741752106048,3.33850216040272,-6.54261034532574,1.09953638182128,-3.26647554459315,1.01472790444294,-4.84238307827835,-5.269876299726,-2.34466857415508,1.95922405409272,-0.465679220344122,1.96359666634146,-0.217413915973245,-0.54933995583883,0.645545202036521,-0.354557818794591,-0.611763845006479,-3.90808047547799,-0.671248265147117,11.39,1,1.0646212707200298,1,Anomaly,Reconstruction error exceeded the anomaly threshold.,1.0646212707200298
15168,26525.0,-3.1566080824148,-2.89517140490853,3.30096419412489,1.55056201000505,16.1608238717561,-8.7105356699682,-17.9369656519439,0.492346800464547,1.85180879037174,3.33323351748174,2.09853707129625,2.72336339987079,-1.2365511526754,1.27473296133424,2.22856141431195,-1.46945645835488,2.11783442050864,-2.82784568449516,-1.17390949282991,-1.44438808304945,0.831647372356393,-4.1204100496088,-26.7511186627687,0.002921936498585,-7.49574110405709,-0.37696421471597,1.81164679115817,1.05689072655627,8.94,0,1.0625526174130677,1,Anomaly,Reconstruction error exceeded the anomaly threshold.,1.0625526174130677
251904,155554.0,-1.04006722316026,3.10670266443901,-5.40902719870311,3.10990342442989,-0.887237039790953,-2.49752183582566,-2.07334746311485,0.639818099305764,-3.01333057190308,-5.9548382969224,3.58639450927204,-5.51714762692598,0.683652475018798,-8.5604228759795,1.85609491585409,-4.87824808848093,-4.33599801203682,-1.3771910852015,3.0573817418767,1.05439010295385,0.773960867519738,0.214868420362258,-0.184233022038014,-0.284091370881042,0.493466608549931,0.732328821135949,0.675066703315442,0.337076231470716,94.82,1,1.0576950496438096,1,Anomaly,Reconstruction error exceeded the anomaly threshold.,1.0576950496438096
155296,105064.0,-16.6540047211667,-16.7467946740831,1.308989031487,5.48662581690012,18.3108572205109,-9.14923628153399,-13.1991956209254,-2.25059614794992,5.20197472191474,6.4655943171994,2.87706247951307,-1.20526958156409,2.39025967658143,-0.341697202713272,1.45363185392061,1.92475541326184,-0.483107903820399,-2.51582319618983,-0.244454398936242,-12.7255739448709,-3.83142166862486,-0.525765269813087,-10.7012281110181,-0.238222363654802,-2.28045727979448,2.68018220766436,5.75975383945917,-1.65724445959294,102.24,0,1.0557017271230025,1,Anomaly,Reconstruction error exceeded the anomaly threshold.,1.0557017271230025
22932,32507.0,-21.5674192800192,-20.2839584375064,-6.18432617202475,4.28634368449632,0.377634786680767,-4.10602966264645,-3.98315317460852,1.33191032901646,4.10090236670199,-1.61459960259223,-1.22216193178805,3.14824619836203,1.4831446023166,0.892292435334627,0.716758636292952,1.62805282906786,1.40797093198317,-1.25211818004216,0.131955884954848,-4.64833739822635,-1.8443864916086,-2.21261133198094,-13.1625454986108,1.53874410251068,-1.82680977437,-0.158599419260858,4.98513965606668,-5.83972949158988,650.2,0,1.0528663916718675,1,Anomaly,Reconstruction error exceeded the anomaly threshold.,1.0528663916718675
42009,40919.0,-2.74048250153169,3.65809481979987,-4.11063552027473,5.34024166876747,-2.66677476000958,-0.0927818149405728,-4.38869880914515,-0.280132705503576,-2.82189458229917,-4.46628416302479,3.96979981229186,-7.34671678644283,-1.16331176961366,-8.22556891234807,0.82500183194645,-6.77286703365235,-8.81578542555918,-4.56885928410549,1.12659865645629,0.185325269832133,2.41749541196206,-0.0977119508973041,0.382154506973307,-0.154756519767143,-0.40395592644091,0.277894930235294,0.830061638644528,0.218690442242457,112.33,1,1.0324286125999456,1,Anomaly,Reconstruction error exceeded the anomaly threshold.,1.0324286125999456
169487,119729.0,-5.32809881712573,-0.561825321329328,-0.629321625239443,-1.3508698971009,4.67476851923021,-3.0976532040634,0.085242192047468,-5.37295726591181,2.69746816433241,4.0471465737944,-0.287043609349778,-0.835546074441136,-1.56673195932553,-1.19058782011152,-0.523540131355666,-0.786356610018045,-1.11614338276761,-1.21390684821331,-1.05930854431125,-2.05415040258444,1.8752748949813,-0.32387586085835,-2.31915621035971,0.289312796309425,0.949924146891758,0.791062768486557,0.692909064150366,-0.697658318163664,2.0,0,1.026993626536072,1,Anomaly,Reconstruction error exceeded the anomaly threshold.,1.026993626536072
43432,41508.0,-32.2734697508194,17.9305504474842,-32.4541981862547,6.55515150338933,-23.2364034992243,-4.48706641127149,-22.0304169059265,18.282167610167,-3.79756328326756,-8.10211962305318,3.49283222619048,-4.74833066674411,1.36619921521097,-3.6891812915722,-0.266117797636724,-4.60671965490335,-10.5155072980476,-4.53914772717545,0.332819694371177,2.41800086129014,0.581453962899513,-1.93144025993773,-0.895688837257298,0.143892731058132,2.34334089187043,-0.211099594796605,1.12905728937523,0.377602191445245,89.99,0,0.9985580696956952,1,Anomaly,Reconstruction error exceeded the anomaly threshold.,0.9985580696956952
15225,26585.0,-19.8563223334433,12.0958932259299,-22.4640827464876,6.11554110191771,-15.1480215209615,-4.34672408349599,-15.6485074722661,13.2768048056341,-3.97416161954102,-8.85919405880884,5.73081553744459,-8.08803351213651,0.230824969324902,-8.57897327333454,0.000946636693186,-6.94774606726094,-13.4728970076501,-4.94021082886802,1.23014255193802,1.58292955492187,1.75072984045421,-1.40963570908141,-0.809809278333882,0.121396659905885,1.35030007077468,-0.224291873525585,1.59762136835254,0.476919818025438,99.99,1,0.9939859976233261,1,Anomaly,Reconstruction error exceeded the anomaly threshold.,0.9939859976233261
81186,58822.0,-4.38422089880268,3.26466481012305,-3.07715801666012,3.40359359659281,-1.93807528041028,-1.2210812776781,-3.3103166090276,-1.11197501012863,-1.97759328056305,-3.28820356526528,2.88609147657536,-6.84897793447677,-1.02923459062256,-7.46010298330266,0.0559060176229105,-4.33478342671028,-9.87456039324105,-3.54190332932228,-0.531558760456647,-0.141533268810834,2.07638272101207,-0.990302787008607,-0.330358452316133,0.158377625833497,0.0063514462492984,-0.493860013315231,-1.53765237842389,-0.994022490842227,45.64,1,0.9464550376073396,1,Anomaly,Reconstruction error exceeded the anomaly threshold.,0.9464550376073396
280143,169347.0,1.37855899734127,1.28938093711056,-5.00424678441137,1.4118498419441,0.442580635567782,-1.3265359338336,-1.41316995590712,0.248525467627175,-1.12739593417081,-3.23215317539514,2.8584658156696,-3.09691489835154,-0.792532436177748,-5.21014084572584,-0.613803263850514,-2.15529688535221,-3.26711568106648,-0.68850546268346,0.737657217477667,0.226137945500703,0.370611857232494,0.0282344454140697,-0.145640429197154,-0.0810494069107769,0.521874501959455,0.739467256056059,0.389151843520624,0.186636547522687,0.76,1,0.9323852846292738,1,Anomaly,Reconstruction error exceeded the anomaly threshold.,0.9323852846292738
232667,147257.0,-2.89278004279237,1.20376567889778,1.44818576753336,0.236588949638309,-1.76065431162406,1.61498569062746,-1.70975057351586,1.47822181190203,1.01753825475091,1.52852160765984,-3.04217726707263,0.426655042069382,1.20954299708254,-1.484284953409,-1.2686475992327,-1.85461903606258,0.537909886399209,1.9470972458151,0.341347809595508,0.282422080062483,-0.479394211038418,0.017228817617248,-0.326408850463868,-1.06472161981222,1.00665699385505,-0.0520461925331247,0.801166588597307,0.567928215152427,20.0,0,0.9323296229329101,1,Anomaly,Reconstruction error exceeded the anomaly threshold.,0.9323296229329101
245273,152675.0,-20.6895310378187,-16.1029209571521,-8.71673637133453,5.02635619692808,-3.54685972523525,1.8958463571095,6.31616416083346,-2.83713082089086,4.89919418373938,4.58271969786243,1.31662398083259,-0.027857043270792,1.24287462264394,-2.22717628616135,2.65893308167977,3.61441346495674,-2.71829571994706,0.019131890099784,1.1755358502383,-13.5760292462889,-4.52315548504168,1.49604675961518,-0.223975053881006,0.44704145331842,0.620717417125778,-1.13138840484691,-9.84580769277898,15.4070194068455,398.0,0,0.8927764587669039,1,Anomaly,Reconstruction error exceeded the anomaly threshold.,0.8927764587669039
62945,50486.0,-4.23895643063668,-5.4274354408551,2.24284039688469,-0.659387172407887,1.91624015491115,-2.23995788302767,-5.21663576565546,-1.16823060677992,0.172064662954873,1.68922397408747,-0.0267143285394094,-0.412540453887352,-1.77451895627873,-1.01232362323674,-2.38515173015595,-0.321053291455773,0.88246691078587,0.525309111621662,0.104500239680488,-2.70037679807697,0.879252659894101,-0.219614809499188,-1.28805565711216,0.718234389695554,-0.9441423605233,-0.243184631202815,1.50604669286583,-0.261818523107847,96.0,0,0.8868487467850807,1,Anomaly,Reconstruction error exceeded the anomaly threshold.,0.8868487467850807
76683,56697.0,-20.8652387116764,-24.2664408257614,-3.77637215908573,3.43415349807797,5.29641647391643,-5.40751822855753,-1.57587103175023,0.29593667525611,2.13807066010496,-2.02946585963446,1.866938294834,1.92679990542229,0.969197309101901,0.939333687650425,2.63217436100372,1.99811990907542,-0.65684203282632,0.0141736827395588,-0.827966162928251,-1.95449374211733,-0.872969079251975,-0.503270281227422,1.44757412472001,0.280159347842819,0.890905838191949,-0.22488717352877,3.48163283233826,-6.62137712208029,152.83,0,0.8796635888980328,1,Anomaly,Reconstruction error exceeded the anomaly threshold.,0.8796635888980328
6108,6986.0,-4.39797444171999,1.35836702839758,-2.5928442182573,2.67978696694832,-1.12813094208956,-1.70653638774951,-3.49619729302467,-0.248777743025673,-0.24776789948008,-4.80163740602813,4.89584422347523,-10.9128193194019,0.184371685834387,-6.77109672468083,-0.0073261825777121,-7.35808322132346,-12.5984185405511,-5.13154862842983,0.308333945758691,-0.17160787864796,0.573574068424352,0.176967718048195,-0.436206883597401,-0.0535018648884285,0.252405261951833,-0.657487754764504,-0.827135714578603,0.849573379985768,59.0,1,0.8749685368818129,1,Anomaly,Reconstruction error exceeded the anomaly threshold.,0.8749685368818129
44556,41991.0,-4.56634156694274,3.35345148012501,-4.57202780762531,3.61611930403552,-2.49313810882875,-1.0899997127127,-5.55143306976649,0.44778308394893,-2.42441402571208,-5.69992228265959,3.58682418337431,-6.63622904939297,-1.1281764439465,-7.24554959537009,0.638325536245456,-6.85681003898144,-8.85187850534679,-4.5918832274368,0.936939858866071,-0.249127726683026,2.67446587862872,-0.0208799797343963,-0.302447083877198,-0.0863964000107124,-0.516059779833395,-0.295102234035121,0.195985145691014,0.141115102721758,1.0,1,0.867345138550652,1,Anomaly,Reconstruction error exceeded the anomaly threshold.,0.867345138550652
262839,160669.0,-31.972535625915,-22.7091129979156,-13.9426352954062,12.132323078978,-12.2172430597578,6.72172688146454,8.95614049971926,-2.10017055415072,5.79587749281114,7.01511213423954,0.726982238674955,0.83079826908619,2.5012333599027,-2.39326547036143,2.65324618334712,4.79980179285506,-0.61251680451263,-0.669212869043648,2.86195483761781,-14.5409127832822,-6.27920686653918,-1.29631065642007,-14.0780824216479,1.5192637790631,-0.562651717900206,-0.0181759122041739,-6.61755490813977,15.1241033528194,1441.06,0,0.8639716047152806,1,Anomaly,Reconstruction error exceeded the anomaly threshold.,0.8639716047152806
204064,135095.0,0.232512476136408,0.938943680000523,-4.64777987861917,3.07984368774547,-1.90265531863884,-1.04140751952949,-1.02040664482631,0.547068603184495,-1.10599029357172,-3.52012767367189,2.07411645462861,-3.01077173816878,0.694977689554512,-5.38783122686352,1.778669797797,-2.93580442477364,-2.28557270821558,-0.237055632781029,1.97974707098703,1.14161507545704,0.911372759326949,1.04292865643844,0.999393887913078,0.901260455221573,-0.452093168108936,0.192959213794113,0.180859449380341,-0.0293153378913553,345.0,1,0.8586498370019382,1,Anomaly,Reconstruction error exceeded the anomaly threshold.,0.8586498370019382
228777,145659.0,-3.4503937783064,1.57470218062191,-1.23262200525757,-3.06790730204631,-2.38185405196762,-0.557956424226841,-2.17151150083038,2.50086423655359,-2.88244984722416,0.189133979657474,-0.797238544917737,-0.0025523747141893,0.0452278257023159,1.39859265280516,-1.54073089320633,0.513191773967865,0.944420477417425,0.733540411250198,-0.345792352330207,-0.899232388699205,0.0682744250477536,-0.240608619483573,-0.1725091112177,-0.591779274641567,0.908637542461687,-0.11896234382537,-0.88560823574774,-0.304857166096874,15.0,0,0.8543006272435315,1,Anomaly,Reconstruction error exceeded the anomaly threshold.,0.8543006272435315
41670,40778.0,-6.78938818459392,-0.820586804944875,-2.03186922443266,-1.50229706744268,-5.45992918419108,-0.883117206925602,-1.85568528067505,2.84223348700234,-1.71344733231096,0.862239365219883,-1.53444386464477,-0.910989416164989,-0.853095526044496,1.52307619661706,0.702683023637337,1.28595389436969,1.39984915928913,0.686214042941189,-1.40454072602969,-0.366191218342394,-0.154845887002318,-0.709187477422828,-1.31128845551244,0.760902412085128,0.284365335164537,-0.34077026652513,0.266896412727861,-0.324850917253249,215.09,0,0.828570391513305,1,Anomaly,Reconstruction error exceeded the anomaly threshold.,0.828570391513305
30100,35771.0,-3.21895201068387,2.70853541135777,-3.26304158740062,1.36186594394607,-1.64577567536596,-1.85298187130258,-3.06995821412732,-1.79687585578416,-0.213356097435365,-3.55198400939375,3.77974953895486,-6.98477147722078,-1.14097718858781,-9.37787845231763,0.921463506707037,-4.65207119462111,-9.09423129737693,-3.08254995409724,0.132330776389272,0.571654488206511,1.80787725006384,-0.890421395077162,-0.325814386573867,0.123039596922715,-0.0930137472776971,0.232105969675678,-0.310518998304807,-0.745294626799623,60.6,1,0.8247071118116319,1,Anomaly,Reconstruction error exceeded the anomaly threshold.,0.8247071118116319
14920,26217.0,-17.9506309618309,11.0670686608049,-20.7426595223452,6.07553050760549,-13.3897649672385,-4.53288835377002,-15.1881457975285,12.1010620553144,-4.02687989330881,-9.01741297442937,6.07064975176212,-8.56786450085983,-0.0019002661806679,-9.30123300164911,0.0197959820179134,-7.35212004645984,-13.923225303931,-4.98830380644959,1.34765631107896,1.71290938237055,1.7971341252338,-1.27567465936041,-0.705045810296498,0.102039840024336,1.17747721389029,-0.23873007615266,1.55446335204436,0.547947820129286,1.0,0,0.8224779273173173,1,Anomaly,Reconstruction error exceeded the anomaly threshold.,0.8224779273173173
74815,55772.0,-4.61315915258206,-0.804449296629676,1.65132915741051,0.162343394256165,0.905781426489685,1.04315178382775,0.236933715882921,-7.97522519317006,2.80940061111018,4.27870386212533,2.65745265275438,-0.867908607499791,-2.09416837088973,-1.80040899873656,2.31840763685446,-0.949930090796783,-0.386642360239833,-0.224705436368327,1.97998890421084,-2.60720538470376,4.04972444132995,-1.17798963145967,1.77654118851344,0.211125506111076,-0.509999496759931,0.914622929606374,-1.53586841551727,-1.2786121250338,33.49,0,0.7988997613511374,1,Anomaly,Reconstruction error exceeded the anomaly threshold.,0.7988997613511374
48094,43494.0,-1.27813773524814,0.716241580332591,-1.14327922918382,0.217804800631468,-1.29389046969973,-1.16895152511977,-2.56418198278833,0.204532467641239,-1.61115462297744,-1.25028553742691,3.36736102310858,-4.58309584545642,-0.806939683730076,-5.20830522179452,0.525823682164556,-1.81591431259746,-5.24911146794949,-2.19669120679566,2.10905264474381,0.817203155491914,0.490182667533974,0.470427403079725,-0.126261344339209,-0.126644458784455,-0.661907559467122,-0.349792996571914,0.454851068382725,0.137843477172283,24.9,1,0.7967704172066149,1,Anomaly,Reconstruction error exceeded the anomaly threshold.,0.7967704172066149
236412,148796.0,-2.65410094287796,-1.5701459797894,0.758496182628781,-2.38249431898084,0.146906334134906,-2.12184342446838,-2.57368314771026,0.323856409974579,-0.354088924293456,-2.71036820612026,0.188612041554665,-1.3935863362582,1.29273541210021,-2.83787025024804,0.291849907700484,-3.92984641464483,-3.80720075059497,0.177418968732865,-0.321599382139252,-0.0993610200241734,0.241452477891974,0.349840096800912,-0.403684668225823,0.0342423495510125,0.884116399074649,-0.0033725058927772,0.239817523962539,0.450170752793733,9.86,0,0.7899952802226127,1,Anomaly,Reconstruction error exceeded the anomaly threshold.,0.7899952802226127
31618,36438.0,-6.7089925532257,-4.0396093594142,-0.638461066097215,2.00029501646647,1.47844254324903,-0.172367236961324,0.874846568097301,-2.63489547412468,0.823507850130451,1.99208718750813,1.74240165075179,0.836384985311421,0.893569992764784,-0.578798869939384,1.28506980889359,0.0521638257917833,-0.712690495265509,-0.0773233358955738,0.973666777543383,-3.26899461901959,0.642298577488475,0.433538462984994,1.42720173810415,-0.251323550703104,0.436803624527526,-0.389097846880152,-3.07749164618071,5.6786710104695,23.9,0,0.7778036436412497,1,Anomaly,Reconstruction error exceeded the anomaly threshold.,0.7778036436412497
14211,25254.0,-17.2751911945397,10.8196653713117,-20.3638859739149,6.04661174671427,-13.4650333517322,-4.16664724489873,-14.4094479851747,11.5807967244857,-4.07385571204177,-9.15336803834587,6.21088301172371,-8.77857203246194,-0.0613674966661798,-9.57466229922106,0.0492885399107771,-7.41848727872681,-14.1027718764864,-5.01642333521081,1.39031436050276,1.54497046707519,1.7298040916597,-1.20809608165502,-0.726839224163999,0.112539673508366,1.11919347248491,-0.233188990129274,1.68406299250578,0.503739738280361,99.99,1,0.7726845604583461,1,Anomaly,Reconstruction error exceeded the anomaly threshold.,0.7726845604583461
155741,106263.0,-16.9701751098761,-17.4054207676104,-2.74063841888583,9.40075370824286,8.53159623233375,-3.30590116767305,0.635567344391476,-2.66104207580546,2.09815964607862,4.61779509867669,2.36472762692361,-3.01152526150996,3.55603819878504,-0.29562106330738,1.72860693125627,2.24653289296139,-1.24167830219067,0.427522290591557,4.16020987733091,-15.2140330026617,-5.48304908715362,3.78525472038358,12.1222924789545,0.606023207437845,2.76808352188201,1.42849933299869,6.94365902619747,-3.8595620033608,280.91,0,0.7723869681442864,1,Anomaly,Reconstruction error exceeded the anomaly threshold.,0.7723869681442864
14197,25231.0,-16.5986647432584,10.5417508026636,-19.8189818085279,6.0172946473619,-13.0259010501237,-4.12877900260013,-14.1188648469369,11.1611439952369,-4.09955143059712,-9.22282550730978,6.32936467621872,-8.95219071159749,-0.138363691274054,-9.82505442102721,0.0572235922374037,-7.54168742379503,-14.2595985921417,-5.03505152375192,1.43226792970939,1.53491982113512,1.72585282658181,-1.15160577552799,-0.680051901875725,0.108175914514646,1.06687834149611,-0.233720431391328,1.70752055210726,0.51142316911239,99.99,1,0.7290489232669077,1,Anomaly,Reconstruction error exceeded the anomaly threshold.,0.7290489232669077
236265,148738.0,-5.65232813843975,-6.51197303439602,1.80555488616136,2.83254954849695,1.13872070116505,-0.367437089396229,-0.586820432425113,-0.113709681640426,1.48133473495032,0.547702953647118,-2.02261974136398,-0.601206229935434,-0.635629674346924,-1.88704625257499,-2.21248976773267,1.31111825462364,-0.525008060164784,-0.444313167711248,-0.673687831373468,-1.75486852424189,-0.599705645705113,0.85444701403257,2.45059685710837,0.16465698537862,-0.511417885134281,2.30208637782807,0.519602447251085,0.100379153970138,492.68,0,0.7259489779492456,1,Anomaly,Reconstruction error exceeded the anomaly threshold.,0.7259489779492456
80632,58579.0,-2.48359580594908,-2.80779183291006,3.03307308252379,0.28802147619363,1.59695359742875,-0.823101626725169,-1.35947835427617,-1.21770238161197,0.459672257451715,2.36774713414951,0.291030106060888,-1.08884342970449,0.256512767079503,-1.92242657920207,1.90016590857444,-0.101168732580402,0.668151764463333,-1.49104420567651,2.24025823715515,-1.15053940003712,-0.394864513349721,1.28527803704698,-1.96271650431283,0.358893105806226,-0.33358869275892,0.145690781590734,-0.156583496621185,-1.47165680096987,139.0,0,0.723866057650399,1,Anomaly,Reconstruction error exceeded the anomaly threshold.,0.723866057650399
241796,151190.0,-5.67899823958003,0.91813049046564,-1.11745279413054,-0.590949858867488,-1.63667683240283,-0.413234279264838,-1.35487513343727,1.83669788372613,-0.835367854119352,0.958675156900929,-0.722362068540025,0.277726019655755,-0.771428238002563,1.15508628520995,-0.865140683940371,-0.172371767572996,-0.172979135385421,2.15597303439765,-1.29136670555612,-2.0993452264378,-0.466765648950326,-0.536638410844749,0.245447425230715,-0.407182833329746,1.02972563797529,-0.665404214318681,-1.17891378399755,0.0968229944739339,25.0,0,0.7228585517690133,1,Anomaly,Reconstruction error exceeded the anomaly threshold.,0.7228585517690133
187640,127622.0,-3.6652722675151,-0.455168953923102,-1.47701534887157,3.7684841182373,3.94906294255751,-2.15359001667509,1.9273963107803,-1.03090133809782,-1.72043350537964,0.754536838015475,-0.261669226123091,-1.66546811758777,-0.800975366837026,-2.74724268612923,-0.799295554292357,1.06614207937224,1.48828848383356,0.569262543565797,-1.68289855637762,-1.74983568853657,-0.377273664788386,0.699966651154801,0.452412919303344,-0.19904514073285,1.13883830814867,0.359276626875252,-0.799889557086628,0.881857812873924,1.0,0,0.7151614215623355,1,Anomaly,Reconstruction error exceeded the anomaly threshold.,0.7151614215623355
151387,95478.0,-3.2909784596104,-0.16086329348208,0.557803945098706,0.0254896825539305,2.07094318549829,-0.770240287892311,-0.782419615253006,0.0205382185549238,2.79611444301489,0.993600416892594,1.29603931319507,-1.48775866062314,0.984000716205878,0.813883747294087,-3.06173710861105,-0.710483384228554,0.685600027737154,-0.457006702203078,0.623085737914074,-0.785126504068867,-0.929655423010057,-0.881548895841379,-0.951531429268771,0.758388866078156,-0.0717398689564502,0.0438590651075229,0.760513575513024,0.589878241404178,0.01,0,0.7109075444653467,1,Anomaly,Reconstruction error exceeded the anomaly threshold.,0.7109075444653467
96962,66022.0,-2.9494546460375,-2.41803245307699,1.67912279699477,1.84835927555374,0.88644817635125,1.88307272651126,0.504165889630436,0.0914288904679491,0.400653125942788,0.229891954314582,-0.5075434937176,0.957278851363581,1.09911845189256,-1.62499297173203,-2.54170579827869,0.174807818448049,-0.390354072799928,-0.45080253338009,1.00452235599953,-1.13867160045765,-0.765742673281106,-0.0112230080626305,1.87499998406708,-1.24952184754941,0.408792544691763,1.00799578212177,0.407938623243853,-0.677290599889746,229.9,0,0.7095546020584825,1,Anomaly,Reconstruction error exceeded the anomaly threshold.,0.7095546020584825
52524,45502.0,-7.23466336596796,4.01391071480448,-3.88389416529893,-2.68681369127532,-11.9407016247257,8.14105476343761,3.63122682539386,-19.0139246817904,2.9924967586215,-0.498931702250231,0.577342245343187,1.1809326141735,-0.312518300183741,-0.203609548893512,1.81768866968209,1.52416860069585,0.269330045634672,-0.598960826675418,-0.80995075518123,-8.88485063998901,13.392985576111,-6.1296796529319,-9.83509453270083,1.4130671255565,-1.92000539184997,-0.252660162599926,3.71743557297271,-1.34696235723119,3050.69,0,0.7081397067580251,1,Anomaly,Reconstruction error exceeded the anomaly threshold.,0.7081397067580251
22499,32277.0,-12.2164586890921,-11.8798681044736,-0.990095829922963,1.4147931556614,2.7373830828152,-3.81185315437994,-4.55739288747392,1.18275105272862,3.3625261749977,-1.70666645203699,-1.29484834108804,2.17521683779838,0.38851885810097,-0.0290269696966208,-0.316934446778221,0.0167763893382526,1.08959785951803,-0.86521716417281,0.263995178619789,-2.04341159093896,-0.763821807872956,-0.857213891073617,-5.92312306456829,0.833853893181721,-0.532392377869586,0.0122422988864037,3.19926392221682,-3.69221677030654,450.96,0,0.7066820603396817,1,Anomaly,Reconstruction error exceeded the anomaly threshold.,0.7066820603396817
284249,172273.0,-9.03053758557667,-11.1125842542723,-16.2337976644689,3.59202094411477,-40.4277263001722,23.9178371266367,44.0544613631638,-7.27777810792408,-4.21063731756527,-7.77643452992317,0.214172732984886,-4.49985114387166,0.24100546098536,0.537895096482713,2.9019379219584,2.32609902865444,-0.402142167443002,1.25737914875607,2.00814513637096,2.45455255055959,-0.269047872221174,0.988143688041221,7.0400279281398,0.347693499027976,2.52086889415488,2.34249451257631,3.47817546067884,-2.71313604337422,10199.44,0,0.7037041167631136,1,Anomaly,Reconstruction error exceeded the anomaly threshold.,0.7037041167631136
100085,67410.0,-2.95959341285133,-2.17095393129992,2.76194018531927,-1.19335056941738,-0.0102944314267537,0.679285846214424,-1.16080240821417,-0.585942125772279,1.02192082966835,0.930520246795586,0.22140332886448,-0.851277759310724,-1.97916759360709,-1.62652165144079,-1.90880580861565,0.773297652123839,0.431959897401956,-0.984732198262387,0.762140536946992,-1.00035684033113,0.394183373487551,0.813670457858709,1.12758715317143,-0.305690341412428,0.87387670436794,-0.0203436572653279,0.640694164701771,-0.639554366345985,4.8,0,0.694126018153837,1,Anomaly,Reconstruction error exceeded the anomaly threshold.,0.694126018153837
138706,82802.0,-11.6367043106373,9.12733458711508,-6.0552246448296,0.479269022784714,-5.03510605925659,11.4239210645956,-21.7016004796739,-50.6884193567503,-5.94520194371825,-8.53176989162681,-3.38638518899372,4.29951125250799,-2.88864317010604,7.51840278124594,0.0198184279838721,1.94329703059569,2.41850062429699,2.54838144837708,-3.51011391228584,10.6092198758976,-22.7575398590576,7.35725516177051,3.40764636443791,-1.64178404350086,-1.3955296663248,-0.359248618994772,-0.0226311247399591,0.242547638039431,305.25,0,0.6906541591155995,1,Anomaly,Reconstruction error exceeded the anomaly threshold.,0.6906541591155995
102989,68448.0,-7.6887176798047,1.76561804784754,-1.99673045681225,1.55244976076064,-5.2488337490003,2.21936814197114,-5.32246366229492,-1.29404491292515,-0.994252248283973,-0.526159840332004,-0.743615351773475,2.77940903625177,0.108799626705633,1.93261659517743,-1.99742700811029,-1.26708238174285,2.64554261648548,1.5307570837652,-0.101988888799108,0.654553437027035,-2.87560007976968,0.242345560451501,-0.507253481672374,0.287557328704128,0.247725211049401,-0.134252029094945,0.0976595693922539,-0.273111065601561,105.0,0,0.6903583771982867,1,Anomaly,Reconstruction error exceeded the anomaly threshold.,0.6903583771982867
68631,53074.0,-16.2755035614708,-3.69891455439773,-4.44803910905881,3.73596451271555,0.773763237869315,1.79219310469669,-11.5653178635141,-16.1939149890878,-0.785193868790041,-3.45766942584333,-2.91661807251971,1.87399682515592,-1.10210646551434,3.61404106136495,1.83486575606169,3.37178016095471,1.12843284843471,0.363723400058761,1.35918221335652,-6.78707299263155,-12.0828138436349,4.29561629468557,6.97460700565774,-1.13441953354598,1.92170398019088,0.404957954379161,3.09744858375383,-2.88436176219251,1.18,0,0.6809236175141635,1,Anomaly,Reconstruction error exceeded the anomaly threshold.,0.6809236175141635
222133,142840.0,-3.61385045502803,-0.922135693038651,-4.74988736419275,3.37300132781874,-0.545207025424103,-1.17130106266974,-4.17231457141019,1.51701594293521,-1.77583268078792,-3.75405392305562,2.73157578227581,-3.48937464729063,1.54738008909916,-4.57126773103714,-0.517958568740869,-4.23908653141223,-9.25063451000699,-2.4348278029986,1.98738627690236,-0.320540972806239,0.7867870185412,0.893064859228385,1.03490656705841,0.097671080445461,-1.34555112500186,-0.788328913242689,1.05544197476733,0.0999714026087802,144.8,1,0.6783628241465395,1,Anomaly,Reconstruction error exceeded the anomaly threshold.,0.6783628241465395
30947,36149.0,-5.42655827570272,-3.47389883364342,1.51030445837044,2.68144352101578,2.07993257684128,0.153337935780863,-0.94235249243201,0.0810774694218841,1.52304424421417,1.91186877456515,0.659500639610563,0.119577612069279,-1.75210361614935,-1.04049597480988,-1.59372776187808,0.11363190549476,-0.194290559182235,-0.741225769156976,-1.22263419312451,-2.51324603272503,-0.817673048606373,0.911440143702047,-0.244078732618338,-0.124579821761113,0.0184245273600437,0.110796060003124,0.498914994389596,1.14037286114578,172.99,0,0.6755637610643251,1,Anomaly,Reconstruction error exceeded the anomaly threshold.,0.6755637610643251
111881,72412.0,-14.9012597264307,-1.77594442861606,-6.64512142376164,3.26462466588007,-8.17101070524639,3.56330139316556,-1.21035157219903,-1.21835760455758,0.265778322955974,-0.146973058424127,0.372311038923836,2.4498949540565,0.580524726528756,2.63382380465841,1.55665856040654,1.84964002403134,1.80072665810876,0.122696439570112,0.185052683659784,-4.00644501110034,-0.118021614780729,0.238834140884978,-2.35091201046253,0.125868049270818,-0.294904542470542,-0.4142004163409,-3.43624320598786,-1.72153794395646,426.0,0,0.63936948853269,1,Anomaly,Reconstruction error exceeded the anomaly threshold.,0.63936948853269
143728,85573.0,-1.7567118508365,3.26657425418237,-4.15338789695403,3.92452561357555,-1.7537718434176,-1.0057867792296,-4.31321717578502,1.56071190324579,-3.29567366751075,-6.2133552491157,4.52299197543382,-6.6528440527591,-0.12468523386066,-8.60448620191387,0.110359314846888,-5.94548061159606,-9.33893779428438,-2.39019258818085,3.18415235636348,0.874720103498016,0.911427441871296,0.0530612807310541,-0.367700953962814,-0.776337755840596,0.292093831084717,0.025999713844171,1.0629681996854,0.501148168228208,1.0,1,0.6364218390695605,1,Anomaly,Reconstruction error exceeded the anomaly threshold.,0.6364218390695605
77348,57007.0,-1.27124419171437,2.46267526851135,-2.85139500331783,2.3244800653478,-1.37224488981369,-0.948195686538643,-3.06523436172054,1.16692694787211,-2.26877058844813,-4.88114292689057,2.25514748870463,-4.68638689759229,0.652374668512965,-6.17428834800643,0.594379608016446,-4.84969238709652,-6.53652073527011,-3.11909388163881,1.71549441975915,0.560478075726644,0.652941051330455,0.0819309763507574,-0.221347831198339,-0.523582159233306,0.224228161862968,0.756334522703558,0.632800477330469,0.250187092757197,0.01,1,0.634805372285767,1,Anomaly,Reconstruction error exceeded the anomaly threshold.,0.634805372285767
203826,134984.0,-4.73969215212545,-2.76852458875363,-5.07834036645481,2.45286994139318,0.384367738212749,-2.28583851504899,-2.45448402464141,-1.73033820140859,0.561312889299903,-1.53355120396652,-1.03705057746828,0.25179706089546,-0.82354712059225,-1.11178988459806,-0.067047508334883,1.02180500833882,2.86662475971467,1.00162274135292,0.203359816175639,-0.638033957455723,-1.23560732784269,0.717271369594326,-1.0513657344095,0.0602794591804424,-1.95914174346216,0.416285042283579,-0.758174296399435,-0.666624143068886,9.34,0,0.6332796274247907,1,Anomaly,Reconstruction error exceeded the anomaly threshold.,0.6332796274247907
119781,75581.0,-2.86636370525907,2.34694943137396,-4.05330668845935,3.98335888025187,-3.46318571327039,-1.28095301603103,-4.47476383461874,1.21665528478137,-2.30982869782019,-5.51550707258062,3.04839203447565,-7.12825076846601,0.0059558009251745,-7.49518733635876,-0.25108802193356,-7.5680148993231,-12.2236328477344,-4.89517519350497,2.52496746940249,0.270013154062001,1.04973156228305,0.475840283409025,0.404480059350581,0.282029789710327,-0.506901095688855,-0.371741093052833,0.615256964379468,0.803162841917988,124.53,1,0.6256511948865146,1,Anomaly,Reconstruction error exceeded the anomaly threshold.,0.6256511948865146
6529,7891.0,-1.58550536691994,3.26158454822833,-4.13742198305023,2.35709625199132,-1.40504331370135,-1.87943719306477,-3.51368687087654,1.51560674568816,-1.20716636120056,-6.23456133227108,5.45074606689486,-7.33371406736393,1.36119332407831,-6.60806825219469,-0.481069424899829,-2.60247787045261,-4.83511205239717,-0.553026089102902,0.351948943356815,0.315957258937511,0.501543149467536,-0.54686881157389,-0.0765836358993043,-0.425550366841581,0.123644186352002,0.321984539336613,0.264028160503965,0.132816719764592,1.0,1,0.623823252174628,1,Anomaly,Reconstruction error exceeded the anomaly threshold.,0.623823252174628
153398,98904.0,-2.69025134631306,1.46526579377411,-0.691843550525963,4.32285538526228,-1.08687996001749,0.0635848279443602,-2.96687236563346,-0.0596455164754202,-0.0908270766693011,-1.29198032949673,2.96959875104349,-6.83563422212435,-0.2260370795626,-2.48469473267157,-2.20747444431277,-1.88301618113705,-6.67544865157052,-1.27362495266446,-1.16124521295349,-0.632750009970858,1.21139044769588,0.259111530727621,0.610188138078303,-0.119366124343422,0.0280773450822935,-0.0440738416576178,0.0056137978209849,0.557188798704771,0.0,0,0.6175627384948228,1,Anomaly,Reconstruction error exceeded the anomaly threshold.,0.6175627384948228
64411,51135.0,-10.5273044341626,7.63974510878724,-13.4431145027514,4.30340291762786,-8.04820986720506,-3.46699653575204,-8.64319279153494,7.28410530047069,-2.36209663777244,-5.99659592015915,2.5891035399443,-5.9622614216576,-0.468955402702701,-6.77818372152522,0.907946622048306,-3.97013003226966,-6.85761265464239,-2.51173568202806,0.511761951503497,0.847085223070639,0.937415595523653,-0.931178206442092,-0.235696693319785,-0.0313933540844794,0.591558276561224,-0.263516323288921,1.10889729755393,0.219021143211497,99.99,1,0.6157986872146652,1,Anomaly,Reconstruction error exceeded the anomaly threshold.,0.6157986872146652
2792,2341.0,-10.7805648568976,-9.94057071114056,1.70340859813853,3.09495750633631,7.92911869519952,-4.03277695282358,-8.94549579181001,-5.09938949292715,2.29764580037335,-0.234243249438804,-0.452866482761611,2.13473434957813,0.251164535827206,-0.654289910901231,-0.396737056252399,0.170109793117902,0.717255817930322,-1.79490367315784,-0.337864962243955,-4.8294462698257,-4.3998369614749,1.63299990941377,-0.711629142767881,0.645920733593856,-0.549247475691915,0.704801319033547,3.37260277982803,-1.30773179186898,85.0,0,0.6152417157534775,1,Anomaly,Reconstruction error exceeded the anomaly threshold.,0.6152417157534775
175771,122479.0,1.13626071215088,1.86186729981518,-0.521751998149907,-3.22317648251598,-6.52463396173365,6.58499183984997,8.0525249029517,-2.02614637776744,-0.292198395603969,0.149710409764056,1.25333977659657,-1.05668872237411,-0.243852749841084,-1.87809102717976,-0.856382278950177,0.96678830254387,-0.453513488046123,-2.64671455188063,-0.0659181571932837,-3.17942790657323,-1.35616109282011,0.931828437140901,1.43043810055455,-1.5687990410951,-0.912029588652071,-0.576583702639641,1.29429763733911,-1.30351773706692,1848.06,0,0.6096671032014652,1,Anomaly,Reconstruction error exceeded the anomaly threshold.,0.6096671032014652
191296,129198.0,1.40952582651356,0.804289511747351,-1.13291037273233,4.38903287309786,-0.713480405884004,0.38163189867206,-1.9497273265553,0.481482912731115,-1.02973656904453,-0.309068779521934,-0.678747510881377,-2.28594397726003,0.603204415306241,-2.53839679145768,-0.619314717981865,-0.733170602857278,-4.69192101857729,-1.23185596240792,-1.14301301235891,0.0054985415294975,0.472800961261912,0.690422551478421,0.0573138265143024,-0.669953583729952,-0.0121381754216808,0.141409683001447,0.355679486892027,0.113298534864277,0.0,0,0.608718738122999,1,Anomaly,Reconstruction error exceeded the anomaly threshold.,0.608718738122999
5526,5598.0,-5.83907056085476,2.12645814058175,-0.461191134984944,-2.05314695186807,-2.93316743159791,2.90931380989981,-6.27532381771666,-13.4568476478667,1.79721175417946,-0.368951317213711,2.13755811136692,-0.876468556803567,0.643785080123391,2.57124237337139,1.20830354771641,-1.29407358261881,1.61683271532632,2.66546378389784,-0.362190563821869,1.39878133088699,-2.53194490885151,1.07492951017867,1.06146116955536,-0.129582696388508,-0.595259682099549,0.0939309479809241,-0.0260974041563321,0.712209508690763,100.0,0,0.6058571699474294,1,Anomaly,Reconstruction error exceeded the anomaly threshold.,0.6058571699474294
73974,55371.0,-4.42886552277371,-2.19331884886048,-0.00567725511465,-0.601949245368992,-0.143099712002159,-0.945697811086486,-1.86834702429118,-1.19471198569147,-0.311071465861872,4.850230446564,1.30391410712521,-0.358999190284089,1.25803068533265,-1.44306365449861,1.2387773114505,-0.684888147518363,0.171941493782715,0.786817343431874,1.88077963569756,-1.95028056491002,-0.263401722962748,0.794233924712315,-2.37211372101228,0.26370219655303,-2.22578128849031,-0.463765523880643,-2.32846269754602,-1.70259978395913,23.2,0,0.6032084238368939,1,Anomaly,Reconstruction error exceeded the anomaly threshold.,0.6032084238368939
93612,64509.0,-18.913954693888,-22.9779011819255,-0.0767527542528276,6.14032327258024,13.1835329971906,-9.5517725407639,-4.38970539906017,0.303038265078045,1.21162034110413,0.621514763023046,0.528341749896739,0.322013293029224,1.15626042500631,-0.935397610037947,2.58623032852064,0.932908145477028,-0.20384359510992,0.0416000334030317,1.3363094904148,-3.08981526191021,-1.75333315543842,1.33041275920115,19.0029418232927,-0.0213778215213418,4.51368084482898,0.897265422915882,3.0018747195944,-2.12463294185835,2.28,0,0.6024891108686463,1,Anomaly,Reconstruction error exceeded the anomaly threshold.,0.6024891108686463
173353,121450.0,-28.2627748318304,-26.5515146789918,-15.9305859231212,6.94520685716299,-19.203496821093,13.4617367799802,23.7187830054219,-9.41931445777912,5.26477254130845,2.36248763498771,4.02134380506355,-0.229002638767627,2.78818020748996,-3.6618235131736,4.82457742556794,5.19651605603744,-2.57106774350134,-3.97714110535939,0.900340161272848,-21.028271705455,-8.70134062838084,-2.93257491581857,-22.4591701975984,1.77100349629474,-3.68473666819451,-0.10688554088123,4.07187673902844,-2.38308134230275,4861.64,0,0.5993326051882929,1,Anomaly,Reconstruction error exceeded the anomaly threshold.,0.5993326051882929
49054,43893.0,-22.6265920902761,-21.6307033099966,-4.00651303370612,5.60087351266262,6.57498442586994,-5.04692816092291,-4.45831637601164,-2.14871819718169,5.24324110742767,4.22523685686239,2.57015342385743,2.21946679916013,1.13580472272398,-1.68387575159569,1.958315113587,1.8515843363572,-0.488709430978805,-2.67621498493207,0.565874684229433,-10.9623077214155,-4.34677583415597,-1.95308120021997,-14.9169910655433,1.37356497127534,-2.61190948858967,0.488948444670902,0.894735126803024,-1.45994132357924,175.0,0,0.598593779918178,1,Anomaly,Reconstruction error exceeded the anomaly threshold.,0.598593779918178
84397,60287.0,-12.0547699699288,-8.92483040149804,0.20579277972704,4.72350614221773,4.61439061044253,-1.4189488719227,-4.59440848302347,-7.93106187620748,2.67631635421093,2.63769428946694,-0.263043181552363,0.615947029448106,-0.371481479037468,-1.33540417626131,0.348076131393832,1.47502245643734,-0.246525530895417,-1.76985579712368,-0.549921328808854,-10.2389026845764,2.73888623728314,-2.74495597792201,-5.51906519122391,0.790832605993456,-0.121694070349805,0.139958100805898,3.00362425279024,1.22113399032039,891.27,0,0.5966061336394592,1,Anomaly,Reconstruction error exceeded the anomaly threshold.,0.5966061336394592
76251,56476.0,-16.7727030750718,-14.4264149363301,-5.60616623500552,2.82897970071967,-4.85662390622847,1.53844695681083,3.14725896406835,-0.875503309718558,1.76765548619028,1.61218528923214,1.83573678510548,0.938486109485446,1.03028855795517,-0.793011660613486,0.653848054379129,3.10217982885595,0.589796658870961,-2.69419799460843,0.322302211358102,-7.05403962817668,-2.92928339070674,-0.788743692123131,-8.40094080251054,0.775414928656705,-0.619056005941351,-0.272444034986953,2.84724077139442,1.52074978631139,1644.77,0,0.5958699497656555,1,Anomaly,Reconstruction error exceeded the anomaly threshold.,0.5958699497656555
230600,146403.0,-22.2485701381981,-18.4752510053047,-14.3431550171839,3.75227986286621,-4.21176655993344,-0.248068819193441,3.45261924736887,-0.113477282106425,1.22654755238649,2.33527742882582,0.996242616681469,1.62961964486345,1.82681738852558,2.01944962229434,1.10819882407383,3.50777866439357,0.953907759377523,-3.27385810702024,-0.701452910147681,-7.61400407406123,-2.57882337577498,-0.106876579433861,-13.8966977501336,-0.0253847054398898,-3.05108054649388,-0.156797862349996,5.09690074660227,-1.64111830175047,1420.0,0,0.5898539552566374,1,Anomaly,Reconstruction error exceeded the anomaly threshold.,0.5898539552566374
228625,145590.0,-9.72422553962516,-7.18202765055652,-5.83323230006909,-2.71364231131417,3.69861935691921,-2.35750868012187,-0.0311040423215152,0.110245683960077,1.99826374973087,1.59612966816827,0.69719825193795,1.22562933398412,0.263678181792206,0.578482779042961,0.365890748906681,-2.28320127239452,-0.0471884483056207,0.124506529441893,-0.673383588864032,-6.45549337479378,-2.14996774915227,2.14341011679666,3.21523232198341,-0.686704931515588,0.673633915039809,-0.446650218386792,2.74435949871163,0.221816451607227,84.0,0,0.5887314261676184,1,Anomaly,Reconstruction error exceeded the anomaly threshold.,0.5887314261676184
100954,67676.0,-7.10308162173326,-1.70682970883911,-9.72633220660673,1.65758987192446,-31.3567500981166,20.3795243675201,29.2058681826409,-5.49866696154351,-1.36967996699911,-3.71384143868857,2.21240128725354,-1.53450976957821,0.816452073254155,-1.18715740679807,0.949473708199437,4.59481736395015,-1.56037902462902,-0.739443785552182,-2.00465772506901,-8.81744062918114,-2.71949840008814,0.876382497720944,-2.04186487377151,0.60367030145342,0.321987505345461,1.26820809670488,5.86824166251883,-4.07166647480382,6239.54,0,0.5832343952891438,1,Anomaly,Reconstruction error exceeded the anomaly threshold.,0.5832343952891438
106998,70229.0,0.315641749332386,1.63677796226183,-1.51964988293973,4.02857099852445,-1.18679426720391,-0.789813099852487,-2.27980740468004,0.472987926704315,-1.65763500271185,-2.89499040084744,1.60198538284757,-2.82494562476694,1.26920363552044,-5.59136368933409,-0.974827287131074,-2.73779549628906,-4.9615343155062,-2.22479740778771,-0.136117269757132,0.388884849068478,0.345920750226663,-0.1080015945344,-0.165441941824109,0.279894580016653,0.808783092569154,0.117362632970147,0.58959490284462,0.30906407378289,3.79,1,0.5804904229731245,1,Anomaly,Reconstruction error exceeded the anomaly threshold.,0.5804904229731245
270737,164233.0,-8.0525387534926,5.89115783736851,-3.39010482984659,-0.635572851077996,-2.29902167658329,8.00083872186029,-14.5764429861107,-33.7854071933218,-3.7901319929091,-5.32105478144435,-1.77244311288928,3.07353733876288,-2.38806981511342,4.43705705347318,-1.96691689235934,1.34150138672905,0.430510930368282,2.96365993302517,-3.16115727395488,7.10412237339283,-16.6407847901225,5.7077226516112,2.62938688244009,-0.687518232180434,-0.906524418077426,-0.85403411987836,-1.12080625765132,-0.220221312454295,106.78,0,0.5758320290438813,1,Anomaly,Reconstruction error exceeded the anomaly threshold.,0.5758320290438813
189242,128317.0,-17.015894674333,-18.5017229551769,-2.96576344002452,5.98922760370458,7.81156337733218,-4.44012820073598,-1.90523754991612,-1.93820074076402,3.2760865307979,3.75205201845765,1.64274810604066,0.514522722392141,2.19078204970399,-1.98008169986002,3.65431798528424,2.05808362128768,-1.5262504636628,0.319587124878599,5.59197142733558,-15.4489859435992,-5.41409788504003,3.68896019492068,11.360878766534,0.771200421612286,2.27445799692913,1.95451592850956,6.50717095675514,-4.07541672141232,6.37,0,0.5628560881869515,1,Anomaly,Reconstruction error exceeded the anomaly threshold.,0.5628560881869515
271853,164783.0,-18.4791638414017,-15.7269672276444,-9.41011903156091,9.73925674542245,-7.6350131917095,3.55367052912638,4.55010607606556,0.0086848604729328,-0.946744885181297,0.65515299534033,-0.167959672667562,0.90085484990775,1.74679722942585,2.17521935927244,2.13704543877181,3.66858923121335,0.245754873743332,1.25998824037077,0.808516246170327,-1.73318635750506,-0.0371068747527447,-1.7067262159188,-10.1175481781592,1.25013933920601,-2.14165921873672,0.173716384519289,2.67059656433894,-3.09531309281416,1350.9,0,0.5619666049245112,1,Anomaly,Reconstruction error exceeded the anomaly threshold.,0.5619666049245112
153457,99129.0,-3.14111481773954,2.01415371220239,-0.610409333608785,5.94665882891274,-1.86853400723498,0.756736892240363,-3.31384231234087,0.227978180993546,-0.937893804373359,-0.976491830527394,3.05059933586094,-6.93060548542287,0.118404517784811,-1.93153624243992,-0.569346542650597,-2.97608410042903,-5.39670175532831,-0.780562802876565,1.90655751088489,-0.563324498132998,1.40851107190565,0.800388799848745,0.514926320421351,-0.0493729777268121,-0.510364292608872,0.44258323685501,-0.165736839205461,0.6827840274271,45.51,0,0.5606723530860457,1,Anomaly,Reconstruction error exceeded the anomaly threshold.,0.5606723530860457
49074,43898.0,-2.46730462284097,-2.42102680373195,2.00477571970519,-2.01148410527703,0.102352889840652,0.494576532332851,-0.501699782662691,-0.28747801271496,-1.01710059270386,1.64854525297673,1.07335115790588,-0.0285507095825787,0.210365801500914,-1.65466637794511,-1.97049879336407,-1.40759454114997,0.840422115711948,-0.80224127279072,-0.613704147633101,-1.15977441824137,-0.438776507580996,0.502473107285548,0.424077825175647,-0.248001036717738,0.223007702157505,-0.281667515695331,-0.84788233789866,0.259255710572775,42.35,0,0.5512105954384301,1,Anomaly,Reconstruction error exceeded the anomaly threshold.,0.5512105954384301
217172,140794.0,-25.2066724560366,-19.8746765861876,-8.00609854725902,5.63352450881073,0.882351072256478,0.0163999946005143,1.825003418046,-0.117208232217271,2.38858775293671,0.750160114673343,1.17012570382605,1.61117956431343,2.12462911382103,-0.143851862907406,2.59553729344313,3.59251491764535,-0.347539216962319,-2.16202817388907,2.49963519220399,-18.7950859859973,-6.45938547643094,0.712671553258366,5.91124349585108,-0.105027714388952,3.00309742944611,0.805664276330388,2.93767678445715,-0.199287185424796,361.23,0,0.5481915991580129,1,Anomaly,Reconstruction error exceeded the anomaly threshold.,0.5481915991580129
74403,55563.0,-14.1839521436966,-12.8496673776287,-0.776556679885936,6.28771784703303,2.59167814551923,1.44308767395087,0.603310572686686,-2.79258977874402,4.80246487914572,5.66272824721327,0.336409820952537,-0.488992941717263,0.209342853866073,-3.95211495958855,0.853059075423111,0.74968061801612,-1.29033381615414,-0.231464885970822,2.96078574934887,-7.94864042726205,-3.30361869207814,0.546100862239043,-4.67587762530988,-1.01869404733231,0.0925260617646937,0.266496733206917,-4.99320967335808,7.26272704407495,220.87,0,0.5461423105811168,1,Anomaly,Reconstruction error exceeded the anomaly threshold.,0.5461423105811168
225822,144412.0,-8.70437681021689,-9.78069860779375,-1.73198015858892,1.26091862603846,3.37298283957293,0.011427373008921,0.634513729165,0.0205072001578998,1.42753685802923,-1.24873021134678,1.42916280622807,-0.660159393159127,-0.66665493531686,-2.89881266198599,1.76504954478996,1.95294232559516,1.0000383213196,0.738702915929204,-0.0709474291794296,-4.18977097239377,-1.50778982002648,1.37435867858066,7.54325962564466,-1.0950973988281,0.449701671352965,1.50018542369704,2.52978853967362,-1.31040075820511,600.3,0,0.5451757156709279,1,Anomaly,Reconstruction error exceeded the anomaly threshold.,0.5451757156709279
7485,10201.0,-9.50780719388656,-6.33218158098759,-2.3479291022635,5.9091581374726,-1.94612116558341,2.34782632353112,-2.89530663505538,-8.93341083969672,0.512017267002208,-1.22141405308754,-0.392136330520339,-1.4964482034166,2.52997923222969,2.64647183616143,1.1406185552338,2.19384331623023,0.9272735886291,0.359245585673692,0.358626083079915,-1.8815664363924,-5.25831658398572,-0.0718239576333259,-10.4779776426617,0.46138041616791,-2.1608003681397,0.327158204675363,4.17338715258663,-3.05408490308945,1895.88,0,0.5378084338521404,1,Anomaly,Reconstruction error exceeded the anomaly threshold.,0.5378084338521404
59490,48864.0,-1.59048567207684,0.99241546558597,-0.512841392267114,1.12075152169634,-1.9167558818767,3.14217636357241,2.12046308076951,-3.8196486645044,0.209349295073004,-0.0287530439073123,-1.6793360396218,-0.675286062919467,-0.694018028064296,-0.157907466948786,0.642970208524644,-0.41814686399154,-0.038076089338284,-0.400317601917264,1.07546622337189,-0.587065996969896,-1.82247391273137,0.108046804440451,-3.36267072890006,-1.0769047064975,-0.86955509242038,-0.307649218519615,0.125749856485938,-0.607225509082006,906.31,0,0.5361046724086934,1,Anomaly,Reconstruction error exceeded the anomaly threshold.,0.5361046724086934
98675,66762.0,-25.2068845897625,-33.0666890756873,-10.2071155080003,8.22875181644592,-0.86350238660093,-2.88610472288423,5.84772073601841,-0.854458650781396,0.43306213955939,-2.97464440969078,-1.58045869861871,0.547727326633217,1.73648136791521,1.94404241036254,1.65959875951851,2.68465606772362,-0.414597530735333,0.782699275336411,-0.877669705141211,6.75085145992143,1.46840273256177,-2.96696843112138,-1.90002231849767,0.133337147000031,-0.843225525509366,0.491554381470104,1.95649457371627,-4.7092151278049,3307.14,0,0.5353836135169171,1,Anomaly,Reconstruction error exceeded the anomaly threshold.,0.5353836135169171
179238,123980.0,-7.95261572194564,-1.35393393391019,-4.4305258707525,-0.146368491615737,-3.55062013087678,1.39360161067965,-1.848706460234,3.55781877859042,-0.682928432353052,0.194197427576595,-0.527263789193576,1.60240997056783,0.729079648324762,2.16929747103645,0.701179834899336,-0.773811978895557,1.39145820600142,1.39925834712257,-1.48136081061245,-1.31157249959863,-0.0927459097830353,0.531324499986112,-1.53622188260818,-1.43187600762851,-0.284276187034605,0.0721959269811539,0.738025896616514,-0.927748074268213,207.51,0,0.5309792434406758,1,Anomaly,Reconstruction error exceeded the anomaly threshold.,0.5309792434406758
7469,10158.0,-3.58479081191726,-2.85532641599044,0.271564446392029,4.77281472966841,0.988322913078706,0.352906696168413,-5.7593564697854,-6.01719402555772,0.94573217460097,-0.0940195136379166,-0.326651879908235,-1.42957684025663,2.11716610245189,2.46699941092463,0.786118820166745,1.04067686635093,1.00415435530407,0.159170043704122,-0.252501605259009,1.049736724732,-2.65560014723407,-1.49016202512667,-15.1443403419134,0.407355407471109,-2.5773625876217,0.132753439712912,1.57666149915777,0.289883470534889,1895.88,0,0.5293240415623356,1,Anomaly,Reconstruction error exceeded the anomaly threshold.,0.5293240415623356
181966,125200.0,-0.769171691743673,1.3422122564916,-2.1714541366788,-0.151513299728476,-0.648374467317641,-0.973504253142134,-1.70665765414268,0.313744516691369,-1.98230184657376,-3.15812700566592,1.3415717221686,-3.29947236985172,1.24764737362737,-6.39337284276668,-0.0532048016171774,-3.25804634128955,-3.34889609796046,0.217330714330335,-0.917407954929339,-0.102294252090737,-0.0361222946216654,-0.753591202726119,-0.0471133973013113,0.358492767536875,-0.287406815695466,0.476505957022081,0.250530561357973,0.250987222920341,40.0,1,0.5285961963877276,1,Anomaly,Reconstruction error exceeded the anomaly threshold.,0.5285961963877276
191358,129219.0,-4.12419922244155,-2.54473986436716,-0.496238418506874,-0.959522793327988,-3.67276461740879,1.5613118670994,3.63220835831311,-1.93911992381117,1.68281362583261,-0.80087534319922,-0.643573043690619,-0.179216739581538,0.368328571071731,-0.979326762018694,1.23630690206638,1.00823268017732,-0.916111667423519,0.0238119520804817,0.284136730422916,-3.07342510724274,-0.114121557880413,0.587593861201132,1.43590591721681,0.0684597705886534,-0.244187966957837,0.566985281821941,0.0864225492263129,1.1468015852844,822.99,0,0.5262345448123666,1,Anomaly,Reconstruction error exceeded the anomaly threshold.,0.5262345448123666
69372,53394.0,-13.2805502834859,-15.8398884001933,-7.27171225974021,2.91309116858865,-13.1989686655776,6.41159426503939,13.5709799615161,-2.05180190970348,-1.49515497836331,-3.20479704749885,0.34025891379975,-0.686589153458733,1.55324909682967,0.0749279691442998,1.3041838206302,2.95104710377488,0.542427035271482,-1.7321603723305,-1.19776004973684,0.402438221366922,-0.0360531668537975,0.115390933465576,-0.21902795535096,0.669119643135354,-0.45042590404658,-0.280508768907927,3.86261083328557,-3.98650175702133,4652.24,0,0.525065034610437,1,Anomaly,Reconstruction error exceeded the anomaly threshold.,0.525065034610437
92303,63867.0,-23.782185131067,-34.5285456136632,-1.87808168162871,6.69325788113194,20.4056570527104,-16.6715884972934,-15.7485138293254,2.31868839300503,-0.398531404139637,1.80026525743794,-1.36576820875227,1.11810004384049,0.81138089580364,1.95546757145932,0.610465699665314,-0.843344702949032,1.69425017807825,0.451897376396135,-1.44967885991656,9.33526761365485,2.95003620810049,-2.71466854816609,0.202690893003111,0.3258309273386,-0.725065024023189,-0.634699796776323,0.821086744500011,-4.83063020961287,200.0,0,0.5240627062806538,1,Anomaly,Reconstruction error exceeded the anomaly threshold.,0.5240627062806538
52965,45742.0,-2.50188024269867,-3.02183651519343,2.08800668226178,0.161704050329936,-0.330408662394323,0.051287750870825,-0.811525864585712,-0.0752012609122577,0.468775989821737,0.70161662299089,-0.691958142450221,-0.46905596904095,0.15635642484456,-1.70088770332052,-0.4292417002312,0.0752889246320454,1.11803401633814,-1.6696094582439,1.59339977965215,-0.5298502446124,-0.12373842388155,1.0473849838052,1.36153377215645,0.135900269869135,0.261003893739589,-0.0216702214757739,-0.384141943341189,0.34514092137865,99.0,0,0.5224073231977134,1,Anomaly,Reconstruction error exceeded the anomaly threshold.,0.5224073231977134
24595,33294.0,-9.97278428048608,6.48094747516636,-2.1743013064574,-0.655088417967093,-4.3445770920129,0.935073975041983,-2.65493625252063,3.03596714428121,4.78908979348997,9.25288130396081,0.425518406103751,2.3825709490809,1.21125937926099,-2.03664118569898,-1.57919256535152,-2.78652365134372,1.45942640248557,0.871315523842576,-0.377171294905092,3.11412072041099,-1.32352898237548,-0.6909229045222,0.21358459323374,-0.0592085416271814,1.88147849212336,-0.0309870652139688,2.09279944553068,1.01812055712695,20.0,0,0.5187001707393118,1,Anomaly,Reconstruction error exceeded the anomaly threshold.,0.5187001707393118
28073,34839.0,-10.6013064337617,-9.99763972223237,-0.462956150311495,1.70329991100493,2.29485451155194,-0.56450289343811,1.53809296663494,-2.38564468848486,4.2775119717637,3.58913946813628,2.44228583833586,0.512671025525727,-0.0178713472128963,-3.07003144012544,0.455465982002169,0.411245923086193,-1.19888269044411,-1.78851204714725,0.299222756818588,-6.66759366632984,-3.09644904344865,0.595522234136428,0.795419767090081,0.130632356415547,0.234180379455773,0.711848927112107,-1.35954548254652,1.58245294503795,266.72,0,0.5157006395602397,1,Anomaly,Reconstruction error exceeded the anomaly threshold.,0.5157006395602397
243686,152029.0,-2.49640921139164,1.15520891817834,2.05969420816618,0.267637625752165,-1.70547877643771,1.54895419117234,-1.28470720073353,1.02237585815178,1.01267529928423,1.72257997336871,-2.03858157619534,0.803253266078025,1.56436586536539,-1.87561551165691,-1.37066979458724,-2.1905324128066,0.595864426227653,1.66055239988385,0.0708811174506278,0.434179605489199,-0.462535086604607,0.165390863783741,-0.292102355755896,0.677554113525791,0.895838376525028,-0.152561388379683,0.96133636061935,0.583075889399171,35.0,0,0.5137378711876056,1,Anomaly,Reconstruction error exceeded the anomaly threshold.,0.5137378711876056
63730,50847.0,-3.75493276828852,-1.45711090990217,0.195457491446605,-1.51798765505267,0.942101993917663,-0.622290904103582,0.703726391129677,-0.419075706209483,-0.463043095618664,2.14041787309411,1.59773580592492,-0.225095515322526,-0.847768504813197,-0.19559574711336,0.264612100528923,-1.7673453016561,-0.115649646472564,0.273590056639441,-1.39870009590517,-1.69163330302605,-0.932342075416873,-0.0350831496626444,0.984046147711353,-0.248898802574936,0.256153513526702,0.928396574240119,-0.511809444676766,-0.0209214901382524,30.7,0,0.5093699855468958,1,Anomaly,Reconstruction error exceeded the anomaly threshold.,0.5093699855468958
111690,72327.0,-4.19873460983989,0.194120636801706,-3.91758567828042,3.92074784640417,-1.87548574659158,-2.11893292738694,-3.61444510993627,1.68788446543007,-2.18987113590881,-4.68423332514029,4.37690666362302,-5.00744082816051,-1.30474507803596,-6.19247526385522,1.00240426741391,-3.31693430074553,-6.18883415213498,-1.04041264854272,1.23304434947994,1.0033504305956,0.801312235949018,-0.183000576489906,-0.440386862411508,0.292539411877521,-0.144967421927777,-0.251743981877142,1.24941367428483,-0.131524643545312,238.9,1,0.5080539643783786,1,Anomaly,Reconstruction error exceeded the anomaly threshold.,0.5080539643783786
217409,140878.0,-32.3530398843843,-30.1048817746559,-12.6729667176039,7.8702626121997,-2.38027616785329,2.20303145093742,8.97640685623844,-4.80786103923903,4.68728674010975,3.08556292608528,2.70703469129586,0.942580789916311,2.679669416356,-2.0262689513816,3.72235871058092,3.82682009258943,-1.38562033880053,-2.90645472616286,2.11367196992667,-20.0979183628396,-6.67706476861908,0.0029412901696455,-2.86079486178003,0.397271594725663,2.4311184539029,0.845066140087495,-4.77753225100681,15.5226486898333,538.71,0,0.5068261249334526,1,Anomaly,Reconstruction error exceeded the anomaly threshold.,0.5068261249334526
78382,57502.0,-6.69619076518182,5.13159158308398,-3.507234919791,-1.79492133169494,-6.07551659270456,6.31154199854068,-2.14601709961575,-19.7222381071959,0.863537819644929,-0.0504953115717346,0.387892416491984,1.28657257316831,-1.62158405698796,1.42805957284369,-0.247861427156521,2.00649553066637,0.0978160418818707,0.173680875255981,-0.709750101716077,-3.7800829022152,9.32432297200719,-4.79176271213129,-3.55006669136936,-0.322107087573733,-1.23428296279557,0.751676576896869,2.76677977382595,-0.137213958037494,1502.36,0,0.5066601874321388,1,Anomaly,Reconstruction error exceeded the anomaly threshold.,0.5066601874321388
211694,138521.0,-4.78738803503465,-1.41618148771203,-0.224293618737919,-0.076920002693654,1.74613563032814,0.434674886229629,-0.516152549310719,-2.77713678673777,1.18802822972056,0.952644594975133,0.418763331131422,1.30197629968012,1.60845384591316,-0.790941762722203,0.175855727886341,0.636794623036277,-1.23826997571183,0.407733672173849,1.47961053508786,-3.39587166774439,1.09111227125354,-0.529405432885868,1.98563125950645,-0.0973413589063492,-0.116674243668497,-0.615626916829888,0.0523336559821685,-1.62501830080247,22.25,0,0.5066362283968178,1,Anomaly,Reconstruction error exceeded the anomaly threshold.,0.5066362283968178
153120,97932.0,-2.60259942430793,0.445238880535507,-2.40899295848698,0.912964251276479,2.12764256148706,-0.625794559307641,1.66881375882862,-1.94534900302076,2.89641586897363,3.31234348188782,2.77269949228912,-2.57266058539123,2.08303885188501,-0.687264226116506,0.842777719138871,-1.18335030013977,1.16150984313226,0.964981630048928,2.94773835980142,-1.10488607116261,-0.791370176603262,0.706565892398464,0.805767969724021,0.150216310900002,0.328049679375341,0.406277320553887,-1.46154992713514,-0.754047526249639,19.66,0,0.5055073595590369,1,Anomaly,Reconstruction error exceeded the anomaly threshold.,0.5055073595590369
192638,129789.0,-5.25816099043897,2.0761651220766,-2.92384267020417,-0.389390901451839,0.80811685888645,-0.478094837350956,-3.76373807471126,-6.73989959726795,-2.67397287634994,-2.4848773170374,-0.133663698416267,2.38892725824767,0.57950356142137,3.05509851452819,-1.52906697206832,0.527177494045443,0.525743193251212,0.0030455942034468,0.0820010759143344,0.651203898728361,-3.50302885797599,1.90621561327498,-1.35162238917116,-0.171585067843934,1.04677649264397,1.065702919024,-0.46148017719924,-0.884698748229485,2.0,0,0.5010879882518285,1,Anomaly,Reconstruction error exceeded the anomaly threshold.,0.5010879882518285
204221,135172.0,-1.99500212587512,-1.25903738932222,-2.28268550847754,1.30617094912913,-3.08416104494851,3.72446674758281,4.16935193120431,-0.279307024574531,-0.414810108590021,-0.0120944439764059,0.885820287548144,-0.194665797056309,-0.921255041663554,0.778546630578282,1.48611904461329,-1.23113712535009,1.03402039797311,-0.855125451114191,2.28292590726685,-0.559119005692266,-0.399034772868288,0.125845691154371,-0.210523855808203,-1.479276576003,-1.47812908306582,0.689918919504323,0.90285111182914,-0.695593475393992,1066.18,0,0.49566412180998043,1,Anomaly,Reconstruction error exceeded the anomaly threshold.,0.49566412180998043
218042,141147.0,-1.72576659671704,0.763006131258085,0.902844915752557,3.17995711170519,1.55730242650318,0.500284207558742,-1.19807223167578,0.0372898412673007,-1.47882576159675,0.2327984111003,1.29270640899587,-2.62969568850151,-0.634981501857247,-2.78446172407042,-1.21222579109527,-0.667627948815155,-5.30769161113417,-1.11445441132095,-0.686709081161516,-0.215366369451177,-0.0898308981149746,-0.524585541011061,-0.462425639870782,0.138544131639887,-0.869998947401732,-0.570360618909692,-0.156773455953454,-0.411468692931059,0.0,0,0.4900753141301164,1,Anomaly,Reconstruction error exceeded the anomaly threshold.,0.4900753141301164
109909,71595.0,-4.17459005440251,-3.88918513640213,0.329568758614611,-0.0138499436857126,3.848268020273,-1.17165092656811,-1.34838249158747,-0.243537744432252,1.13254024290114,0.242828500241044,0.242905383215942,-0.0760170678667262,-1.42813674246612,0.0280081345008344,1.13790009214497,-1.14988537547988,0.850695606011295,-2.77711910968085,-1.4357031043177,-2.73533481075836,-0.652597153561875,0.502307523315372,-1.83865874782104,-0.621438581302624,-1.26845194181141,1.00457526077697,1.02334253536423,-0.641383982601271,291.0,0,0.4889110554633261,1,Anomaly,Reconstruction error exceeded the anomaly threshold.,0.4889110554633261
213521,139287.0,-12.4298022351167,-13.3174639160909,-3.50407657472508,3.37638241341045,8.84922832732718,-7.20944234958266,-4.82310853109386,-0.735158611920167,0.980210013416601,1.40953534155527,1.02266451989957,2.11272550229186,1.45951759332436,1.21624057981375,0.807035122856973,0.535314374318933,-0.485323006844431,-0.488617683268865,1.33948574791732,-4.36046078064612,-1.14670767030509,-0.36209114000703,-8.19570151437794,0.63776534098093,-1.83934012369296,0.138361264291318,3.20341677711793,-3.01864237452302,20.1,0,0.48659740255969286,1,Anomaly,Reconstruction error exceeded the anomaly threshold.,0.48659740255969286
219776,141873.0,-35.6983446604304,-33.0498772664113,-13.6035342661755,8.96255152852126,-2.57948476985073,1.49599054112547,6.64879185571313,-3.9907229987643,5.05583505162667,2.75557658359894,2.60223856845263,1.76638611801908,3.20839769780713,-1.46965027861298,4.37001227728715,4.85195320665356,-1.18099198129445,-3.11770027167925,1.9746559187896,-20.5645063939152,-6.93490370171756,-1.95585690005579,-7.06853526080546,0.609456429597248,0.70153730825232,0.130867769463643,-5.63528365379607,15.4159247123069,303.8,0,0.48570465108870586,1,Anomaly,Reconstruction error exceeded the anomaly threshold.,0.48570465108870586
208948,137344.0,-2.30514901383282,-0.367533548938237,-0.161841001936162,1.52271687938709,6.42196012062559,-3.73341015013531,-6.67921324644263,-3.67918508194664,-0.28343810880536,1.21289829659566,0.551078001112297,1.48683414063462,-0.699359817219141,1.81695659534163,0.0627468082351363,-0.453203831206841,0.06143081441572,-0.255481249897837,0.510403573856462,-0.612926399763964,-0.383872100850562,-0.914556097377857,-11.9651197409874,0.23913167196731,-3.35562361466994,-0.8134158732089,0.980091492480279,0.529541967848909,353.0,0,0.4844820264148429,1,Anomaly,Reconstruction error exceeded the anomaly threshold.,0.4844820264148429
49237,43969.0,-2.19374907994125,-2.62260438509652,2.14183798338462,-3.03624851914944,1.2926391791123,-1.11697540868039,-0.739120756395854,-0.532192194330846,0.578623828452026,0.234723371601217,1.35872711968184,0.498067323700182,0.174216110957323,-0.718531457583331,1.08325177861423,-1.58551414161649,-0.787259978149317,1.59929344938174,-0.686250710977916,-0.83898601385596,-0.529810408681416,-0.164509178315976,-0.591858959845632,-0.249224894626058,-0.291676219745894,-0.289312252038863,-0.370301672642431,-0.449826113978816,90.0,0,0.4842386351233381,1,Anomaly,Reconstruction error exceeded the anomaly threshold.,0.4842386351233381
91218,63363.0,-7.53751176158076,0.245611863663518,-1.32081927003943,1.05577983396668,-0.243365946600228,-0.0052192062935632,-4.96867756470189,-8.47376638190775,1.74394440029388,0.643258527117798,-1.31523939327306,1.08236411049754,-1.23016877735921,0.671869818037398,-0.353425985601606,0.95442098299407,0.0533479470232579,-0.0778371229375633,-1.36958887934853,0.0829794411859179,-3.60067835935048,1.24229943792849,-2.2241466890651,0.615158040477562,-0.908255976859805,-0.538311309219416,1.63742209995084,-0.516942081889586,94.52,0,0.4818848716426662,1,Anomaly,Reconstruction error exceeded the anomaly threshold.,0.4818848716426662
23342,32709.0,-7.27579823666043,-3.82304817968198,-0.104968017607033,-1.42030822799194,-1.27439542045328,-1.11257179331794,-0.0506474807845062,-0.188273021246765,-0.154364230675165,3.45216007349868,0.148997267649624,-0.964894927912001,0.691558063395965,-1.36930897069201,1.22322817382638,0.160802010630331,0.297898945325317,-0.428652800590892,-1.07765289827803,-2.80895206414466,-1.34377055290189,0.637910022546693,1.71103705689197,0.441417823075914,1.42088986474598,-0.057235050441048,-0.341976833618294,3.76256819040212,117.0,0,0.4805087311964475,1,Anomaly,Reconstruction error exceeded the anomaly threshold.,0.4805087311964475
238366,149640.0,0.754315925858731,2.37982185248504,-5.13727449343089,3.81839172249665,0.0432026520139663,-1.28545137361934,-1.76668362059541,0.756710661816359,-1.76572209782095,-3.26300672553831,3.59279683214404,-2.77234880583364,-0.0745336542111445,-6.28109364908023,0.165978009089423,-2.67917124597012,-1.38555652893852,0.249056748544312,2.3534526931986,0.369662961829814,0.397057600980957,0.141165218358707,0.171984534755456,0.394273775761011,-0.4446418368392,-0.2631890643687,0.304702950350999,-0.0443622747894533,2.0,1,0.4787961139849798,1,Anomaly,Reconstruction error exceeded the anomaly threshold.,0.4787961139849798
213261,139181.0,-20.6653983237515,-16.1324900020169,-9.07974842368696,3.97749581699347,-0.136444858703622,-0.439349872464326,5.89505224671643,-3.1725358870124,4.42246962961768,5.16814829466424,1.50829655357268,-0.134861890120469,0.70403929619739,-1.8670263886545,1.6170419599648,2.12412061019173,-2.02189571800477,-1.08374453069313,2.07788396341711,-12.3676528057486,-4.56163397348578,0.917579511575832,-0.292555352691789,0.476702571086407,1.80300726890374,0.268883514759076,-9.79356790513751,15.7268065997888,0.76,0,0.47512724025756636,1,Anomaly,Reconstruction error exceeded the anomaly threshold.,0.47512724025756636
41667,40777.0,-13.74368139559,-13.9687211414,-1.62276117042847,7.21093162652296,9.00784396150882,-5.50558044103147,-6.91282829138776,-1.29792736541184,0.501297685878677,2.98465928313385,1.89132218775885,1.26128900464795,-0.0944353683656818,1.19281169837198,2.53778326172673,0.709457671973701,0.537322208045515,-1.32710159937667,1.07496748515774,-6.43456538628678,-1.11972363254756,-1.3644681157742,-10.8713794642071,0.870020179514271,-2.89098205444758,0.180594057356049,4.81440763968565,-5.94055595212945,35.15,0,0.474833106761359,1,Anomaly,Reconstruction error exceeded the anomaly threshold.,0.474833106761359
249508,154443.0,-11.7171099626445,-12.5280916211263,-7.73184728196876,1.53184195365833,-7.56708376965933,3.28856015514198,9.29527708304525,-3.19974413471274,-0.60068250624758,-0.378153765411881,1.56880280776438,-0.19781670728441,1.1087064661623,0.0491893659016998,0.277704778768566,3.57483974326769,-0.708510236805081,-1.78594827615331,0.4841304456111,-7.1924298954803,-2.25844634283498,0.201364264279215,-8.38468775150859,1.90918110781831,-1.95780455311854,-0.189682991430905,5.98679781695361,-4.9509696932193,3097.98,0,0.47270690408037386,1,Anomaly,Reconstruction error exceeded the anomaly threshold.,0.47270690408037386
19145,30047.0,-5.34555818470053,5.11687488641229,-9.2700554453633,4.15176606511095,-4.83925826657473,-3.00170504839428,-5.98250522069266,3.89278125348395,-2.58795866504663,-6.62498180714501,3.54637672033364,-7.36777215824865,-1.05147094140971,-8.77793381230721,0.998339064959253,-4.9065289786993,-8.1257673941744,-2.64469700705271,0.834800945433661,0.812660485845997,0.902817378068229,-0.491615505311445,0.217217962021123,-0.0658999449397152,0.197833954149528,-0.277323429665531,1.24247170113998,0.28189336739507,89.99,0,0.4704225936453439,1,Anomaly,Reconstruction error exceeded the anomaly threshold.,0.4704225936453439
238152,149551.0,-4.88195824190484,-0.924287603571019,-3.24414241275281,-0.107661756807079,-1.06557633629634,2.62805510540813,5.50299103617178,-1.89898764950972,0.577366443643127,1.43712400858324,1.49387937333706,0.158806717382543,-0.0046674879578567,-0.161173107814541,0.918508084642905,-1.58564085330652,-0.0726152324418001,-1.19938439208667,0.747955483594822,-3.23344564325293,-0.566413326329056,1.79273495645943,-0.968895062482738,-1.37547283177941,0.829771245482524,-0.143872960996093,-2.54673894519776,1.54210586072852,729.78,0,0.47017190370204054,1,Anomaly,Reconstruction error exceeded the anomaly threshold.,0.47017190370204054
143506,85401.0,-18.3921968923102,-21.7212660253514,-0.881331796529202,9.47668725544553,9.49423866590699,-7.16359422836397,-8.29697775141401,1.04721741363404,1.45103747571041,1.6831126546591,0.31047625996728,2.03017150045195,0.667846145694204,0.443832648306193,0.0782365645040924,0.692606611825305,0.798361905323772,0.545911051258783,1.73476646199476,0.0982369696426983,-0.119992537049074,-1.3208042745597,-6.15228086278726,1.11599582520125,-0.944684234672727,0.262550266419838,1.30978136308826,-2.19323207991875,110.08,0,0.46651421010796934,1,Anomaly,Reconstruction error exceeded the anomaly threshold.,0.46651421010796934
183083,125650.0,-4.01609776059442,0.441218294310169,-2.20934895517819,-2.09426149325585,-1.6130189319812,2.05369951768806,-0.343853772386146,-8.02073150419378,1.42873497798657,2.45406523633621,0.365347162251741,0.0733217149039099,-1.01733575455847,-1.01135210487359,-2.75749650722746,0.727019953850314,0.344903513579285,-1.07293662631129,0.224458573778828,-3.00799634159332,6.6198694650587,-0.0530241420294468,0.052631280678604,0.81652420158358,-0.853732283021763,-0.0653518701801782,1.51494798838868,0.360762501508209,500.0,0,0.4644944823694543,1,Anomaly,Reconstruction error exceeded the anomaly threshold.,0.4644944823694543
176087,122621.0,-8.26761300437031,-8.06830113193221,-1.14185919199164,0.459647031305892,5.74477779991231,-4.01472624023895,-1.73393740276693,0.245931267457508,0.167345527873509,-0.883689891275726,0.380525843590206,1.25009367916556,0.320537821620134,0.989080718020772,-0.524811654934723,0.556413863788214,-1.00516498439889,0.36562787280772,-0.434839399855131,-0.319337456954707,0.0651973381193284,-0.363573691180962,-1.54585516087271,0.570994522959121,1.23345270778795,-0.598071204534217,-0.214714744150419,0.162897735907265,100.09,0,0.46258895364787467,1,Anomaly,Reconstruction error exceeded the anomaly threshold.,0.46258895364787467
209944,137782.0,-4.20960230726703,-1.8940386101582,-0.537346329422161,-0.839445316879688,1.64491284394891,0.427553996363068,0.136004654188154,-3.34234756971008,0.0451420774006477,2.09245851020044,0.279875131439315,0.706257447281021,1.72121590097695,-1.06024082259825,-0.250633314316868,-1.39039057567828,-1.00588344134383,1.78358166614687,0.683942142711993,-3.57589464065041,0.896013905866186,-0.164560938951904,1.99968014632871,-0.0891195043955868,0.396710791694525,-0.187748180671736,0.588600120265402,-1.53570456276813,78.0,0,0.4575656070157607,1,Anomaly,Reconstruction error exceeded the anomaly threshold.,0.4575656070157607
177909,123397.0,-13.3326429730242,-12.3023986635806,-3.49397187719045,1.44798361966285,6.33156576838247,-5.92555899191712,-5.71557193927287,1.04343256461102,-0.920795176360034,0.623695067151463,0.405287800899033,1.68331635692754,1.87451389377249,1.45191121067699,-0.279822624324708,2.50049957745504,0.343795688717613,-1.39587690737851,0.763719713828489,-2.89566529099152,-0.613621549525136,-0.828998086204284,-8.07998013955791,1.23691236162252,-0.330461168337003,-0.0834489797318085,2.9281819110129,-4.34119464500724,15.0,0,0.4543522473699933,1,Anomaly,Reconstruction error exceeded the anomaly threshold.,0.4543522473699933
189096,128258.0,-7.06182369855226,-9.49762990637791,-2.95580763584123,2.69683496116867,4.12095163168724,-2.99910375294927,2.1161799840611,-0.950282565974524,-0.343096100922308,0.129959728846466,0.576120422360662,0.39750139800627,-0.0758142503486545,0.758586081647674,-0.895141216207409,-0.0337994526620456,-1.05651426307156,0.43649269855959,-0.352535480609063,0.658617722794278,0.409058239870338,1.06739176198558,3.07056322573548,-0.373696803671402,1.6215922859068,-0.260504220844081,-0.280391139702204,0.504014645271022,1102.37,0,0.45416488987013776,1,Anomaly,Reconstruction error exceeded the anomaly threshold.,0.45416488987013776
196166,131383.0,-19.9805294939561,-22.4344482537435,-6.69016270916961,3.91390713891646,-2.12137423169882,1.04050954845673,5.13663690636576,-0.215389950288697,-0.535638843832683,-2.40620777286688,-0.720237137740156,-0.512574804613785,1.16451316595153,0.395423407847562,1.75113960550097,3.21878782419615,0.715807434384211,-2.52661488289679,0.20032797910027,-4.19535605390507,-1.89739952699415,-0.746161427394929,4.16976596204023,-0.0411356231632433,1.46118575392126,-0.159445407412935,5.23648156422979,-8.41226662836102,1466.48,0,0.45324830430800994,1,Anomaly,Reconstruction error exceeded the anomaly threshold.,0.45324830430800994
12996,22831.0,-2.5463004929684,-2.89056187610559,0.889209502659245,-0.645111789456754,3.44207902195417,-1.75487992828152,-2.20344852757544,-0.119741758279719,0.747920771853851,-0.0664796659018838,1.13968734566803,-1.97995022801921,3.29408932940967,-0.911282585289854,-1.42272428480719,-0.252067414021052,0.814267524426729,2.84207392158063,-0.780184759047486,-0.689898362799815,-0.56284642825701,-0.420939347357578,-0.549309498786159,-1.06299178566206,-0.786811063544313,0.884361642803796,0.187459022700245,-0.0840303542611605,18.5,0,0.4507550846357399,1,Anomaly,Reconstruction error exceeded the anomaly threshold.,0.4507550846357399
136010,81505.0,-4.2886500369858,-3.15373564118406,1.3893431435752,1.70431770312589,1.32666780913563,-0.815900989292777,-0.882745953919487,0.679636481054566,1.28776370767767,-0.768769581070912,-1.67614742520774,0.146362389128181,-1.56680782155904,-0.469304746832397,-1.97209298996247,-0.567644189826896,0.607090157566632,-1.03702572566757,-0.0396059341287717,-1.72734113395541,-0.732549659539031,-0.294366533983161,2.33077134688766,0.0289401534164697,0.256025979664579,-0.607994023419382,0.557117858203752,-0.365425800421346,29.85,0,0.4490413708286164,1,Anomaly,Reconstruction error exceeded the anomaly threshold.,0.4490413708286164
66592,52124.0,-3.717795516623,-1.73533496966122,1.4896603068551,0.343280092433152,0.456618856099035,-0.190011944136042,-0.703016414553105,-0.10190327708189,1.56933457246622,1.27200263012186,1.36591391131375,1.14715065537684,0.17414747628381,-1.03288307592175,-0.206295295534019,-0.579982480597877,0.205584696043281,-0.602762525723499,1.27201663134296,-0.471065096336103,-0.573432236116819,-0.126932123645712,-1.48512635162569,0.252802958552949,-0.744168375320163,0.903362333507907,-0.116340112073925,-0.604537581839784,64.24,0,0.4471823975121953,1,Anomaly,Reconstruction error exceeded the anomaly threshold.,0.4471823975121953
31700,36478.0,-5.2346316675926,-4.76404222532338,-0.0561754860526124,-0.542529795658154,1.85843726450112,-0.897500600195052,0.516068451013937,-1.24944554592777,0.506222616689651,2.47117239129675,1.62089326413831,-0.0443105184430921,-0.669813970303216,-0.960801008771124,-0.154338353516255,-1.80520900227969,-0.246765295397634,-0.0193732474155533,-1.04392500350856,-3.44600575163608,-1.41836853492866,0.128080731597304,-0.0128337431325527,-0.0989191919008227,-0.635922739049944,0.797345901304925,-1.0099103109831,1.63347779157223,232.98,0,0.4457130890896636,1,Anomaly,Reconstruction error exceeded the anomaly threshold.,0.4457130890896636
245316,152696.0,-0.91931984235628,0.970303949363379,0.753453555619166,-0.972639390492666,0.423116946346925,-0.285383539705341,0.274645236889988,-0.667123984566311,0.448897327572365,-1.30421662888914,-1.06292658505437,-1.12018603981326,-1.73306958459963,-1.17790040048956,0.147859225933456,1.1383351132362,0.289991771860635,0.45654983987733,-0.830728682099979,-0.45287761304393,0.460725275259701,-1.23980321818035,0.0734903781228714,0.476388198606055,-0.51747978235269,-0.0039908690478946,0.0235102692627217,0.153795968910196,27.11,0,0.4442979223989856,1,Anomaly,Reconstruction error exceeded the anomaly threshold.,0.4442979223989856
256196,157579.0,-5.94983061805885,-1.34390309396523,-5.50665246515876,0.768170224457761,-12.2580990117033,6.57006545138752,8.21245126722461,0.254537871219823,-0.88517389868584,-3.07352640858213,-1.31591712068927,0.379091849645929,2.33815338568316,1.19364706288518,3.22308954695972,1.2845755823491,0.772920375776164,0.778260711347317,3.14266732476859,-3.0265856516721,-0.727907039963799,0.542854693103548,-1.70202337148514,0.540205504903724,0.152583738523345,1.14807579782451,1.0558396071811,-2.09242975297343,2162.78,0,0.44415600574696745,1,Anomaly,Reconstruction error exceeded the anomaly threshold.,0.44415600574696745
233500,147590.0,-6.50707281407319,4.86096973591453,-3.6427925400915,-1.18467443075315,-1.00801480984853,0.930305691179177,-1.52077996383109,1.78450668912233,3.42963447931742,3.26686458918876,-1.02411325746878,0.649456300541537,-0.639448291599237,-1.68015497064421,-0.6628423529645,-1.13521559082254,2.41295253298262,-1.19146736476239,-1.54948571728169,0.349004501202635,0.551635086366406,1.2548457427278,0.390353077276805,-0.348072954185739,-0.463999048410855,0.516367759173921,-2.1098737208035,0.383658463737692,3.3,0,0.44275214659088175,1,Anomaly,Reconstruction error exceeded the anomaly threshold.,0.44275214659088175
34532,37712.0,-4.10859477510861,1.39041913617178,-0.902227680813157,-2.63051274573343,-2.65892613084046,1.48662215856212,-3.26610958864893,3.50685518192248,-3.16208364793608,-0.115017326416967,0.656593666188283,0.805242468428676,0.73164013237695,1.64152383158277,0.488555592225425,-0.160703882983151,2.12995847131385,-0.725218833418676,-2.13292444773658,-1.15021250945289,0.481124151145079,0.675957923948816,-0.0082118140477843,-1.36134798380314,0.166887654558723,-0.109650304644053,-1.30542629561367,-0.392108158548074,25.0,0,0.4417590056989554,1,Anomaly,Reconstruction error exceeded the anomaly threshold.,0.4417590056989554
170774,120347.0,-2.62364603827146,-2.9960009306926,0.635300440452987,-0.841195209973381,0.672745220557681,-1.37504791420036,0.083498778115006,-0.261377820874709,1.31265938299577,-0.0258915944209696,0.791025939955874,-0.252995796143535,-1.5368747288374,-0.112117676018271,0.414549472102756,0.696611869549219,-1.00811046463565,0.822442795441443,0.297836121401853,-0.856729409395579,-0.0319245591491265,1.01513813944008,1.89946608501333,0.0754485792060672,-0.23071724862932,0.820010825284851,-0.622398353093001,0.555017205366757,69.05,0,0.4414005830887472,1,Anomaly,Reconstruction error exceeded the anomaly threshold.,0.4414005830887472
47299,43164.0,-12.0083468380238,-17.860111946655,-4.74341114364838,0.810573765063123,-10.7264238138187,5.76624870862938,15.4062182879274,-1.11140116260274,-0.704243327180857,-6.058623319394,1.64742975936057,-0.240192606064121,0.178100384465508,0.70430140299221,1.30058303405484,0.954697001848001,-1.00713066121835,1.93109897995967,-2.61160263549327,11.993349963726,3.42984223884197,-0.154665511191093,12.4518392353512,-0.909706539192408,2.49790731897279,-0.48360214689578,-2.03778648495541,0.266540915765523,5114.1,0,0.4409488451406093,1,Anomaly,Reconstruction error exceeded the anomaly threshold.,0.4409488451406093
168344,119179.0,-9.17755539934973,-4.80265399320241,-4.45040598071353,-0.714736898571778,2.48657315194022,-3.78790813877041,1.09868526780999,-1.4075085841986,2.20809638294473,5.05880740077643,-0.635817356889195,-1.60425239097348,-1.15717882091933,-0.941295606190229,-0.220489927552987,1.07815560048235,-0.344939156277458,-2.18483749722291,0.797617418784086,-6.36072849956036,-2.24294646951853,2.93109715115528,4.13659149648085,0.23616663653795,0.948253550697203,0.337689437938007,3.57805262180225,-0.107360315828204,20.0,0,0.44032841823914853,1,Anomaly,Reconstruction error exceeded the anomaly threshold.,0.44032841823914853
17592,28818.0,-2.18128089514857,3.42239797750106,-6.62845656734943,4.09619502358876,-2.55853426386358,-2.90214138322304,-4.62734837037557,1.78316034418799,-2.68905833771853,-6.9595505761916,4.14647449606161,-8.2032048307005,-1.41573765274068,-10.0066503411988,1.06509408613874,-5.50240410133355,-8.90210626596614,-2.75205298221186,1.02473703213785,0.792160060785666,0.890441193979522,-0.286283771721815,0.0495111242960224,-0.0632652183259721,-0.158700729560977,-0.297130707226221,1.3484601938389,0.33017697898533,89.99,0,0.4402805122210954,1,Anomaly,Reconstruction error exceeded the anomaly threshold.,0.4402805122210954
141242,84197.0,-5.68918162674113,-2.78543999100655,-0.791114499831804,-0.550747371316816,-1.80397811875324,-0.0795677362244625,-1.20473181965409,-1.45757023602496,1.36975289107551,-3.02836669751804,-1.43399582921951,0.76318948374968,-1.47789241413124,1.0249381838074,-0.0050036326384319,0.124053791133259,0.705262457250217,-0.239207752989152,-0.243805856646244,-1.20889392596941,-1.62637161364054,0.519800558995479,0.981804001583652,0.137954806981942,-0.018580676182898,-0.909210131427951,0.773699966887757,-1.7238788575995,152.74,0,0.43838313797443207,1,Anomaly,Reconstruction error exceeded the anomaly threshold.,0.43838313797443207
35687,38222.0,-1.98027164138197,-1.18913812611628,0.579603721818183,-1.36033044924224,-0.0347956231036945,-1.08740187188593,0.824421477984135,-0.844902117026357,-0.388620874031912,1.50905861790977,1.32134287531719,-0.395368022421887,-0.706989073821136,-0.695814073266923,-1.35601944841187,0.78065065131604,-0.139182270840885,-1.26368066257242,0.45315774530613,-0.471366180706057,-0.0322250535399921,0.912363827412087,-1.22987624114255,0.687641628470377,-0.648292896445756,-0.515806632243324,-0.353506175973962,-1.26600575972086,165.0,0,0.43502911237131925,1,Anomaly,Reconstruction error exceeded the anomaly threshold.,0.43502911237131925
18150,29234.0,-4.17167409700773,4.30844987710803,-8.23931473789338,4.16899712291352,-3.85555178034389,-3.02305062433235,-5.52117091085174,3.04683514933838,-2.6127598973363,-6.74604741416378,3.78934607143391,-7.68364279513021,-1.18955114572977,-9.25752067304945,1.03638000621667,-5.13919711874594,-8.43096726944362,-2.69604844926284,0.9013967736554,0.818595615438491,0.902860571367263,-0.448209026783432,-0.0617210426827117,-0.0525628444096432,0.0044867581738014,-0.293409430031766,1.28146640206865,0.307833804234966,89.99,0,0.43295656583074543,1,Anomaly,Reconstruction error exceeded the anomaly threshold.,0.43295656583074543
18125,29207.0,-3.50812439425488,4.01325756275225,-7.70237598436773,4.14469725952441,-3.42333673628649,-2.9826587948248,-5.22315331062205,2.62557405738524,-2.63818312328379,-6.81720358769122,3.90840043421773,-7.85683671710905,-1.2649476918315,-9.50724779325871,1.04595932912302,-5.26024712446792,-8.58802137010802,-2.71474233442828,0.942523485067801,0.80958622413842,0.89865661449261,-0.394224545642138,-0.0248025754927476,-0.0561161963555789,-0.0499337009631711,-0.294644988198059,1.30387180920975,0.315250367237578,89.99,0,0.4321418522786752,1,Anomaly,Reconstruction error exceeded the anomaly threshold.,0.4321418522786752
19562,30384.0,-2.68231823956464,2.04265097108669,-0.865288961739412,0.900372637962254,-2.92925890365425,2.39169337051955,5.75153960133569,-2.2721859336993,-0.0027890399909498,2.6261526584209,1.28385752980046,-0.274147355427838,0.149641011441553,-1.10761260753684,-0.799508567116468,0.859177189267068,-1.89206282058591,-0.199090196499774,-1.12017206955724,-1.84626267246142,-0.418948757108732,0.460112680225307,-0.679181471771297,0.10155067650052,-0.254030414333774,-0.487558217076739,-2.59571795027178,-1.22375918851065,811.88,0,0.4254080316254741,1,Anomaly,Reconstruction error exceeded the anomaly threshold.,0.4254080316254741
169553,119754.0,-4.68032946666567,0.643664213897818,-6.56321748847796,-0.648957435228788,-9.78590476500627,5.71892087327053,13.0758440670628,-7.41447316377112,2.29637576904265,2.84073869647022,0.0258067571305529,-1.69201285733937,-0.882431097835014,-1.48959445825373,0.194514864843108,0.294403793549307,-1.34550368396267,-1.03423564753184,-0.108542725044412,-5.36033848303802,0.647771458005832,1.12271264775709,0.362711982346275,0.444780754878528,-0.476573236386298,0.821251200207146,3.22654015608288,-1.74433910348454,2335.38,0,0.42150594405880804,1,Anomaly,Reconstruction error exceeded the anomaly threshold.,0.42150594405880804
9643,14446.0,0.526768162315067,0.314304706447131,-0.49753377289094,0.95956987729164,-1.62554512779437,-0.367520660557051,-2.37476979660309,0.556905202033753,0.829738057063627,-2.31111901443051,3.69646667690684,-4.73493583012037,0.419880623128532,-0.56894860659901,0.222596005641329,-1.84880413741529,-3.78602023396384,-1.18924621057171,0.0368966889214272,0.166157525783162,0.36088820638997,0.205001321878777,-0.0346286560742453,-0.010886588811521,0.146244065683893,1.07594642309162,0.301438311339436,0.171751553873257,39.0,0,0.4163639736270623,1,Anomaly,Reconstruction error exceeded the anomaly threshold.,0.4163639736270623
78090,57367.0,-10.8830855467074,-11.2493643783004,-0.445008374862713,4.16427993208032,1.97483858980774,-0.605220466098107,-0.825029624507385,1.43369440627165,0.151683273393407,-1.40756806376744,0.115661096146201,0.299391346235425,-0.435333973433821,0.848417912457179,2.7883329092122,-0.366118948776696,1.43458234968212,-1.13340561885134,-0.76406875931939,-0.482041454363579,-0.0162429534462793,0.712350180376323,4.57872294445671,-0.587714417120119,0.917713230136931,-0.0159692320724741,1.82603916287005,-3.91666212688125,128.94,0,0.4163531278083198,1,Anomaly,Reconstruction error exceeded the anomaly threshold.,0.4163531278083198
179800,124244.0,-2.84172108210671,-2.89719445485378,1.58678855168032,-0.997907679151329,-0.511238106384817,-0.592420463514881,-1.31730974097801,0.427845623336458,-0.0254279378967723,0.579542729338788,0.306498760242434,-0.463502320215219,-1.00875101701057,-0.284169836041159,0.431797998576673,-0.475429120297065,-0.410917766951427,2.3462941781599,-0.159514372321602,-1.56842897030145,-0.417110051685012,0.632685709762792,1.92687194206131,0.0248477670346776,-0.659748884401251,1.33032686948221,0.18809055614467,-0.495379700271604,65.24,0,0.4150846826981295,1,Anomaly,Reconstruction error exceeded the anomaly threshold.,0.4150846826981295
107128,70295.0,-9.77169007471003,-8.10610807806209,0.134825795725653,5.37059185892566,4.50212304244623,-2.21557777537697,-0.739098259319412,-0.628902060137733,0.725245921903412,3.03274299777578,1.0538904358136,0.842045275911759,1.44093105004613,-1.24847981770282,0.156162323386538,0.578695717642893,-0.564514188215034,-0.001005586964153,2.91551303205007,-6.55709954254128,-2.67481132995144,1.70058499081339,6.27080387939283,0.215833021166295,1.94180762271254,0.842862754847638,4.00148766716368,-1.37315093657711,1.0,0,0.41346339091332573,1,Anomaly,Reconstruction error exceeded the anomaly threshold.,0.41346339091332573
31309,36312.0,-3.29729590482309,0.918745996265908,-0.747494665796092,-2.56000923566126,-2.28446241274039,1.48064439322084,-2.9614978917916,3.05076483270618,-3.05184681819343,-0.0782753822745526,0.739479075231049,0.683491005679931,0.687088807473854,1.40868350847216,0.432122778648547,-0.27294864703049,1.93638620739804,-0.739443536112157,-2.129036991245,-1.19962684740967,0.52156844851131,0.889590756871781,0.103344627916581,-1.35966608252932,-0.453983896217503,-0.209247452117697,-1.21183937320926,-0.324848894671248,25.0,0,0.4133672743953435,1,Anomaly,Reconstruction error exceeded the anomaly threshold.,0.4133672743953435
79536,58067.0,-0.264868683737295,3.38613996883911,-3.4549969895002,4.36762905773351,3.33606042827178,-2.05391842272465,0.256890458421417,-2.95723544083265,-2.8557972336327,-2.8084555425423,1.84750351109611,-2.4148223375383,-2.57322454244165,-6.5991261303635,0.123470382678038,2.57237180761341,6.60936580903842,2.53066979960508,-3.60265725092653,0.482513022122587,-1.39450379366468,-0.166029306744804,-1.45208118338289,-0.251814670710545,1.24346054282121,0.45278677690471,0.13221807596169,0.42459946550375,1.0,1,0.41211101370003156,1,Anomaly,Reconstruction error exceeded the anomaly threshold.,0.41211101370003156
210510,138013.0,-8.35064779478268,6.88971569029984,-7.42741245549647,0.254412239470108,-1.40983580892787,8.27530505949408,-14.8746005643137,-39.6885710849014,-3.77676659349145,-7.19584633034069,-1.47984828757111,4.07891518831917,-2.95488051780507,6.5582721453602,-0.45888672336897,0.194944738628194,2.66534214812041,-1.14700697636818,-2.74618100716396,7.96976049913865,-18.6329185519133,8.27223298396612,2.40563339962733,-0.440749353102204,-2.52644813067038,-0.634162200064176,-0.105121807797359,0.631760475759777,328.32,0,0.4102291500347725,1,Anomaly,Reconstruction error exceeded the anomaly threshold.,0.4102291500347725
84396,60287.0,-4.46291118295229,-0.266743467920291,-1.32811046368763,-2.60757052895213,3.06704483627642,3.42526603109577,-2.28040745961928,-4.86961631776413,0.0654508772998931,2.00421293170411,-0.451090494714991,-0.10641807290479,-0.220061713216277,-0.435237554949915,-0.298535875650929,-1.17187677166369,-0.489543262351531,0.893522658078185,-0.862080219007451,-1.08892287796118,-0.0796639345385511,-1.31021974821738,-0.435484527050964,1.07528403292927,0.386087337963828,0.910273136364877,-0.0657762257234639,0.735422138438493,54.99,0,0.41005119330963447,1,Anomaly,Reconstruction error exceeded the anomaly threshold.,0.41005119330963447
27665,34650.0,-5.9418796412838,-3.93747891364156,-0.705927608152937,-0.131232684205049,-2.86498498058643,0.306274746383657,0.347397439251502,-2.27092363985722,1.037161525191,-3.22842255195822,-1.1827049906812,1.14793647374703,-0.205102835832677,0.62246555179767,-0.0094621503868606,0.25354189583556,0.376835768169284,0.0727858967363038,0.15019512096226,0.16721863717533,-1.44762389652345,-0.195392800589436,-1.46759205518405,0.592261632877815,0.242411809041956,-0.88561052986663,0.558464363748462,-1.12473978461057,707.94,0,0.4096483630238982,1,Anomaly,Reconstruction error exceeded the anomaly threshold.,0.4096483630238982
256103,157540.0,-6.06935846919716,-5.7802581942079,-1.77695853441476,2.4219752955902,-0.583846680498684,0.393002999248385,0.793442724066611,0.315730157039232,0.519709469877452,-0.100716362438671,-0.167275181848328,0.521580225007095,0.944563568859427,0.261028341245959,1.58280379298582,0.387430925253494,-0.146321891744213,1.57065045069055,3.72236852215204,-2.17440410360077,-0.49603143117227,1.6315422731311,3.56501238982083,-0.909351270988642,-0.0421879964218546,0.644348333323272,0.666045100995118,0.0632621931605432,500.0,0,0.4084731956117243,1,Anomaly,Reconstruction error exceeded the anomaly threshold.,0.4084731956117243
55926,47191.0,-5.16657910333722,2.04073232004503,-1.14329770503368,0.426156229809976,-2.47047918876495,-0.0514804680687474,-2.73473389525955,2.03335492820379,-0.214204958432037,-0.71398036270821,-0.298335376313246,2.2920052060363,1.22427955627356,1.31796127465813,-0.916031041689464,1.1956011434172,0.509658845702549,0.612201115187406,0.649374606892067,-1.92470638954697,0.872077257920831,0.173736878600606,1.0420800972401,0.0584161092771096,-0.239505600342431,0.198933718303874,-1.19292674350662,-0.4669138101371,25.54,0,0.4083268527045259,1,Anomaly,Reconstruction error exceeded the anomaly threshold.,0.4083268527045259
14483,25660.0,-3.18686326840921,-1.47826501502813,3.62019030957441,0.313966467509445,0.288829008143181,2.10933082142474,0.180205733063754,-2.23426340229874,3.48962098736297,2.74627852103072,1.59196882988611,0.260764855278665,-0.853647682070197,-3.24009383486514,-0.537296409829462,-1.80568676608657,0.220386465481259,-0.719147777801054,1.39459639118056,-0.612059071009404,0.293200640171786,1.01467278221207,-0.432557250461236,-0.13046687928501,-0.234896325832451,1.13607089600827,-2.95681819568402,-0.0806801272792011,32.0,0,0.4082440269914372,1,Anomaly,Reconstruction error exceeded the anomaly threshold.,0.4082440269914372
70950,54085.0,-3.15544488606129,-0.445115723968768,2.23790728048545,0.717550682778206,1.13644276890175,-0.145913732720194,-0.135034941251379,-0.620841537092569,2.00800405026929,2.65812782321283,1.63593577814454,0.693759981663723,-0.534111898078885,-1.5902406566649,-0.490888254756404,-1.43631661040711,0.274895542560471,-0.693164007789511,1.41614583779124,-0.113469559760922,-0.785260983547603,0.227770856645715,-1.22910267984938,0.395115852908285,0.24498441771284,0.649741600844549,0.358706670666486,-0.286112285665312,66.5,0,0.4071159754842304,1,Anomaly,Reconstruction error exceeded the anomaly threshold.,0.4071159754842304
201538,133927.0,-4.86455105441732,1.38113146242036,-5.16487521263963,-2.11784978425181,-4.62393652839752,1.67851386408297,-0.591489898099526,3.26460018818748,-2.01553328696358,-1.41145037194037,-0.664464940424011,1.10467838880371,-0.0245524239370417,3.08339515445997,0.266717197416668,-0.668419534171052,1.44353863622031,0.942729570547118,-1.40500147037563,-2.75200330337105,0.226345038291306,0.7900026135124,0.140311612416401,-1.50099297408124,-1.25682490821583,0.893834145214596,-1.25000077214812,-1.00962716674211,476.0,0,0.40670437830873635,1,Anomaly,Reconstruction error exceeded the anomaly threshold.,0.40670437830873635
172179,120989.0,-4.19537667205038,0.549388294803122,-0.0108731144672911,1.32768454088378,-2.06299555209888,2.11683695821355,-1.0071776488549,-7.0241024079695,0.65931748221864,0.522227516389423,0.758601248872167,0.198400820534406,-2.08592455466611,0.770314749224841,0.682427544945679,0.761438534806247,0.10396983117967,0.373585800771909,0.857721432511017,-4.14542905687945,5.00755196294021,-3.41424883968917,-6.13902947630932,0.388334022603623,-1.13939673499808,-0.668824531149585,2.27260061808772,-0.449885729396868,1156.0,0,0.4050461820843467,1,Anomaly,Reconstruction error exceeded the anomaly threshold.,0.4050461820843467
149637,91626.0,-2.98037615000442,0.598477090823631,0.0833154420065696,-0.576046593181432,1.45176308190248,-0.203727318447412,0.0367649336650595,-2.1448029135695,3.30063255465305,1.4298046257339,1.04141603746203,-1.1088668696006,1.95022626690975,0.190236814604078,-3.71797015066511,-0.467380212588389,0.0330878211319462,-0.436143862228835,0.0661197705723008,-0.739158199290992,0.507472103134393,-1.13604524658758,-0.584649319245613,-0.466430869257493,-0.502406876766543,-0.139518650547526,0.955296059493843,0.197941823333308,93.96,0,0.40342251180879996,1,Anomaly,Reconstruction error exceeded the anomaly threshold.,0.40342251180879996
194187,130472.0,-8.07367898531751,-5.58894498875912,-2.27006288598777,2.68882200283727,4.13180402999653,-1.84714977903475,2.28784178128902,-3.91518700383554,1.87809601639867,4.26073858985181,0.063461661439554,-1.30318423527817,-0.119815220806002,-1.43947165155558,2.31625906165498,-1.38807252960208,-0.366804500018576,-0.697840006151883,4.13788578734405,-7.19154588824385,-1.62421026300509,2.24880254330115,3.61229540309584,0.909120757564497,1.20152531110692,1.15451030969763,-0.649753107989855,-1.28863922010221,1.0,0,0.4032174036401691,1,Anomaly,Reconstruction error exceeded the anomaly threshold.,0.4032174036401691
223319,143333.0,-13.4024155311505,-14.2600617977268,-2.9048643810017,2.74988852467081,4.41064023228396,-2.04587466720967,0.0266827396512982,1.12626567624774,-0.126146411406645,-1.6372485060231,0.251278732989768,0.816204883517844,-0.153182801011737,1.21828043898498,-0.0033090425589567,0.478092121346643,0.238055600293291,-0.699562026073055,-0.479524885828079,-0.246959650892446,-0.233400400634054,-0.0070396691407816,4.81015504008721,-1.50683363141851,2.00527247247981,0.817876519709937,2.21845009154974,-4.74968661734219,129.7,0,0.39902893777714277,1,Anomaly,Reconstruction error exceeded the anomaly threshold.,0.39902893777714277
22614,32342.0,-6.0988968570311,-0.725314995684497,-0.409644876972309,2.0281184218454,2.13380607768661,0.987745901932467,-0.541682924184678,-7.34034133268891,0.537241480475816,1.12161290361973,-1.44306680836167,-0.315524693154711,0.618161193120868,-2.14132402118603,-0.385822583135863,1.77148917868942,-0.32755997486093,0.179208638489488,-0.483090375434465,-5.23957155688263,4.36108127244556,-2.25607318834997,2.45332757150009,-1.0930783867164,0.868028626232591,-0.0432674642687988,1.55177099398591,-1.16960550280061,144.27,0,0.3963977322258085,1,Anomaly,Reconstruction error exceeded the anomaly threshold.,0.3963977322258085
32946,37029.0,-3.01414228434473,-2.08232540908756,0.112484995190081,-2.44461905834253,1.45945428859978,2.02614567323793,0.829261384864568,0.241690270076695,-1.33773031404237,-0.0913509705126478,0.521094241890857,0.26809980680433,0.68602816885458,-0.0382600395639377,0.429991074477615,-1.21633362625759,-0.414324776533398,-0.240939286217486,-2.70797626429684,-1.2198874529536,-0.618459349096633,-0.821883396440977,-0.247918467809919,-2.70467175751893,0.305059052449527,0.644525181394428,-0.362166545788149,0.687891106913743,350.79,0,0.3962613001626419,1,Anomaly,Reconstruction error exceeded the anomaly threshold.,0.3962613001626419
66527,52094.0,-9.15661683457363,-9.85070356123498,-0.420797341622058,2.48174794657326,5.69850606931885,-3.90718402082651,-2.48096186599962,0.620553812719717,-0.405992751769937,0.172432115749575,1.78863013685748,1.03468454575943,0.137850789268619,1.08236453514673,1.50158042338699,-0.39115780702434,0.539664179611974,-0.609895987961874,0.852035746053754,0.269173207289971,0.0963722030545017,0.0039138368259619,2.0000534508805,-0.158816219248097,0.912882767868197,1.2465615150313,-1.03278139638336,1.60802981271047,49.55,0,0.39583586119155173,1,Anomaly,Reconstruction error exceeded the anomaly threshold.,0.39583586119155173
24985,33467.0,-1.8934394189585,1.49403362558418,0.586335642326946,-0.337359421063001,0.2423338399561,2.05151809222236,-0.640439331136253,0.525456717617778,0.539814481392457,0.337025087797165,1.10741535546058,0.758783735416757,-1.35813531666158,0.35149197039126,-0.135083162936084,-1.36295799547961,1.20119619021518,-1.58213695560276,-0.915437041999806,-0.0081584703029223,0.833919939927174,0.405015607885347,0.0979409357830111,-1.34949594215161,-0.280523734526708,0.520436181666962,0.641792281142616,0.2966784167583,1.0,0,0.3938760830330021,1,Anomaly,Reconstruction error exceeded the anomaly threshold.,0.3938760830330021
7596,10509.0,-4.3253657046483,-3.42707802850997,1.68071202384028,2.65271659544377,-0.585960233623224,2.29569567389184,1.07773910745153,-0.856466838832577,3.67211812429714,1.07328417729019,2.19263643143714,-1.56693725180955,1.60111660191786,-0.789675536243598,-1.57727088988029,-1.1922535264499,1.03679245568912,-0.36093428046082,1.0154273395113,-2.53026069357276,-1.03295771216798,1.13912161204115,1.4447335502308,-0.227048411248015,0.0986950904802759,-0.23307340408431,-1.66000826781747,1.52014704658052,276.92,0,0.3938443334746712,1,Anomaly,Reconstruction error exceeded the anomaly threshold.,0.3938443334746712
76705,56705.0,-22.1874526435868,-18.9550811559028,-7.27728493816164,4.78635625536084,-6.21432609029272,3.1377379378543,8.67615157984331,-2.79071959123175,3.98272218014165,2.06443995002562,2.57775229519834,0.82102197055061,1.44319133709482,-2.22935432440484,1.8748738440901,2.78963587408457,-1.01012415575378,-1.90360006334874,0.818867655673521,-11.4852297576421,-5.00618077397513,0.090859163609426,-1.27454780322374,0.743120981600387,0.893133773351433,0.885373895576889,1.27672363138659,-2.28557653269914,950.79,0,0.39363578444109526,1,Anomaly,Reconstruction error exceeded the anomaly threshold.,0.39363578444109526
104317,69014.0,-7.89769571468977,-0.553058975128909,-4.04406343506373,-0.44360359916899,-3.15515059432868,0.0765789916165206,0.479919131762947,1.74348167880131,0.721221439619278,0.253842857508556,-1.53972909793753,0.814386147444748,0.883644939594518,1.2666629995881,1.107654286667,1.69487759956321,0.0743404915168831,-0.899014828195235,-0.64922073209736,-2.04173429546807,-1.10540629658348,-1.11729888650284,-2.98289167838257,-0.553613514332365,-0.410050202180479,0.74031444753105,1.39505870034687,-1.7165909171865,647.73,0,0.39342940925035796,1,Anomaly,Reconstruction error exceeded the anomaly threshold.,0.39342940925035796
87730,61813.0,-4.05777856219003,-3.2059154636019,2.53541320185658,1.97905475250219,-0.939674297564507,2.40484871858045,0.848043373681449,-0.146574233288623,1.8796814393809,0.277444177018216,0.860019732054501,0.527884953731042,-0.850321015445856,-1.73066141859317,-0.8239732376898,-0.964146534243929,0.448882602596427,-0.114590263535578,0.879968885845043,-1.63625897277809,-0.467712706928895,1.52423333174044,1.39622582581022,-0.195524233961168,0.731834609172412,0.0542718289272913,-0.639474950543577,0.730296157709159,337.1,0,0.3920515848155413,1,Anomaly,Reconstruction error exceeded the anomaly threshold.,0.3920515848155413
80420,58477.0,-6.96320516363816,-5.31862080242436,0.178785016872463,-0.227183718530449,-1.08864932572111,0.745900148769952,0.721974129619761,-0.0335675479048136,0.607526137708951,1.162099422925,1.4230333182164,0.140881256197163,-0.158295142921926,-1.22972321588016,-0.659033663052205,1.23853835152963,0.537966759720667,-2.04609830895178,0.32251395879212,-2.60350770761543,-1.16353518942101,0.588426259581111,0.322422841146913,-0.0664110372790054,0.789308764586778,-0.149901940839234,1.39387416808666,0.0646359556758939,566.2,0,0.39205142345494015,1,Anomaly,Reconstruction error exceeded the anomaly threshold.,0.39205142345494015
92480,63952.0,-1.02310282256783,-0.874187570197488,0.212320066157764,0.584044390083228,1.36298783358316,-0.466184282448643,0.354718476501838,-0.281949674402174,0.888759868403903,0.128596996263585,0.558924447152316,0.0527109338650935,-0.492174908940987,-2.06547633507718,-0.94557450943349,0.435935031845635,0.257289275182301,0.941717049376709,0.663181213854883,-0.106136425778982,-0.346409636118271,0.0318309642881588,0.90025160219276,-0.63305389714298,-0.0010795153984971,0.288032920715245,-0.310632449311537,-0.317492897092195,12.31,0,0.39120520245920337,1,Anomaly,Reconstruction error exceeded the anomaly threshold.,0.39120520245920337
116041,74123.0,-4.31062658574919,-8.14475344760239,-3.01295294226709,0.325622792523147,-3.31038417742347,1.93550978705509,3.93193156225612,-1.34648431113866,-1.32419721450326,-0.963749826579625,-0.220434605466014,-0.330406091509026,-0.675235279767639,0.976352432686031,-0.578290230299877,-0.861687238404183,-0.241925687094998,1.7419774513806,-1.67335221604426,4.44675133414383,1.88345938907019,-2.07297036840949,-0.890316671539365,-1.09895030324458,-0.182490109838538,0.789501064310637,-0.428061774839427,0.609914235444999,2545.87,0,0.39060865784855303,1,Anomaly,Reconstruction error exceeded the anomaly threshold.,0.39060865784855303
186691,127216.0,-24.3217558690437,-20.3205050380402,-7.84465472154856,5.68551542841882,3.02306782945774,-1.30634880642763,0.210872972273668,-0.251555232960035,3.04820285095629,1.60679366663944,1.17588702735445,1.74868391277983,2.03060381374165,-0.338958941252469,2.37380433486111,3.30193168125665,-0.519895784160325,-2.2287186378064,2.3005096608516,-18.2390845166546,-6.27670090156463,0.922844575010934,5.34664003755844,-0.094693220377784,1.60412762447397,0.583656928684173,3.44158334145379,0.22917848428319,201.14,0,0.3901714853509814,1,Anomaly,Reconstruction error exceeded the anomaly threshold.,0.3901714853509814
97358,66183.0,0.924204974355968,0.707336701337109,-0.492419147364267,1.02556769641326,0.358627109908059,-0.519251053268016,0.262480454145669,-1.04570262742113,-0.130115822748545,0.214562480357865,-1.34178129380137,-0.603365268594657,-0.900876131062035,0.833657056887113,0.964953511293623,-0.13012697371954,-0.365056391085349,0.134652393995198,0.482249224030559,-0.29703150298889,0.779289556194301,-0.168855031011968,-0.0797956917855225,-0.465776850507069,0.358378213402346,-0.258634594306689,0.213693947859328,0.233464232255344,2.99,0,0.3899935863348837,1,Anomaly,Reconstruction error exceeded the anomaly threshold.,0.3899935863348837
64171,51061.0,-4.11316717252703,-2.66046476692203,-1.25013888894161,-0.943429504353101,-1.84950641608661,-0.689665764042722,2.13575396963386,-0.516313193266947,1.17446061546829,-1.08886389988686,0.318804892371628,0.531274781791934,0.262708644106284,0.23225067564376,2.06167729725003,-0.459598049378067,0.163772245477247,-0.498507769852127,0.499917651522907,-1.98878536146741,-0.354273428374051,1.08440997767995,0.47330941257512,0.615358451794907,0.0036220036142686,0.0373875927037811,0.218527440981723,-2.1248434357661,320.0,0,0.38983442727484174,1,Anomaly,Reconstruction error exceeded the anomaly threshold.,0.38983442727484174
8089,11014.0,-4.19538176549877,-2.07957184639945,2.26378249418784,0.024204623915589,1.86444614424779,-0.465407476465721,1.85827849525497,-2.67416011420407,3.17157037615782,2.81131667231295,3.13608876713422,-2.74083115424508,2.01935307037108,-0.864732662527554,0.798978749147978,-0.134440531720688,-0.863769819329515,0.190926088555048,1.70718385792411,-2.40467586142185,-1.42549237310915,0.260982935837143,1.14766736248366,0.0812768027352321,0.207384771889465,0.776862797444753,-2.42500202573648,-1.39884252841369,11.49,0,0.3888277759378475,1,Anomaly,Reconstruction error exceeded the anomaly threshold.,0.3888277759378475
10783,18359.0,-4.07179906183145,4.92976519057674,-9.5233489113068,5.79191776457227,-4.77256107451684,-3.3072468142379,-8.51368011017379,3.07399945571264,-3.29762518911462,-10.95755089007,9.5407456285899,-14.7458493424181,0.0785630629037136,-13.1279711679022,-0.489527952922867,-9.86033886455941,-16.5111433452125,-5.11451986577754,2.00171025420955,1.35694306400582,1.50353969875991,-0.331471141569323,-0.0238270454743375,-0.0172984688000735,-0.0031548968238989,-0.30267316362824,2.07422617595988,0.662986332638537,89.99,0,0.3881195854463855,1,Anomaly,Reconstruction error exceeded the anomaly threshold.,0.3881195854463855
177813,123355.0,-9.65251218594054,-6.86662446624565,-7.16483888216698,0.352727645602744,-4.78739689384114,0.787738219788232,1.82526870037179,1.62235069981901,-0.384251266785963,-0.288985010099538,-0.766001017752464,1.54961640593173,1.85663972749378,1.07806695696212,-2.50138018802809,2.37706110976525,0.642645119939188,-0.707884099364391,0.0681805506837198,0.0423180512217035,0.454517344084654,1.00061526567211,-3.87432490589401,0.724829193189498,-1.36632553302111,-0.294386179398012,0.93444378064659,-0.832210296985574,650.0,0,0.38759446351268706,1,Anomaly,Reconstruction error exceeded the anomaly threshold.,0.38759446351268706
194036,130414.0,-12.3981814800418,7.16599732739993,-3.93583630681326,-0.604871982205158,-6.3250950579808,0.501425538012408,-4.05241535697245,3.58517500273303,5.66559154858375,8.99084907081772,-2.62017105159186,1.25916988791239,-0.0111709842385842,-1.22062550549048,-0.93984864197494,-1.77937068840193,1.73828915510284,1.61493718999979,-0.836002878103557,2.51454788512994,-0.496115327446807,-0.844896826855341,-0.0612714585573469,-0.0749144600635782,2.23680808498551,-0.134459171087161,1.58182942686352,0.986854784271536,50.0,0,0.3863923050413674,1,Anomaly,Reconstruction error exceeded the anomaly threshold.,0.3863923050413674
277737,167826.0,-6.62947038719607,2.8725878702777,-4.81794651246083,0.799106043362674,-2.84253834233179,-1.94135055936202,-4.60983719955174,2.13061145293726,-1.58257646275685,-3.41996778917786,1.68868816915034,-2.81556289916859,-1.50954532554824,-1.02644937916837,-0.279815482631857,-2.54279899264442,-5.78119944545681,-1.42027183623963,0.731522099229579,-1.62264666870688,1.90335848687113,0.551154392970031,-0.621413962107273,0.0868360861915362,0.233893815851082,-0.256196059593985,-1.86176446733169,0.261256476201626,1.0,0,0.3862884267946517,1,Anomaly,Reconstruction error exceeded the anomaly threshold.,0.3862884267946517
244564,152406.0,-11.660483382645,-1.159580663675,-5.00504880627567,-0.267058524604447,-1.44411324671777,7.88437007068781,-1.01727892955933,-12.4500704265333,1.71273460275003,0.77162641876573,0.0469102433703559,1.18398833008731,0.102211278627378,0.378254841481987,1.2558881525946,0.862711777622184,0.531549988920769,-0.737796765391729,0.925876299062457,-7.34274620175753,10.1524764884697,-5.40470292450999,1.38245745240094,0.794298561638714,0.711342410609626,-0.512377146239447,1.56019083519565,-3.6756321577224,508.39,0,0.38447598732632104,1,Anomaly,Reconstruction error exceeded the anomaly threshold.,0.38447598732632104
245920,152966.0,-3.85742308153882,1.77926781326974,-0.409679493633726,-3.18879103112427,-3.37081065220825,-0.230278444534051,-3.05789718642731,3.00086343282668,-1.68732947590657,0.928806990489468,-0.861208591451,-0.223421011431345,-0.375813287523458,0.897015434951009,-0.972450494445879,1.15925648186264,0.668190413490775,1.34561394138867,-0.729597751028663,-0.287411874622088,-0.0500848405540029,-0.200460088366966,-0.0228476281839473,-0.495571041499545,0.749918384046076,-0.13421610717363,0.0876213286301038,0.0233875665797259,10.0,0,0.3844585571831332,1,Anomaly,Reconstruction error exceeded the anomaly threshold.,0.3844585571831332
139903,83420.0,-4.9684449743471,3.420006779498,-0.527126340048628,-0.279728449653203,-1.11011744109057,1.26336048568457,-3.30237646596883,-7.50367957580026,-0.12528912704912,0.531047087415107,1.67713809820567,2.26236047787375,0.366089052622488,0.927666881672441,0.201537417506006,0.482643012535192,0.0639445996697174,-0.514710904603597,-0.680189239884382,2.09594577406571,-4.01465465974886,0.742465848426552,0.868663462854447,0.149928716186369,-0.442022055770032,-0.193117567627767,-1.30702151197661,0.242637618615252,1.09,0,0.3843706652328077,1,Anomaly,Reconstruction error exceeded the anomaly threshold.,0.3843706652328077
29808,35638.0,-8.81243667074431,-11.503300631559,-3.10605990101067,3.12999741848693,-7.1528133297632,4.96129898269013,9.30373198426007,-2.30235417214126,0.460387509509818,-0.822138908019326,2.52523277839584,0.571723027328414,1.9369441807372,-1.15988963257994,2.27687247440898,0.623058525863649,-0.219374007046422,-0.193115677784049,1.54032718681177,-1.26219095007275,-0.793518013390893,1.26304461668079,2.77034809885248,0.101069542099718,-0.350390730653468,1.72868366613711,0.834066522207682,1.13807763353578,3055.88,0,0.38368060947409527,1,Anomaly,Reconstruction error exceeded the anomaly threshold.,0.38368060947409527
62278,50207.0,-1.66439847197533,-0.681945659982973,1.53408755428059,-0.63785393382727,2.76038980542683,0.84322515185746,1.73312587528068,-2.10320736417673,1.18138971650568,2.37178068079141,0.838078613057442,-0.209380851487226,0.63700626907989,-1.8992109082839,0.649447738831223,-1.04411158145599,-1.07395675360291,-0.360962181801329,2.33816826210589,-0.561250083092595,-0.745867456735687,0.164710100013954,-1.79261244711934,-1.44858811038333,0.0232549508539348,1.1327818462875,-1.76185785900681,-1.98926216497106,147.0,0,0.38298251021073515,1,Anomaly,Reconstruction error exceeded the anomaly threshold.,0.38298251021073515
134655,80906.0,-2.85876673999446,-1.31964663069059,0.275921178626737,1.86843274612823,-1.03462404082312,0.59215792128271,1.01003951213568,-0.0508454311926099,-0.0952265373834882,-0.744554027543894,0.973400292702435,0.281080907429904,-0.201808491354945,-1.55887476901157,-0.0223763446354704,-0.0010470504421534,1.57836674377754,1.12522210267114,2.30330698130594,-0.464821896037719,-0.261055909734632,0.0808035416191924,-1.42721960593309,0.1199854370191,0.0614970138771989,0.878337435465239,0.379179480172635,-1.03418886080402,476.24,0,0.38124504817404614,1,Anomaly,Reconstruction error exceeded the anomaly threshold.,0.38124504817404614
126263,77970.0,-12.855012142168,8.49046598283968,-4.44373828378475,-0.642469203591006,-6.03817021322452,1.17239223869026,-5.24229133100399,2.18817810087168,4.62915472333219,9.08971028111541,-0.158365545260866,3.31743629280492,1.25399564417954,-0.641782239333754,-1.7437928745586,-2.19832911967368,2.23529091588891,0.997702072048821,-0.691110190862045,3.82290966680999,-2.53196160853348,-0.450500796101986,0.559744728371233,-0.0891203968608567,2.08305542375168,-0.0276868756706778,1.96914126443487,1.04356074977189,20.0,0,0.3796114030222588,1,Anomaly,Reconstruction error exceeded the anomaly threshold.,0.3796114030222588
213675,139348.0,-18.1795083080119,-28.0974326695623,-6.49244278362623,3.1243022418105,8.51068757883257,-8.38923840587469,1.28835770107818,-0.0527231425179456,1.23583894376734,-2.9508995542547,-0.0372894586605052,1.01593686539578,-0.466280396746344,2.39869528043366,-0.349751103008161,-0.853219808816943,-0.735741623982372,2.39713021136925,-0.590963489027337,12.0637168582993,4.08104410380272,0.486429575590687,11.4667093161928,-0.851327016609145,1.53534384953119,-1.00397064015209,-1.32624265809457,0.981302274845241,3492.39,0,0.37877380164287344,1,Anomaly,Reconstruction error exceeded the anomaly threshold.,0.37877380164287344
164421,116702.0,-2.10748789291089,-2.56485672770269,0.739297062043554,-1.68366880719522,-0.542288800108768,2.90084475870918,0.0309639986120972,0.327518415947549,3.33403837276763,-1.14056659873308,0.352137922440765,1.22724351118255,-0.536379582717858,-1.44356736914125,-0.582077590217345,-1.57862439249775,0.564233972369415,-0.412211771148626,0.908385712269434,-1.42864542412847,-0.0926298577553331,2.01851518655933,1.16370723732962,-0.608218005705521,-1.17736899089363,-0.106489970465737,0.279801250833698,0.0107817722886785,278.24,0,0.37766597238711624,1,Anomaly,Reconstruction error exceeded the anomaly threshold.,0.37766597238711624
129180,78983.0,-0.862424731134963,0.453673961130305,0.303072976842403,2.32552209000998,1.06440115150357,0.36921614431398,-0.473249303545622,-0.467596837746042,-0.590171689495048,1.54087514157049,1.27659600216871,0.326284780460816,-0.85051891271534,0.613153945641347,0.298500605923296,0.0829878122630056,-0.178257637896901,-0.54332417735369,-0.743498734718886,-0.658068475568444,0.782134352737667,0.187132324681739,0.793171805297569,-0.347892530225716,-2.74602875361664,-0.558373180933309,0.589773891895584,0.457487258207245,4.87,0,0.37607281974412404,1,Anomaly,Reconstruction error exceeded the anomaly threshold.,0.37607281974412404
15125,26474.0,-3.23741174531245,0.276322431945114,0.887077158445404,-1.39961150894362,-0.0089342660097143,-0.372216778190271,0.840949141941764,-0.323839199892417,1.21208077979027,1.50761215035772,1.66916345573211,0.398328425217659,-0.484927308609735,-0.53289331609765,0.416229917760172,0.499606551814356,-0.891046955360343,-0.445484630386497,-0.66715230821286,-0.680736310901707,-0.52833029580129,0.0752747776518744,0.446445885802195,0.0718342650573813,-0.131823399997549,0.7300570418604,0.27328814487465,0.221317807663782,100.0,0,0.37521558222921914,1,Anomaly,Reconstruction error exceeded the anomaly threshold.,0.37521558222921914
245840,152932.0,-8.89840657265365,-6.88874549805089,-3.50466783078907,7.0513195106283,-0.0768441865477967,-0.33536033843751,0.300697749190691,1.32596827038205,-1.91831217165401,0.756206969026846,-2.02075987525415,-0.551085697170819,0.215545053696522,1.73599644853152,1.10759855807863,0.989732865434072,0.668293884309557,0.780348276707976,1.23094542520558,-0.466244312907473,0.236931670662711,0.751692880391526,0.614118044188523,0.793516555998479,-0.227579971673749,0.53977648975764,0.650108040517671,-2.28421083609891,10.59,0,0.371538345909757,1,Anomaly,Reconstruction error exceeded the anomaly threshold.,0.371538345909757
190263,128759.0,-1.2721170378153,1.82761538129723,-3.81060977838022,0.583759429066067,-0.641241659911406,-1.38904348579078,-1.95405395436729,1.17391997369635,-2.05319134425828,-3.34506130667145,2.37640423683332,-2.53805206931871,-0.0904541466730078,-2.42616754529086,-1.61864781114481,-3.51594398365266,-6.19900773693385,-2.41060577215255,0.760435151630973,-0.0272684521661314,0.858998001255691,0.858774883586953,0.0830791493463243,0.741676007542821,-0.173233871025323,0.534870071750152,0.183562195629891,0.0203162223012201,0.76,0,0.370722034817805,1,Anomaly,Reconstruction error exceeded the anomaly threshold.,0.370722034817805
149494,91343.0,-7.07920636148581,-10.5164855644163,-5.64015726419946,-0.10277396892911,-1.54095923433474,0.167168030818566,5.44918753923665,-3.11929353992052,-0.558967552755805,0.499934546340067,-0.596783451547873,-4.05920772259343,2.64448063174873,1.28282452887779,-1.46725634054141,-0.0086214280243965,0.412282042898713,0.342524574879986,-0.748439090744212,-1.22685411168112,0.260591445931873,0.573226151916174,0.693597510867973,0.300149182178892,-0.6434041432685,-0.0372752681970922,2.46868134154565,-0.849538388826228,2477.43,0,0.3701024799657853,1,Anomaly,Reconstruction error exceeded the anomaly threshold.,0.3701024799657853
150283,92960.0,-5.18174929208693,-3.49166291436975,1.0911162241311,-2.82293723701429,0.520874850868675,2.05450600714156,-0.382273302599725,0.772023653279457,5.00298545662035,-2.21689184247108,1.16208018455041,-0.48692630088226,2.16169049533567,-0.192243038272257,-1.74643358187378,-1.0410217876833,0.759384128859384,-0.110699513947233,-0.282181652294741,-1.63260822952095,-0.712089907497303,1.26691507059393,1.44415401380582,-0.898613772618196,1.5966391910745,-0.562147590167024,0.576294551413161,0.334002128375342,222.04,0,0.36984968673476193,1,Anomaly,Reconstruction error exceeded the anomaly threshold.,0.36984968673476193
137850,82355.0,-2.58496705268012,1.30950932561394,1.43703667979238,2.51705421681994,0.446245948631476,-0.149112930311146,0.716026960757191,-0.305535041252827,0.0396030857003936,3.52765506496967,1.47839431570485,-0.262304975309285,-0.644003963870148,-0.368141951541567,0.943119180066204,0.0763215609961024,-0.568252850229823,0.278731499109232,1.15196962574737,0.209895856604916,-0.752370487179644,-0.344208939013236,0.710455179948231,0.279468905976593,0.0155003849960834,-0.0243022393758769,1.00207239670935,-0.156074074065808,5.45,0,0.3696106227918085,1,Anomaly,Reconstruction error exceeded the anomaly threshold.,0.3696106227918085
222543,143021.0,-0.936646897023789,0.297919641802264,0.842377947012538,-2.45778196259576,0.217552275253723,1.35377630151495,-0.76479804817658,-0.570409153419535,-0.546705972473527,0.430871441283599,-0.619505511907184,-0.610480828979865,1.09631931776046,-0.917633234801569,0.715074611496212,1.68233267030942,-0.33950200857166,-0.776400254246918,0.124854550280423,-0.110648117697984,1.13094172950561,0.505322873668055,0.251086835615335,3.51115149452996,-0.62488507910198,-0.538469094569106,-0.284527618765399,0.215087598704843,24.46,0,0.36806499298964307,1,Anomaly,Reconstruction error exceeded the anomaly threshold.,0.36806499298964307
205792,135918.0,-6.52046952173259,-4.06000977912816,-1.7764893506168,-1.05716109320496,-1.47473655560591,-0.694193207319737,1.22935455332531,0.905061970384223,0.685604244656109,-2.13117997867972,-1.89594469511271,0.824467374948189,0.726367901102434,0.580851541224476,-0.436287782023379,1.20054364893946,-0.392863525403284,-0.466884446408278,-0.468026242206996,0.55371986352542,-0.402158943400875,-2.03038408313346,-1.39707491128026,-0.4903379318748,0.394829758074106,0.119111103509187,0.399198817521661,-0.777357602819111,509.92,0,0.36738673820150697,1,Anomaly,Reconstruction error exceeded the anomaly threshold.,0.36738673820150697
21128,31487.0,-3.20982594142155,-3.19196335023285,1.20149661317634,-0.231707925068116,5.26331903965879,2.27824403747132,-1.79240047963599,0.157610753693942,1.57112928833548,1.26645315745179,-0.179043059481551,-0.164837416943941,-0.0077975034906483,-1.36559653355171,0.617384707110721,0.122159450480637,-1.11250751323001,0.111455765654726,0.746703352950048,-0.629512294906842,-0.649440029491756,-0.205726297351984,-1.05582227610845,1.16704842668273,-0.271022014344263,0.192252304892835,-0.323662230182879,-0.293302716289733,34.02,0,0.3673724265179029,1,Anomaly,Reconstruction error exceeded the anomaly threshold.,0.3673724265179029
220379,142143.0,-11.6871269364196,-5.50488718774284,-8.8673668483781,2.97100792149048,-3.08466649645411,2.96734485909338,5.17538504397547,-0.902268753280998,0.989229230516256,2.27637844291304,0.878929010678984,0.76708084746061,0.659243777852582,0.922780312983444,1.21376667014266,0.25231298275817,0.155972075529161,-1.35627879397721,0.829567689021755,-8.29011849991316,-1.84080886214054,2.2203087987552,-1.70630006995671,-0.340310797519599,-1.13555312046804,-0.428579237426356,-1.98656335351901,1.97520697152664,1020.0,0,0.3665522945966565,1,Anomaly,Reconstruction error exceeded the anomaly threshold.,0.3665522945966565
243015,151754.0,-2.18642974150141,-2.24043430324089,-0.860729582298718,-1.4555832984205,-2.40798299635756,1.34459982827602,3.36624243250392,-1.24595765357595,1.9461747763912,-0.324459339474892,1.30266940452244,0.216097242831739,-0.356819893473014,-0.530716705375436,1.52633175850661,-0.207152022833805,-0.847669979768227,0.998739329720776,1.86462156262062,-1.90536563662363,-0.361304956575589,1.80027010233246,1.2523721361103,0.835604726619666,-1.11776324107881,-0.242385347763022,0.194455829415806,-0.0996512023361105,683.46,0,0.36579961456795884,1,Anomaly,Reconstruction error exceeded the anomaly threshold.,0.36579961456795884
41040,40508.0,-10.7864287565765,-11.0709058171151,-1.0726884093378,3.50588474569505,-0.145007609680451,-1.67449828105921,0.0960931240364443,-0.383510827646906,-0.2694570365121,1.13975189178031,0.402349057157479,0.596491633317665,1.70356898468887,-0.103594905624776,2.70163765443193,-0.667072636188866,0.250594166963217,0.98193346699878,-0.912380493412397,-1.71931036637019,-1.09093573396173,-0.909824038744913,-2.39949967922216,0.990335451215834,-0.219373672610326,-0.312303476420898,1.28239233724887,0.799780505983933,1017.5,0,0.36538503769523994,1,Anomaly,Reconstruction error exceeded the anomaly threshold.,0.36538503769523994
57121,47770.0,-3.94588762400322,1.20918086920296,0.469537903721366,-1.71240467008986,-4.27429413029261,4.27962892427689,-0.636022935176124,-7.99082914851175,0.873429220594059,0.938015694218586,0.687563298764107,0.442322195343023,-0.694131311904828,-1.3002502128945,-1.86404755728754,1.24632093144415,0.69394500154064,-1.41621889751966,0.104342239935537,-1.40888678673867,2.65091731174894,-0.823415221918522,-3.36818967937647,-0.0588012609206928,-0.217427816171553,-0.185966057015376,1.69282670270739,-0.361477428669724,1000.0,0,0.36495446774634804,1,Anomaly,Reconstruction error exceeded the anomaly threshold.,0.36495446774634804
210895,138171.0,-6.91259248058441,-3.6080981824688,0.77151194572851,0.267415304676697,1.7112426518376,-0.726485701727401,0.747931460654611,-1.74027767371776,2.90141970679347,2.32170395924567,0.265017665138303,-0.824627604895184,0.639367815233796,-3.58980940390886,2.34510567293595,1.46652063142391,-0.927239186923886,0.648660137454042,-0.157547297835358,-3.28425370292929,-1.28894568427786,0.729960268659953,0.156015926892427,0.736707019766749,0.697696711422619,0.42485783648784,-2.92947314984576,3.25044540390403,20.0,0,0.36469416843550506,1,Anomaly,Reconstruction error exceeded the anomaly threshold.,0.36469416843550506
41359,40649.0,-8.52028611454175,0.781487289804934,-4.96155094468204,-0.139906092424858,-5.03044442147909,-0.378378196305094,0.0057823297823045,3.17800249539704,-0.449005788451181,-0.299144793402371,-0.058227957371395,1.56591605387569,-0.196017645722512,2.91290820369379,-0.059743851714091,2.18679258606021,0.56724465691549,-0.141297030396939,-0.0962186210869751,-1.32681245738807,-0.835001258390424,-1.91167924496439,-2.15016020689098,0.250859771426004,-0.140822398807138,0.523765997568169,1.06416323445028,-1.04619140082443,549.0,0,0.3646506496799186,1,Anomaly,Reconstruction error exceeded the anomaly threshold.,0.3646506496799186
271947,164829.0,-3.54890986486505,0.299800066754764,0.697533921928926,-2.26690033887865,1.93739265368811,0.301222860978133,-4.90035485179732,-4.57320404441363,0.697498787768787,-2.14044735719199,-0.485452681708891,2.32731085324138,0.476956030645447,0.391928628492483,-1.96470926564708,0.907758236631169,-0.478501499850932,-0.166983033302859,-0.310478539706269,0.428118928522632,-2.80635223536323,-0.523472377718638,-4.92203290012509,0.107358578966994,-0.790064616205857,0.178952599295849,-0.124953179036707,0.0250167596540536,176.0,0,0.36395700138460546,1,Anomaly,Reconstruction error exceeded the anomaly threshold.,0.36395700138460546
37432,38952.0,-5.24984924565696,2.33833946160526,-5.41924346342934,-0.71805399325871,-9.13850763147465,10.1874439301849,4.63476693907273,-3.9084636021106,-1.57182210635134,-2.93639203843131,-0.658938422355725,0.374199723787094,0.335039823461739,1.88139092052552,1.53894425498231,2.76243253903355,-0.310336112766408,0.577536428631505,-0.151938703911016,-1.42515250491871,-3.5641423550771,0.291046391237049,-0.914418545761289,1.26064895199843,0.182301247863972,0.335718949760822,1.60574855109832,-1.22909773108831,1952.4,0,0.3637901783517531,1,Anomaly,Reconstruction error exceeded the anomaly threshold.,0.3637901783517531
157162,109625.0,-3.49759704362098,-2.68215493864052,0.612584492194796,-0.215182906492636,-1.50082848649612,2.10566254723076,2.39728938821329,-0.37038192377907,2.572154555293,-1.71233942794922,0.996563838706655,-1.18012495939265,2.93818676193676,0.212886345675468,-2.08688902644205,0.505861442979049,-0.38145395614796,1.01122148378387,0.344971439045583,-1.26341845120436,-0.568166680310246,0.495690812499453,1.36995297574608,0.207436317840066,0.560268110254211,-0.655656510400262,0.181332142805762,0.620608569772266,675.3,0,0.3621732510191042,1,Anomaly,Reconstruction error exceeded the anomaly threshold.,0.3621732510191042
139146,83038.0,-4.94114990849434,3.06699226811026,1.22419422986426,-0.832886823124341,-0.372566962535797,2.28040590712469,-0.0189788635525412,-0.0840703258781278,5.38216392597694,5.66382683865861,0.094141259769621,0.259886879027554,-1.13488297692563,-3.14849051518548,-0.305010321899576,-2.72801247397986,1.10026425609743,-2.70998993474748,-1.28057057674357,1.89719859333609,-0.535869257988315,0.350338826913439,0.144227552691965,-0.989621129923592,0.0132431454068602,0.293535469936013,0.0300938647416442,0.213539658176199,1.09,0,0.35929208395848633,1,Anomaly,Reconstruction error exceeded the anomaly threshold.,0.35929208395848633
282338,170826.0,-3.67285185367144,-0.729606347304954,-0.756364452303327,-3.31980744082962,-0.393912222327289,0.618453488508216,-2.18297966819684,-5.00756068605528,1.20848511910954,-3.60410712376695,-0.241525733575279,1.27160635066994,-1.98208993753537,1.5210881191074,-0.552393036234307,0.540733882066141,-0.375043758921808,0.389733893874565,0.280720380438289,0.165522459321983,-3.09530757005,-1.01652204290204,-4.49987502398842,0.290980764714578,-0.454016314679888,-1.42540400317371,0.771456241213163,-0.380606659504637,711.34,0,0.358678879974817,1,Anomaly,Reconstruction error exceeded the anomaly threshold.,0.358678879974817
24482,33257.0,-7.45049362350787,-4.34091197071339,0.399930934281726,-1.79126422962841,1.48133801146466,-1.95236048406278,-1.22696961098397,-1.06980756545392,4.1691892673435,0.6565895665467,1.05601877843311,1.29595893901056,-0.580957709603147,-1.26006335986079,0.323725025485394,-0.48425351570735,-0.551658617264778,0.0752329798564486,1.99813363973475,-4.34878068628103,-1.24636594237861,-0.085427650901468,-2.20015898918907,0.27789945906538,0.422883315165798,-1.07759307522894,-2.75895082067041,3.99926012573348,65.0,0,0.35817754005588043,1,Anomaly,Reconstruction error exceeded the anomaly threshold.,0.35817754005588043
155371,105250.0,-2.8097262423722,1.43338867279465,-1.40231951330471,-0.772189888667085,1.73082543776834,-0.642558956527489,1.16991463022114,-0.677207321924225,3.43259128783439,2.2121027878935,0.232803653151982,-2.61437981957093,2.43769416711516,-0.950798531664433,-0.593009336071123,0.21649176502161,0.479560435910042,-0.14025753599931,-0.296171425933466,0.206424626695646,-1.2853336933915,-1.05157692501612,0.746821457657561,-0.236824291936841,0.310738642494254,0.173386117747305,1.17061407871797,-0.0025914216862162,9.82,0,0.35799738008929294,1,Anomaly,Reconstruction error exceeded the anomaly threshold.,0.35799738008929294
9563,14338.0,-1.80327897646612,0.10106397948958,1.50907688938523,-0.760387956974966,-1.76639300428736,0.644461387674479,-2.73874753180114,-3.52928746033612,4.90292079932094,-1.32730761628883,0.0422107309208136,-0.442356860957904,2.45972785900836,0.243589492886162,-0.463393044291943,-2.19179033404587,2.19312144351033,0.494673053501155,2.86492974281606,-1.52216854535833,2.96989610793335,-0.281442696120708,-5.11055758782043,0.762979273083173,-1.85328178270146,-0.557813673789046,0.885811619750261,0.145875870959569,570.49,0,0.3577369436238214,1,Anomaly,Reconstruction error exceeded the anomaly threshold.,0.3577369436238214
137211,82067.0,-2.89720382110188,-1.11066224668175,1.5776762076598,2.04515754338617,0.637561376845707,0.404171402754545,-0.724230298742392,0.759310260164894,0.819211571054698,-0.302068910064881,-1.75982713333421,0.486252064857901,-0.18874531664563,-0.649523515738855,-1.13525384946798,-1.23811222567968,1.0508819823211,-0.826032285978523,1.73725023553707,-0.82213779022643,-0.658006768688399,-0.391520892603595,1.51034290095896,-0.462300932161319,0.459555941023265,-0.261734360341728,0.51710563293933,-0.171347850083151,6.26,0,0.3569991689711502,1,Anomaly,Reconstruction error exceeded the anomaly threshold.,0.3569991689711502
79655,58114.0,-8.48070141968768,-9.15519318155663,-0.852654967040908,0.505456018276953,3.19675202349577,-3.12225898997954,-2.38917495013922,0.0583165228961268,-0.626258039538237,0.365200690420323,0.525867816185691,0.192903178732588,-0.959555701695913,0.827082186292561,-0.112720961418534,-0.708306694537644,0.224156297002726,0.70442597387807,-0.702389999297819,-2.34363291573661,-0.934789529010517,-1.53277918626455,-4.19293009536613,0.190226389415758,-0.60561665249832,1.37013606990196,1.72231770025639,-2.52539698656688,404.1,0,0.3569180052531967,1,Anomaly,Reconstruction error exceeded the anomaly threshold.,0.3569180052531967
66307,51984.0,-6.25774978843674,2.63635572869775,-1.87054047547008,1.56632555064983,-3.47508683084227,2.03197113374261,-3.80087654694712,-2.12883563525773,-0.650919502817413,-1.4847387638867,-2.36073828576747,1.06407380529971,0.104657330739732,2.18188931168079,1.17951781000738,0.943663308739714,1.39947395588078,0.603036900771177,0.44185975781836,-1.17723487704721,1.41384471153884,-0.0099055130871284,-0.429445146324311,-0.716968372911146,0.185725214363226,-0.083656747761799,-1.40694232283303,-0.64370223465272,159.0,0,0.35680400106594085,1,Anomaly,Reconstruction error exceeded the anomaly threshold.,0.35680400106594085
172830,121255.0,-3.11008603320917,-0.429797677613809,0.400429367520231,-0.489984507710676,1.07701113384534,1.45308219490904,-1.61826511290978,1.29340810840185,1.5507910413577,-0.312784630624112,-0.243689934728507,-0.372727523358187,-0.931779488562131,-1.42448689545288,2.09893394857831,0.14739229309163,1.37889903503789,-0.771561860354892,-2.24121685487584,-0.467193701319468,0.0381818690736637,0.890383132304367,-0.945351791736034,-0.764685523085103,-1.02471786290259,0.538091412615484,0.295528502359362,-0.674088113919052,11.0,0,0.35620280858813064,1,Anomaly,Reconstruction error exceeded the anomaly threshold.,0.35620280858813064
238259,149595.0,-1.51200320908164,1.65350755634427,0.162723305192572,-0.954672383494389,1.40488420777658,0.993943010111048,0.869092662067545,0.201991654052567,-0.193479571671483,-0.320221510115961,-0.660138353113419,0.646583946801954,1.18189859971799,-0.186398708364826,0.0537918136268631,-0.712992654143717,-0.121710396774829,-0.552609971515775,0.726847627667145,0.166877975512278,-0.219973957013246,-0.727839993940063,-0.156600630997494,3.51360633100835,0.783515436911459,-0.574444140070555,-0.708960187752252,-0.121703897884178,13.62,0,0.35481776141250726,1,Anomaly,Reconstruction error exceeded the anomaly threshold.,0.35481776141250726
207171,136552.0,-6.13131080898045,1.00528298064532,-1.67621339622066,-2.67077948985568,-3.21997203277505,-0.389350837519413,-2.54551340605423,-1.29480141523395,-1.28333853075102,1.5212134045348,-1.80338161883108,-0.268785821391916,0.341559235553841,0.541158449117545,-0.583703037066953,0.489372219393362,1.20892045160411,0.208014282439493,-0.934832289204826,-1.68332617414178,2.60760334412434,-1.33558126946058,0.13094152714162,0.0162474193938299,1.09546802016576,-0.0693722984945982,0.347526965219732,0.103935103681278,88.0,0,0.3547599559151396,1,Anomaly,Reconstruction error exceeded the anomaly threshold.,0.3547599559151396
154807,103080.0,-2.18149280491646,-2.58560649943544,0.347942328500326,1.03151470863591,-2.24836195729052,2.17313109922964,3.21364979619564,-0.875504064907313,0.267129571527046,0.214519266787069,1.47210734142781,-2.96423329347855,0.918306553585198,1.11830575748719,-1.06977908589547,-1.54877927142691,0.440884606874964,1.95476971941154,0.166979580263669,-0.45880022100633,-1.00558780748349,-1.48768931441714,0.605804944145933,0.573865955521966,-0.69240327580861,-1.0316653740179,0.400727678380563,-0.615237600256233,1018.98,0,0.3528471558446313,1,Anomaly,Reconstruction error exceeded the anomaly threshold.,0.3528471558446313
62346,50236.0,-18.5367822517629,-18.6619042390183,-1.0325439037107,6.51872590297703,9.90048571612043,-5.74889034294833,0.0764918197701539,-2.35159839314249,1.05867066799507,3.02319768418828,1.85185345759136,0.0064345064927833,1.33855163271001,-1.66999177391174,1.22076617291172,2.71938164113134,-2.46859325501731,-0.48566317685691,1.98522300004558,-14.4615137636211,-5.28488006032965,2.67005993509114,12.557883417629,0.343396842012856,4.88120747264636,1.06516040430747,5.86584355796176,-3.61866175373412,68.18,0,0.3526522109874225,1,Anomaly,Reconstruction error exceeded the anomaly threshold.,0.3526522109874225
136343,81658.0,-2.1354751388741,0.6981497517275,0.572719941764605,-1.4377999263934,-1.49576577171605,1.50262907772167,-0.215272323908187,-2.27714831527116,-0.534703058324607,-1.63991706902752,-0.140078279781234,0.503641239030305,0.112884542212192,0.587373278586846,0.237562342572773,1.89999863798598,-1.21943823956549,0.892742453838335,-0.185401247393665,0.194412056938401,-1.3373382548646,0.0428110588482171,-1.50760590602286,-0.854281451731072,-0.17135911935791,0.875683593022738,0.0692016083361457,-0.161035526404978,472.0,0,0.3522642841408354,1,Anomaly,Reconstruction error exceeded the anomaly threshold.,0.3522642841408354
74190,55461.0,-3.57852661701915,-2.34080843234214,-0.409799611941892,-0.172706210531476,-2.71813941242473,0.0791379167561089,-0.467237890271101,1.01783950450796,-0.406068712630684,-0.633132498471717,-0.193009273906592,1.58655179026727,0.164812581326245,0.0042360110901188,-3.30354205794422,-1.27700078637028,0.850493854126222,0.707255972439179,-0.165695545658355,-1.68233132271912,-0.75102522221725,-1.17337207928495,-0.701138050654633,0.719611785311731,-1.67811261078588,0.429325139463018,0.528992580298936,-0.954184253267117,489.9,0,0.35193166050921637,1,Anomaly,Reconstruction error exceeded the anomaly threshold.,0.35193166050921637
77995,57321.0,-8.60043141935644,-6.08926710510928,-0.37945302576691,-0.338149163368879,2.90593833750351,-2.26001980422848,1.61612370415391,-2.55482795418082,3.18152081485276,5.60298628280192,0.491593771097287,-2.15206535706952,-1.39596449867337,-2.99263276829178,0.774317863738097,0.685351019785362,-0.686227599379325,-2.58311307563311,0.896411263548471,-5.79507507463868,-2.8854318641183,1.95349591501109,4.02187534828479,0.27118467873522,1.39582633223987,-0.0175585259440129,2.3597852614603,-1.64508304700373,20.0,0,0.3511523024761015,1,Anomaly,Reconstruction error exceeded the anomaly threshold.,0.3511523024761015
96561,65826.0,-4.29500994370568,-4.26734517665507,2.86173985101312,-0.567640162355559,2.02079156395352,-0.460435052469572,-1.80826939027615,0.876374313284032,1.57466263412563,-1.23723363504425,0.460851252422346,1.05659353978289,-1.08236773005159,-1.04707637779058,-2.51330296172631,-0.172108079258015,0.241058685289538,-0.914716261312586,-0.961880034727876,-0.39958600409118,-0.0980492273119336,0.392457296556106,1.91163327186017,-0.231131952609565,0.682190468282244,1.36375994190474,0.0084692860305767,0.108847739366714,37.1,0,0.34893789122161417,1,Anomaly,Reconstruction error exceeded the anomaly threshold.,0.34893789122161417
253596,156324.0,-5.56132521103312,3.0336977335688,-1.82531182658103,-3.22689701003782,-4.4655838921223,-0.437664846423689,-4.15253986984494,4.31369351839949,-1.62037001477178,1.17970169240263,-1.23545449918754,0.287868837252875,-0.187708720651134,1.63521921632618,-1.04294766076118,1.46532110383058,1.14705470775421,1.41070271772009,-0.836977725799574,-0.228273041716026,-0.0128627971637344,-0.304997140382813,0.149155253387828,-0.508435583485635,0.970820439475122,-0.115019679032584,0.0242229698394662,0.0165490640456314,10.0,0,0.34799689557870284,1,Anomaly,Reconstruction error exceeded the anomaly threshold.,0.34799689557870284
26715,34217.0,-4.45037698687819,-2.21649628815366,-1.20213012407457,0.171043579325179,-4.38558318154405,1.7168402957673,2.75133322064551,0.512019736188779,0.560942159453982,-1.24540173077155,0.0230613658735614,0.569890057944942,-0.574715508209461,0.141511702843501,-1.30821952165077,1.29184207387866,-0.328859956494267,0.264812785720514,0.345851551558948,-1.60629790792779,-0.568436284652628,0.0079714960999443,0.915992415268205,0.17248384831704,-0.641747503022579,0.681965296222579,0.643529856440852,-1.35055893249878,774.82,0,0.3478721279880705,1,Anomaly,Reconstruction error exceeded the anomaly threshold.,0.3478721279880705
22625,32347.0,-1.61108279453353,-0.817826396637873,2.53710674624165,0.981477537779369,7.10892366721031,-5.45416467012459,-8.37285477206162,-1.54198564986999,0.742855381052193,1.14575750020798,-0.246489895651169,1.79626213501663,0.614482967000712,0.726159668438423,0.760794947769818,0.0950939659886716,-0.182280119278395,-1.07467941919682,-1.37624608065236,-1.01372150660373,1.49716843665806,-2.7099423702201,-13.361827309774,1.07562246550692,-1.51988850772634,-0.694128282282762,0.778861173625242,0.55085833584951,62.48,0,0.3478018154079672,1,Anomaly,Reconstruction error exceeded the anomaly threshold.,0.3478018154079672
152880,97514.0,0.580703976844276,1.90540068193533,-3.43929202282697,5.27689582330957,1.22501881219712,-0.311609907913117,1.78839895527737,-0.0787894069486965,-1.48850925203804,0.471550143926842,2.05974753748846,-2.59240580077369,2.39955799609239,-0.329594976859769,-1.47551733655947,0.420821989098679,3.01459519389657,1.93962231752738,0.60459867960504,0.597899920353382,0.34086069513018,1.07794337631582,0.627677707194449,-0.605614554750241,-1.17429315307863,0.430462497131929,0.216424411167964,0.164569386695915,238.1,0,0.34715208015160803,1,Anomaly,Reconstruction error exceeded the anomaly threshold.,0.34715208015160803
90852,63203.0,-5.69712454036011,3.12281438580599,-3.10717234403938,-0.666631699110452,-3.85651901117703,0.924766008399177,-1.4472613062934,-5.58448556855535,0.331445175567294,-0.447696152052465,-1.46272161206198,0.660657991173689,-1.33283606803655,1.71546022639726,-0.550291022653856,0.904149060583105,0.687994132840879,-0.43096322568178,-0.752000818524468,0.0912469988233312,-1.49422110232663,0.396500093472003,0.779998088352684,0.448429400760109,-0.203063486135339,0.853513894227856,0.840640389654631,-0.878523107522316,378.06,0,0.3460063350452371,1,Anomaly,Reconstruction error exceeded the anomaly threshold.,0.3460063350452371
102104,68053.0,0.334831013123125,0.684351148922706,0.818454977904043,1.08071587287668,-0.119711413035782,-0.209226199267648,-0.0656851057271442,-0.793612356526427,-0.144494748465293,-0.038842556469215,-0.410244762173891,-0.513891517241055,-1.3877890140709,0.802512014725658,1.54866710120968,-0.429480378337218,0.197597436315866,-0.32356985479104,-0.174217904424559,-0.300067438900589,0.831415579625787,-0.0564842131277623,-0.176297511414338,0.0552742308902764,0.664632756356321,-0.182803365225238,0.210014490923314,0.234422414925952,4.76,0,0.34580754779397327,1,Anomaly,Reconstruction error exceeded the anomaly threshold.,0.34580754779397327
109137,71236.0,-6.48954371047714,2.55808259715838,-1.07078875216136,-1.41646931091581,-2.37699417044291,3.04807287118807,-8.35575176889975,-16.3076258936544,-1.47487579767951,-2.38891040897998,-2.35762839416497,0.177454623163887,-2.0840696016508,1.98009227148554,-0.413639156703889,2.92457558574201,0.960181128684826,-0.276411389483392,-0.686414119124781,2.86793522900101,-6.11600709270874,2.65010088653414,1.41117573224011,-0.544657547016913,0.481949322982142,-0.111047969055021,0.378441254324216,-0.129459614254901,20.0,0,0.34561346490837436,1,Anomaly,Reconstruction error exceeded the anomaly threshold.,0.34561346490837436
254409,156720.0,-6.12941896106178,3.45160649389582,-2.2971685746168,-3.23955085938304,-4.83032441194149,-0.506925127257687,-4.5175344730646,4.751357112706,-1.59806439811685,1.26331615282036,-1.360220252988,0.458308530205007,-0.125005652042195,1.88131267060109,-1.06645851313639,1.56731451341414,1.30668764804977,1.43243706170578,-0.872790742453951,-0.208267445933812,-0.0003603909787224,-0.339856744566991,0.206724986953156,-0.512744661964219,1.04449094668043,-0.108628080859927,0.0029803417719453,0.014315728999713,10.0,0,0.34438221873990804,1,Anomaly,Reconstruction error exceeded the anomaly threshold.,0.34438221873990804
9017,12540.0,-2.47381450433563,-1.59025159701736,3.43443834460837,2.08314774210816,-0.202469281239294,2.12384180199529,-0.412609302433721,0.16794333462904,2.85635303840489,-0.13809651761862,1.62720872900121,-2.12907995902112,0.311521153260056,0.0053480246201265,-1.59374326642813,-1.25777945435402,1.43532344000414,0.264104960320273,0.825069886402267,-0.969246669758046,-0.343291992330426,1.25547660210363,0.888097483335638,-0.280828975938131,0.431014527451131,0.0855762494511934,-0.0616743520359317,-0.559972404602192,117.0,0,0.3442217606900602,1,Anomaly,Reconstruction error exceeded the anomaly threshold.,0.3442217606900602
46841,42951.0,-23.7128394089686,-42.1726875231095,-13.3208246805279,9.92501936512661,-13.9455376404468,5.56489131600864,15.7106439822399,-2.84425261686592,-1.58072500831757,-5.5332559073632,1.44669482617669,0.90267505415758,1.74697926404009,2.35413099249729,0.801598168355565,2.06847490432671,1.413407352408,0.74831970603822,-3.63737113118018,26.2373907895659,7.92159987893745,-6.32070956224581,-11.3103376053523,0.404175327599178,-4.54727807360067,-1.57711817570979,-2.35738472087658,2.25366209932537,12910.93,0,0.34405543470873834,1,Anomaly,Reconstruction error exceeded the anomaly threshold.,0.34405543470873834
87078,61528.0,-4.43902499065039,1.0231302279209,0.746934370513188,0.811921096078647,1.05835028470889,-0.473459476358639,-2.60932114582987,-7.94445240953818,0.952068932315713,1.91403836354156,0.358633353922547,1.04797861287418,0.869691280904369,-0.355561920055877,1.38848934464138,-0.310309588401572,0.282310346355675,-0.593315156716062,0.92119072701403,-2.69882722767443,6.15767830899751,-2.56886432533037,0.196871596658622,0.736224466382393,-0.771200221384234,0.125886161511739,0.333009638270633,0.13493592266454,2.28,0,0.3440256304411412,1,Anomaly,Reconstruction error exceeded the anomaly threshold.,0.3440256304411412
17746,28879.0,-7.03822229914441,-3.0615762569062,1.46402735663641,-1.6041994716205,-1.50101343681599,1.27353137759773,5.05848309720688,-5.17261953794772,4.09263340043941,6.38397536332106,1.17490416206918,-2.02862511320503,0.468055191306723,-5.4297820898212,0.949456940357885,0.827710954139443,-2.03739369796311,-2.01805621010863,0.280578437314703,-3.91249258513659,-1.44816350756307,1.50826795198989,-1.54423386064247,0.668991220154499,0.140007454348554,-0.883382799148532,-7.05708694299908,1.47577541814178,534.0,0,0.3439982693345546,1,Anomaly,Reconstruction error exceeded the anomaly threshold.,0.3439982693345546
68290,52918.0,-2.07715411292244,-1.22987321369927,1.66252632787639,-0.556153956921686,-0.101127596291735,-0.0811653407748268,-0.0062757861366925,0.162671579397328,0.934739582814599,-0.482777703956344,1.0071453461756,0.918822650093755,-0.622913283045443,-0.558740310085868,-1.33030142207815,0.0314166616784766,-0.145452489157894,-0.538094168233305,-0.132366656428473,-1.03732391726601,-0.250686387423003,0.36869037808198,1.19512181206081,0.282009442442635,-0.817797418974296,0.693263123346772,0.114926491117561,0.0357440942348317,71.39,0,0.34389921316564404,1,Anomaly,Reconstruction error exceeded the anomaly threshold.,0.34389921316564404
44780,42081.0,-1.83413634263086,-1.22937643724047,1.62755651133912,-1.1841413544987,0.248847013080112,0.180863525678927,-0.120526274704789,0.142585114201586,1.8344853875367,-0.781236411523813,1.16511448259825,0.0505426572112186,-2.48985665375354,-0.0033741615467652,0.740353263772955,-1.20219939029429,0.336228193042648,0.119814921650088,0.601298909042484,-0.974252007635679,-0.0122590149599987,1.16712997025863,0.663105275768026,-0.295771313479211,0.270817638616106,-0.500118194109733,-0.0300087733809398,-0.390492890959357,22.71,0,0.3431881683410945,1,Anomaly,Reconstruction error exceeded the anomaly threshold.,0.3431881683410945
174346,121870.0,-4.57412933200231,-1.59114178445815,-1.12469472093011,-3.31170980201883,-0.857226641765345,1.44075543268585,-0.341840353574423,-1.45454761649517,1.33922522356556,-3.32721873677407,0.387406623565673,1.46726910951384,-1.39567255903964,1.31555038915154,0.166455409498556,-0.410138179066807,0.401883002503976,-0.796126444327873,-0.633357008768179,0.262895822278089,-1.64428638174022,-0.640431046312213,-0.754236739747957,-1.6207512545889,0.450722170098546,-1.2071221177748,0.636844404678276,-0.54809455752239,387.79,0,0.34303360925171295,1,Anomaly,Reconstruction error exceeded the anomaly threshold.,0.34303360925171295
206004,136020.0,-1.37671751489686,0.702501772230586,-5.25195995178732,-2.37580179717242,-4.18891532284863,2.99368157248607,-0.201294464400699,-11.9953804762935,-2.99392827025906,-0.445125715152936,-1.29919697685309,0.469068086203126,1.09224821979814,1.22276280972155,-1.65888944927193,0.0200737493048556,0.589309075022583,-0.647151096738465,-1.66120749398562,-0.730734371716749,-1.8362826602458,1.22400238980052,-3.85623922330902,0.848655193510099,-1.21024370954142,-0.122168019798554,1.67311475686898,0.0697110271728042,1330.5,0,0.34223187033360863,1,Anomaly,Reconstruction error exceeded the anomaly threshold.,0.34223187033360863
180617,124620.0,-3.50138155223446,-2.0880594954964,2.7796908626367,4.92195298974409,1.62574751492511,2.57862371788311,0.0394766187988261,-1.16255198403453,1.63502477619056,4.07453272606905,-0.687430343218312,-0.266450618699946,0.857217786990036,-3.15149051154122,-1.19415706305747,-0.123119844002004,-0.983463694128073,0.930487330849339,2.69726769679579,-1.52830772574623,-0.882338195337941,1.2435661433146,0.230415425756715,-1.24246099088546,-0.154460733763244,0.440673062629525,-1.4699851239732,-0.176736056437026,50.87,0,0.34216624408377955,1,Anomaly,Reconstruction error exceeded the anomaly threshold.,0.34216624408377955
62448,50270.0,-4.81310304274312,1.57892806723674,-2.63712055277484,1.41520152518191,-4.77160657001288,2.63511242239073,3.07399475555213,1.01408850048916,-1.69350630524832,-0.631611247583414,1.33770957440116,1.26433586885352,0.634693040877449,1.76224854015009,1.05091751921478,0.0229811920419081,0.938304111618452,-0.495642264405927,0.509013350102909,-2.24699698679774,-0.105871266706932,0.525826224103624,-0.6781011745045,-0.101712298499521,0.460421408826527,-0.137355952691746,-1.18514993044527,-0.227029329389478,799.0,0,0.3419789915154909,1,Anomaly,Reconstruction error exceeded the anomaly threshold.,0.3419789915154909
189515,128436.0,-9.85540661098824,-9.54297680633193,0.40923784293881,1.72136859431553,6.30185908363624,-3.21819694138942,-2.46200369469106,-1.59492804923624,2.31329422634256,0.976011371799133,-0.400517661672533,-0.0772755223197674,1.96861861314062,-3.09334252524264,2.4695146982987,2.3478595472291,-0.981451009896618,0.89121591481414,0.558787689808208,-5.58536922608879,-1.48560922751865,0.811788846438959,3.93161231779866,0.135578021414569,2.02485823437798,1.14484757288475,2.35971210111218,-0.887352690994088,44.55,0,0.34173144535335365,1,Anomaly,Reconstruction error exceeded the anomaly threshold.,0.34173144535335365
13112,23010.0,-5.91677920966568,-3.35386010960807,0.891009582413675,3.5639051906979,1.57343854536279,-1.09114429211802,1.5784960602228,-2.49346498387309,3.20392244895363,4.23681663451555,1.66303401721536,-3.13410565814232,1.99100092634179,-0.643911494539897,0.955177542671322,0.368220177740759,-0.643743369942167,-0.497059899909787,-0.21520447094988,-3.04471638935735,-1.79016082895003,0.0395527554297558,-1.67613318193368,0.894723335081171,-1.05542679673221,-0.427947260551272,-1.43584491458732,2.25325563766432,379.18,0,0.33972842560577093,1,Anomaly,Reconstruction error exceeded the anomaly threshold.,0.33972842560577093
128322,78669.0,-1.98936419135623,1.61044933166864,-1.40356917782877,-2.04694655029629,-1.86323703162038,1.587224019577,-1.44261075918754,-4.63755289399255,-1.59659634383847,-1.91979513118097,-1.91682349410874,0.16628331291841,-0.235260707792279,1.76770190143468,1.60691820973433,-1.73042329779742,0.761893769299032,1.2419648384656,0.695560408523549,0.434927365805467,-3.20710209542357,-0.686121118637922,0.447330268435626,-1.42421440182756,-0.331556623324039,-0.778485738001526,-0.0735650826224884,-0.0380678278329421,258.61,0,0.3396846751463881,1,Anomaly,Reconstruction error exceeded the anomaly threshold.,0.3396846751463881
5642,5858.0,-3.94356515000799,-2.67802836286621,2.79211724894421,3.87722157012408,-2.28622497124584,2.06388240683923,2.19171890089962,-0.841329009748328,2.3587118397158,0.188395590237166,-0.0559591052373151,-2.72437627758615,1.68814086343369,-0.744502011091593,-1.92168338548142,-0.0334969326638053,0.732588224618548,0.233459908727256,0.385219072245843,-2.03986207791312,-0.897165353109947,1.08542634993188,1.65193598913291,0.77954885551518,0.806803005816902,0.379835627265137,0.159758831857831,-0.271501030031957,601.13,0,0.33902697179855024,1,Anomaly,Reconstruction error exceeded the anomaly threshold.,0.33902697179855024
199670,133076.0,-9.27620663008567,-5.37142303497682,-3.34360362425538,1.44349311365948,2.3894415124241,1.29607033991045,4.02382327890145,-1.97107496076072,0.836081588690967,2.23059216961257,1.44024931813982,-0.130459226101908,-0.139842648350874,-0.506620224075998,0.825836752148323,-0.458511737731158,-0.707030976413056,-1.49136071071365,0.106441386576318,-6.52394900016876,-1.82309017303404,1.65817607984672,-0.233714564835658,-0.58069874578545,2.08728650426383,-0.0363154948951711,-1.99462313203379,2.28489260151251,446.5,0,0.3368748779870338,1,Anomaly,Reconstruction error exceeded the anomaly threshold.,0.3368748779870338
222933,143183.0,-1.81530924951612,1.91566907482002,-3.37612438562687,0.118830891123047,2.61133900285509,-1.21373203735595,-1.30205247994121,-6.35414747115635,0.132963725086654,-0.257800424321367,0.969865708382966,0.162516795020447,-1.74988953290335,-0.850819319868839,-0.54899487896043,-0.355500937653081,1.86454142886092,1.45969079801958,0.499701362528169,-0.489683773064322,1.93360036462574,0.797635365809054,-0.451279904108526,-0.550409677686916,-1.23632144455994,-0.394899792648676,1.00760084647853,0.227959493920643,1.0,0,0.3367014473663205,1,Anomaly,Reconstruction error exceeded the anomaly threshold.,0.3367014473663205
28815,35176.0,-1.28437195832283,1.08993347630511,-1.31191204985502,0.687743559937808,-5.66437349431956,5.46321387779983,6.66946808474671,-1.88617052406788,-0.865713509172311,-0.788538399657993,0.449658793619736,0.570685223731722,1.49573429975111,-0.349168855213714,0.0923448974196625,0.424798914554036,-0.728262386261584,0.106503134736165,1.07937789562815,-1.46342196816546,0.119893391012416,-0.229997283736671,-0.3774595344417,-1.19964935406647,-0.129774505929559,-0.351064528316743,0.955310894942495,-0.437485851879877,1374.9,0,0.3366028548020983,1,Anomaly,Reconstruction error exceeded the anomaly threshold.,0.3366028548020983
9029,12587.0,-5.7084114918219,4.79462535838072,-1.15548605529568,0.421606175702482,-0.588194711831809,1.15231194145457,-1.42850452458801,-6.06500066117732,3.78366319202829,4.40531830674883,2.35850739388646,-1.57563002156136,0.722163010419568,0.792439247576135,-1.02399414774422,-1.36330875977545,1.05598112674254,-0.0593985630633231,0.180724128104784,-1.54810865785791,5.44109569221386,-0.955915565129576,1.0079344763758,0.0456429557918452,-1.31896538147046,-0.915559599940625,-5.04524710423017,0.21142070995356,1.0,0,0.33626556192338825,1,Anomaly,Reconstruction error exceeded the anomaly threshold.,0.33626556192338825
212803,139001.0,-3.17333831984295,0.304240441352892,-1.45613887708449,4.48596417227618,2.38420431685833,-0.120132516367154,1.60811387688648,-1.09477738317725,-0.986330021619945,4.00478395181666,-1.52340678066787,-1.17543564621963,0.608456137304688,-0.171978930419757,0.9398387199314,-0.34324580525907,-0.477074424788268,-0.1577878805393,1.79163940002989,-1.71262842617167,-0.555213459716351,1.11250223291514,1.02722692509093,-0.97394050472883,-0.169355549794933,0.519417999523219,0.0756410803925707,0.206855638688069,40.0,0,0.3349485518605314,1,Anomaly,Reconstruction error exceeded the anomaly threshold.,0.3349485518605314
171755,120799.0,-0.910212550397423,-0.114919966956956,1.4914157698277,1.56695332792967,4.57750614897284,-3.12592753696869,-6.33393711024202,-2.26122673894344,0.113859238308703,1.54254793033078,1.23439187958469,1.38645947559525,-0.635692755902428,1.23612204713028,1.05374708451944,-1.11626931636783,1.04364185631998,-0.46954324920877,2.772893551799,-0.64430343056753,2.0163722569649,-2.88028761365678,-8.74374922831861,0.533645260305613,-0.950815699542086,0.676444252107732,0.558226732105938,0.42245637308378,4.99,0,0.3347454379267003,1,Anomaly,Reconstruction error exceeded the anomaly threshold.,0.3347454379267003
105026,69333.0,-21.5822090900908,-28.4166437773152,-8.65053703613446,6.32902722303571,-3.22360763752934,-1.96948932698364,5.8921713986762,-0.769448477586904,-1.11569318980781,-1.89476971805747,0.878474646781018,1.01414570785437,1.2729383782453,1.87104931694892,0.42968162712684,0.799356103611597,0.0131904991139,2.1442073027379,-1.71475224107818,5.39428991121228,1.01948788036156,-2.79227246806721,-1.39908645177212,1.10403701612841,-1.06475609308822,0.461777752707905,1.75264453245502,-3.89811640899846,3152.32,0,0.3346163517757966,1,Anomaly,Reconstruction error exceeded the anomaly threshold.,0.3346163517757966
215011,139902.0,-2.37872056855544,-3.51293440171845,-1.12119069765062,-0.719768457853184,-1.98109536363787,3.60710156607048,3.4604118237514,-0.467660954689746,0.30760159065174,-2.20399201461262,0.316215506634484,0.189971804416702,-1.52318882301582,0.614109829118002,-0.555900979201118,0.224770465432781,-0.421359064982161,-0.707684945509731,-2.07606728796556,2.17870886597866,1.14729535830353,-1.60443749473022,1.89698340289223,-1.15603104162847,1.03851732319302,-0.784372845738318,-0.237427964446473,0.306833009023985,1293.14,0,0.33345017832872403,1,Anomaly,Reconstruction error exceeded the anomaly threshold.,0.33345017832872403
209357,137525.0,-18.5395965274258,-22.986114855643,-5.88624361998993,4.45754101820509,3.76330962137267,-5.43493691080509,-2.93621660643274,0.518938190053851,0.209283583061274,-0.928350797111296,-1.3742540313165,1.01409882037914,1.74499096310465,1.16503865429746,0.357508663185993,3.0491379651555,0.488137533630564,-1.53658480168874,-0.0734807766936452,1.22636047304746,0.208764869959172,-2.80072189479664,-6.67481290046707,1.43442322677317,-2.70596061430704,-1.2212465727048,1.45868983658344,-3.89616484412048,669.17,0,0.33336529296902795,1,Anomaly,Reconstruction error exceeded the anomaly threshold.,0.33336529296902795
237482,149259.0,-0.628135656939865,1.57263940899194,-1.65912120042101,-0.827926165532422,1.55020655659298,-1.06122978196955,1.36687988483518,-1.33450317840706,-0.151080231813239,0.416538449393506,1.231556843632,-0.10857505324568,-0.998213571618428,-0.709886322317999,-0.698146418922409,0.114969838033096,0.269194365910892,0.571594066583796,-0.221211762106052,-0.107643553462633,0.886426847022742,0.3469730790861,0.0265278362088393,0.679733017646855,-0.335163888989316,0.439871676848549,-0.148761683877644,0.0432997090412272,3.94,0,0.33289229613590765,1,Anomaly,Reconstruction error exceeded the anomaly threshold.,0.33289229613590765
271773,164740.0,-12.4455550955127,-9.89950705555875,-6.62212385012865,7.77767666391589,-8.65151257832801,5.58269881730459,7.19895896930144,-0.718150016713937,-1.55714136087923,0.255169811681762,-0.0783561658204813,-0.103489483643127,1.14023566672281,1.21964000327275,1.58469768767462,2.98364558709314,-0.2091928979781,1.49653664838538,1.24057530411027,-2.19084004848729,-0.118344849226388,-0.127671570469602,-2.56575018325972,0.782798235366291,-0.526435749996512,0.524345686246966,3.18037941165036,-3.26052191929373,1783.26,0,0.3318808696964106,1,Anomaly,Reconstruction error exceeded the anomaly threshold.,0.3318808696964106
75637,56173.0,-5.0719102377583,2.01024135022354,-2.51521860259279,0.993693381149036,-3.06119866971351,1.75273190460635,0.952139064692925,1.1699095313747,-0.413247053344942,0.227326462904136,-1.69019370834205,0.83217309300031,2.06850323815708,0.872186263241862,1.78051745318476,0.55308162151112,0.192083562664464,-0.0470435301365261,0.912301568124093,-1.31318491603574,-0.0535550688316282,-0.141437265128398,-1.22392472840773,-1.17569499997993,-0.166228815099651,-0.461497527773598,-2.07749924351768,-0.91396890766921,418.67,0,0.3314542772652468,1,Anomaly,Reconstruction error exceeded the anomaly threshold.,0.3314542772652468
196717,131660.0,-1.1639051906208,1.21857474287219,-1.59732051282316,4.84177968347266,2.91527667219224,-0.0071183549647558,1.14666557774854,-0.224243276741213,-2.53347065540629,0.905247758015005,0.995119524133357,-0.922222946290239,-0.13415061414418,-2.46596209103186,-0.250870938314955,0.547880666115197,2.32517104171697,1.81881426397624,1.5231694457974,-0.277284644850527,-0.0583447221297968,0.4382655385926,0.275186956672185,-0.0263358326869289,-0.15232922478697,0.511682956457434,-0.0064462130406675,0.320311933385635,29.51,0,0.33130835566616734,1,Anomaly,Reconstruction error exceeded the anomaly threshold.,0.33130835566616734
185902,126872.0,-5.46830106938389,-2.67511017398217,1.59592011772075,3.40857121641659,2.11019638590109,-0.492269954194453,1.29710178226365,-0.841090202168185,0.0101259708800761,2.02992434376756,-1.02233423024312,-0.699883628031766,-0.165378620956134,-1.25949484687767,-1.0003375555954,1.30601507000122,-1.33055256352807,-1.03473831979015,-1.39383661842296,-2.75810381040138,-1.59402530725012,-0.962707490559875,1.32129261968374,-0.0178425325150721,0.919503091066243,-0.384317534771831,0.209472648526051,0.317232401929002,189.64,0,0.33018993684904935,1,Anomaly,Reconstruction error exceeded the anomaly threshold.,0.33018993684904935
50614,44567.0,-6.00453526638212,-4.98900242779716,-2.18490048847444,1.94196285976785,-2.9169329062025,7.13200010857422,3.61666387366993,-0.233236693742748,0.5432887500956,-0.935354894761085,-0.729673821402025,0.0373008564056097,0.51773265948195,-0.519753758103182,0.609951882888819,0.753911196730989,-0.196731686732283,0.777244488776826,1.3799466162146,-0.839431090076142,0.127087314387707,-0.334787761683381,-0.222774859323928,1.24941952954216,0.735607808895902,0.0200230826587597,1.79563447130562,-0.603466506585794,1550.0,0,0.33016146262410134,1,Anomaly,Reconstruction error exceeded the anomaly threshold.,0.33016146262410134
142137,84588.0,-0.364405614973912,-0.182283636309293,-0.912930283660622,-1.30369559711905,-0.0964048401618968,1.85385034097428,-0.489766606945614,0.165498310177286,-0.317614827278578,1.86952638102995,1.44458316837047,-0.699041266465954,-0.776477080939151,-0.287711426975302,0.811054373020295,1.11257654437947,0.190393817234875,-1.14263564263224,1.14205359935313,-0.383972242406892,0.0698591217022096,-0.137540783666976,0.646923864400162,3.20881430485189,-1.26571591484919,-0.842222377701439,-1.21329126248529,0.107915129778121,108.9,0,0.3299244632704689,1,Anomaly,Reconstruction error exceeded the anomaly threshold.,0.3299244632704689
270482,164095.0,-5.15648635580777,-4.04725573257648,0.681538685757084,1.83528961380721,5.60481299270963,-2.50077805198596,-4.65596928873872,-2.31687281836224,1.4097555306386,0.922389563098982,0.580814011346841,2.15157355263773,0.504845560001278,-0.408049662908828,-1.8204022476228,0.0875962889897011,-0.289489269393829,-0.830493282243664,0.611865435077805,-3.95088851436411,0.815692280995761,-2.05600838863555,-2.23890518888557,0.957836443755818,-0.765440353289083,-1.07383242622341,1.86362413886139,-0.686986134915691,21.63,0,0.32954621854630284,1,Anomaly,Reconstruction error exceeded the anomaly threshold.,0.32954621854630284
26333,34013.0,-2.76607513608834,-2.5352420856763,0.405279250412942,-0.815858672898102,2.68622072831656,0.428922314756958,0.338121363490514,-0.0058134254763324,0.484613377197991,0.138831987812916,1.8268027531079,0.937437599649257,-0.272809203007401,-0.187691439987647,0.0129208100051866,-1.17023030846058,0.291378926279686,-2.06909582471661,-1.46336500939589,-0.0849416451206795,0.0145115873094251,0.734995618556958,0.206441341663665,-1.23009899346792,-0.704657788721374,0.895175388350504,-0.39640626754209,0.529448622213812,199.0,0,0.3293573150547674,1,Anomaly,Reconstruction error exceeded the anomaly threshold.,0.3293573150547674
106845,70155.0,-1.60808439925032,0.0896866641361134,1.67212161038129,-1.9687247447508,-0.361342932900549,-0.205182886070518,-0.0791435421150687,-0.672264982385689,1.7154516327072,-1.43176440532949,-1.59836718469736,-0.416195545401306,-1.1248735134293,-0.213026141547706,0.930985112016656,0.0412599150132737,-0.581254172785892,0.833964021273477,0.261576895501502,-0.398489473458794,0.772365600111497,0.162949363182545,-0.533394506367407,-0.449227483920331,0.769120580812718,-0.541361306611906,0.396581045841404,0.0938864111649949,100.0,0,0.3292295164974031,1,Anomaly,Reconstruction error exceeded the anomaly threshold.,0.3292295164974031
278006,167984.0,-1.45203872489987,2.4850578167072,-2.39320369191942,0.328081025027118,-0.307605837679745,-0.350260909640306,-1.74571389447724,-1.29791114892752,-0.385544076709095,-2.13239103220616,0.60180657792045,1.26653216004223,0.166125963983869,-1.74518904670959,-1.23711587829689,1.55463987659993,2.20371141213475,1.42503656161267,0.127704741462118,0.337697397726407,-1.43667312421367,-0.282301515783976,0.842482496063062,-0.635757866365974,-2.47169681779032,-0.451778623186719,-0.0250804065150328,0.324823215949944,1.0,0,0.3265919733730353,1,Anomaly,Reconstruction error exceeded the anomaly threshold.,0.3265919733730353
39616,39901.0,-2.33788969287022,1.79448568953445,-2.14019779694335,2.35959367012759,-14.3926543904645,9.84123266317128,11.2168938879452,-3.46081274404555,-2.01132983800729,-0.0726124756320599,-0.58840646946243,-0.852152474489245,1.17861430123533,-1.15863226765582,0.459397102549513,-0.78547322912237,0.639501062860788,0.645252356546517,0.0611512712623312,-4.05102663891899,-0.258962260946891,-0.827826677209102,-0.933809479528238,0.357002811141764,-0.231491554713903,0.256796880602614,1.4641573359047,-1.70378038261352,2627.68,0,0.32611254629572295,1,Anomaly,Reconstruction error exceeded the anomaly threshold.,0.32611254629572295
114879,73658.0,-1.64438380312219,0.233325985901243,1.59308723198199,-0.0300525285349888,1.02607188716167,-1.06797241421811,0.373122945795596,-1.47769664916905,0.415042790811594,1.32415869538923,1.63466765738522,0.221205347997295,-0.829425775477752,-0.223198340647403,0.232973241328774,0.0068342941336929,-0.786812074602402,0.0210951143162708,0.285210752611384,-0.240110846494896,0.391675715789318,-0.42074410073817,-0.276312067268564,0.542788589648821,-0.633719018612412,-0.0285734651655293,-0.12707469870687,-0.29004455531542,15.91,0,0.3248381750069813,1,Anomaly,Reconstruction error exceeded the anomaly threshold.,0.3248381750069813
47378,43191.0,-5.30742111142113,0.116947671327227,-0.201961593294841,-1.81967209451022,-3.06450209378406,2.38641159669258,1.34438865788609,-2.88875133284693,2.10550263530574,-0.262967600022185,1.7683754796242,1.4728907154784,0.0339764966887509,-0.564785489422877,0.866956470320828,-0.242322054168516,-0.260066237606717,-0.190416105170355,-0.522310774938251,-1.03875383620433,-1.77455574901682,1.6468478541115,0.0911771299923065,-0.171547245038764,0.642408960823131,-0.750976276098852,-1.49420438661754,-0.272137490980041,494.32,0,0.3237456372161022,1,Anomaly,Reconstruction error exceeded the anomaly threshold.,0.3237456372161022
73557,55188.0,-7.60639206480056,-7.39099244002735,-0.6610930335173,2.34964593159784,5.33016746805064,-2.50406889037086,-1.50203680912438,-3.06150816812682,0.180021657631879,-0.312790082611908,2.29285496144091,-0.0249798879588544,-1.15770821719382,-1.38420835413899,1.30670101857809,0.71938750114708,0.975436920866017,0.188270628878173,0.0768236664347703,-2.74067994214048,-2.6076192919694,1.47443194276058,6.62221453235406,-0.476191996905213,1.23578170068696,0.622453276920907,1.50831694366912,-1.60371645339565,0.76,0,0.3219502505591054,1,Anomaly,Reconstruction error exceeded the anomaly threshold.,0.3219502505591054
46026,42608.0,-9.62822864029185,-7.99624016940098,0.111414631229072,2.35729763633648,3.80354694213782,-3.08887703603405,-3.57252379266393,-3.41693374829319,1.27414075748076,-0.246246557646568,-0.956541289328984,1.00058832352022,0.164873653627721,-0.179348363106757,-0.389493501444245,0.612068601389438,0.0270318796505997,-0.540187238794249,0.0541817266104788,-2.11737283195878,-1.62160052389,0.226484960363827,0.0644444633661613,0.707647896841681,1.02600532290785,0.694618257445961,1.72951867221348,-1.00073733897498,87.0,0,0.32119738950569643,1,Anomaly,Reconstruction error exceeded the anomaly threshold.,0.32119738950569643
68253,52899.0,-2.1215573570941,-1.99062704907877,1.55162664395454,-0.456067292881397,-0.813510780627077,0.107657157238178,-1.047652382481,-0.0657581201202297,-1.57080958755692,2.07888519989793,0.466992911528027,-0.0412540980299881,0.944419078347442,-1.21784688248993,-1.10519105539539,-1.50209951555933,1.2787704106686,0.513127990040785,2.67232634691195,-0.8129054565644,-0.482475946619556,0.341099829529675,0.381064037191165,0.0766019396205502,0.208590536834663,0.169115470821488,0.15273304812088,0.389537768744519,88.33,0,0.3203882110661666,1,Anomaly,Reconstruction error exceeded the anomaly threshold.,0.3203882110661666
68120,52840.0,-2.9685776136899,0.378511475924713,-6.24342563033264,1.72291361439014,-20.0421812111983,13.0267467268256,19.2244346226837,-4.63738416502792,-1.10551464013853,-2.9130984747869,-0.459043211156584,-1.45943342631408,0.0982266625102682,-0.272600998106195,1.03264927699396,1.12543102841137,-0.0167696743795747,-0.396349514762849,0.593177648602741,-3.50345234461396,-0.116284132200058,-0.08776449902876,-0.0494896369259883,0.0774687679337104,0.22682721032402,-0.0051322382039247,3.72143701808964,-1.46350787547483,4249.73,0,0.31973958590904883,1,Anomaly,Reconstruction error exceeded the anomaly threshold.,0.31973958590904883
182154,125283.0,-4.91761283723498,-2.73197079854682,-1.35342003782879,-1.42535432359687,-2.91105935296613,0.0524599031361317,2.37341622365157,-0.116179250449614,0.9310029247194,-1.74920183534532,-1.16575950057761,0.193001920173373,0.359672847657223,0.140060715398512,0.563194646212297,1.47191593861863,-0.938938567725176,0.100911936666082,-1.10671402901912,-1.47773922568747,-0.167915299369413,0.341516737920866,-1.87245655121732,0.180053940222986,-0.31376880804073,0.42393196566771,-0.337126765185848,-1.08896757767568,710.0,0,0.3179217519953192,1,Anomaly,Reconstruction error exceeded the anomaly threshold.,0.3179217519953192
153811,100186.0,-5.10330666741472,-2.64267358379139,-1.20509953554965,-1.88742476522737,0.519254192522816,2.57255630398569,2.24355320579577,-3.86359514284676,1.02901553703835,1.16761034058378,2.3343728302427,-3.28546441846676,1.28468732875576,0.550039272472959,-0.575549162297464,0.656187869311334,0.723470281022655,-2.14061311405611,-0.300354848184821,-3.30494079538244,1.33607534863327,0.0533780526447135,-1.07355540715724,-0.809873928083726,0.982824949636476,-0.0197235861828011,-1.19749564366742,1.52861498906558,618.87,0,0.3173010019689204,1,Anomaly,Reconstruction error exceeded the anomaly threshold.,0.3173010019689204
134246,80713.0,-6.92905827746082,-8.10394595425914,1.33456491887869,0.674121270645636,8.111618043308,-6.53236027254925,-5.61332505295154,-1.41265784687441,0.956311109745997,3.05443000692123,0.0497328464128493,0.74631897266311,1.56693448852156,-1.12107743165289,1.07243822241459,-0.851241241804688,-0.8557485372595,-0.124236983972342,-0.476064336968462,-5.44166565040329,-2.21692594759237,-1.14912157503726,-4.07014583099901,0.954112797928777,-2.34588577374943,0.453679018244258,1.99401699294703,-1.51058073892882,49.99,0,0.31656617596492304,1,Anomaly,Reconstruction error exceeded the anomaly threshold.,0.31656617596492304
28999,35272.0,-4.20374517968776,-2.48614688486569,-0.59419747971214,-0.560814730050562,-1.67437711804839,0.908641223640313,2.92994977194404,0.162063983030751,-0.216572508915777,-0.786966111962644,1.5957763124989,0.362439235377841,-0.635795370091427,0.529362893379691,0.509388963618102,0.613144137759926,-0.290854386170428,-0.767583704203114,-0.830359501722483,-0.821349952501559,-0.463418742860518,0.0244640892721815,2.51887866374249,-0.274395592721723,0.207267860649628,0.804648726676351,0.612159271124343,0.292025750597516,728.0,0,0.3163044824013259,1,Anomaly,Reconstruction error exceeded the anomaly threshold.,0.3163044824013259
62546,50311.0,-4.38568654711669,-2.13594850179966,0.816317605788644,2.21363357077633,-2.15807406702322,1.41799547395869,0.87941634142663,0.546345075048831,1.16853848094578,0.322078870655212,-0.0635679386848219,0.386579620713602,-0.963532101477076,-0.525079378387237,-1.04819534141238,-0.157376151194971,0.311670545949604,0.884550112069772,1.62873887803112,-0.332296064769323,-0.352908918896601,0.565398000445259,-0.149947763380316,0.115918370584344,0.852113237871286,0.133031111198579,0.950145313548451,0.547171508473149,552.35,0,0.315885774336562,1,Anomaly,Reconstruction error exceeded the anomaly threshold.,0.315885774336562
23980,33010.0,-8.82769804558761,5.65548514098642,-1.21953095524388,-0.632479502087111,-3.58809447235923,1.05723981593617,-1.95480649869676,2.16340310137502,4.74687858325624,9.09145931520648,0.674472710863442,2.04425881462703,1.08408053305943,-2.52795835641601,-1.5333223993125,-2.99371472384905,1.14160155222303,0.826360165475323,-0.305625722215328,3.07434274679944,-1.34720088177436,-0.623429187062715,0.0782381211768937,-0.0498870324925597,1.72880509550825,-0.0438826962697429,2.13687657230232,1.02430979743257,20.0,0,0.3148703647111498,1,Anomaly,Reconstruction error exceeded the anomaly threshold.,0.3148703647111498
55702,47078.0,-2.61335917833537,-2.21940392081049,1.54540051530206,-1.48167190932748,0.327718790551332,-0.683318106827329,-0.645108194463421,-0.244966493178926,0.501664864702043,0.773528856239157,-0.0004433715950142,0.1629827820167,-0.814304662448611,-0.971780683072749,-2.13061571630639,-0.74283837699225,-0.845933827983954,1.32792925310998,-1.46191155443429,-1.60872080453346,-0.715803300494164,-0.687153994238697,-0.332632197646767,0.0360229128909141,-0.948731495603739,0.0754572316671958,-0.661589044519123,0.715145220940012,110.7,0,0.314681062822663,1,Anomaly,Reconstruction error exceeded the anomaly threshold.,0.314681062822663
43225,41423.0,-2.47338595911115,1.03516772932842,2.69292844783037,0.698624238294001,-1.68959319912691,0.994089625254861,-0.35518062768891,0.215136206308975,1.15242498505747,2.69265586573633,-0.461883149245802,1.00437503324959,1.33000207820618,-2.30786681243544,-1.13645703672602,-3.35086833545974,1.16623866085893,0.33404763941133,-0.0955363794164452,0.608543673991429,-0.811050245436831,-0.038660394386396,-0.332891106447237,0.634773944178831,0.394326727207881,-0.196854958868128,0.0729327002312743,-0.683132239765048,50.0,0,0.3145163037534025,1,Anomaly,Reconstruction error exceeded the anomaly threshold.,0.3145163037534025
179340,124034.0,-0.780509921606297,-3.54661962583389,-0.703946639494141,1.4563066553168,2.99732301276685,-2.10977089862928,-2.21964230115983,-0.473861150431813,0.110315555798436,2.38242508211295,0.253206874398577,0.368856665841471,-0.106777758513903,-0.0937418605702691,-0.0353658641395271,-3.134657265526,0.515623959075198,1.88283975145335,2.27749957719192,-0.801344381395024,-0.223055738774362,0.906570999483303,-0.280725580639717,-0.27398158835827,-1.95683285398576,0.0127807162419491,0.299616996574866,-0.51954075957184,11.5,0,0.3141598119576446,1,Anomaly,Reconstruction error exceeded the anomaly threshold.,0.3141598119576446
71626,54370.0,-9.02326764362904,-2.7761976537868,-0.418797551817553,0.239567261566604,0.265136344082718,0.21976987221579,2.7271510446593,-2.68506223707369,4.54173806326745,5.01059156339643,1.32166339275778,0.286921875648744,-0.0794660939563346,-3.40417567545264,-1.30234012157387,0.235481487038171,-2.20752633743292,-0.481451712831639,-0.6275933031645,-3.71242915749384,-1.48442948817974,0.731767762637918,-0.908467966327518,0.191791763668233,0.0660499795140101,-1.2927231393685,-6.90034218974818,1.48676376343902,70.21,0,0.31407862394691344,1,Anomaly,Reconstruction error exceeded the anomaly threshold.,0.31407862394691344
175260,122261.0,-5.59893582114736,3.55879865027282,-3.35840909339343,-1.96143914880417,-8.54109953156008,13.5820555953905,4.95513982040228,-14.0864908557176,2.0140187931761,0.174567661975657,0.368152769542912,-0.0783145137181686,-0.0830523662160625,-1.19187659468155,1.87787567093996,1.2180780616141,-0.475887646239232,0.542982544995076,-0.214936140010025,-6.02131687877513,10.9821889002215,-3.11468079416705,0.21163428250306,0.796709630402139,0.542407453686592,0.0410762691617047,1.57447473375622,-1.34696650147245,1953.12,0,0.31345053931490185,1,Anomaly,Reconstruction error exceeded the anomaly threshold.,0.31345053931490185
263618,161038.0,0.0797167412920389,1.05214291394309,-1.71836837226224,-0.870788484239948,2.58056968173546,-0.0066190459512959,1.47206332821617,-0.16828636829933,-0.821654305698355,-1.03123266579766,-0.499117860153086,0.268589996512183,1.06500415151427,-0.974852281572531,-0.776501761748092,-0.274679986640432,0.540515191381128,-0.136707703150199,-0.299891382580182,0.0848022866023324,0.223777405578355,0.647915649467201,0.0204180879375623,3.51534359752901,-0.556051194012724,0.332388806552966,0.148671628755866,0.294834195187028,16.0,0,0.3133936282231621,1,Anomaly,Reconstruction error exceeded the anomaly threshold.,0.3133936282231621
223537,143421.0,-7.78716271231869,3.75419984968041,-7.04676413585111,1.57713972914962,-0.0891486121660937,1.12106887404349,-8.68336247549828,-13.3728744336617,-2.19329306579216,-1.84248288334147,-1.06212212696163,2.93095029065494,-1.24251272814485,5.11877403289689,-1.32721141665265,0.863365283404558,1.38648176767717,0.665541840470162,-0.122337295666494,2.42539135342928,-7.34146252958404,3.82086749748468,-0.357978456650155,0.341080863276835,-1.49876874983177,-0.428108705151023,1.23275440242372,-0.592393549670325,1.0,0,0.31301376989773744,1,Anomaly,Reconstruction error exceeded the anomaly threshold.,0.31301376989773744
138872,82894.0,-2.78558067181171,-0.576366442601566,2.16873291729456,-1.14999708941569,-1.76417492225391,0.185296735835054,-1.54739650476122,-0.726488978817205,2.96376383673282,-1.8531902069212,-2.01095943862858,-0.134053439825389,-2.71112017039673,-0.507962569428311,-1.02837650094615,-0.627143976642859,0.687988810192094,0.59388303341878,0.452821818009779,-0.929070586066705,1.52967723913765,0.107090675026351,-0.73191645310784,0.422124158536101,0.647887917621755,-0.444580450322007,0.501834540666096,-0.172656039222221,101.98,0,0.31203398884081274,1,Anomaly,Reconstruction error exceeded the anomaly threshold.,0.31203398884081274
214682,139776.0,-1.2365569183081,0.289173185580857,-3.25014935681746,-0.623009508331735,-2.40281605099737,1.09560201608969,2.2070004560606,-3.70353661374468,-2.06013201901496,0.537719121049912,0.741064620582635,0.764091619014203,1.05973863969287,1.08940033480144,0.37586901277927,-2.97115283772797,0.896117895722594,1.48669305373635,2.60233400117917,-0.582361391058179,-1.44693993499918,1.61638711408245,-0.5606687222172,-0.14551509764381,-1.1796939178377,1.2295455362973,0.0648486436590821,-0.340240365833739,622.78,0,0.31073391235578995,1,Anomaly,Reconstruction error exceeded the anomaly threshold.,0.31073391235578995
211449,138416.0,-26.0547646353058,-37.1542209228247,-4.70724242473578,7.25882255416919,14.9293593623728,-12.7094748324265,-7.00425367217163,1.32384062271917,-1.05613454088824,-1.34468731709568,-1.39153323911608,0.8645289427194,1.91242500046851,2.24720573493054,0.792109900413419,1.47144377210183,0.646400202886502,0.265946140567077,-0.790930515532007,13.5307210806258,4.29372768505132,-2.38900383418638,4.25933483371882,0.731503859957684,1.70472051836465,-0.39375464057204,-0.374638075436532,-4.60195906418193,2160.12,0,0.30971848235835414,1,Anomaly,Reconstruction error exceeded the anomaly threshold.,0.30971848235835414
93184,64285.0,-12.5034486250441,-5.69414264922049,-4.08482071709285,-0.195131057386115,-3.76347094177322,1.94270007148764,5.2203065988035,-2.32757602679214,4.97465254444281,3.50675178808427,2.55050337820818,0.861649694344932,0.284465396257762,-2.18660122184148,1.81718322866854,0.331644570172498,-1.0679374818454,-1.16261814025559,0.597771760773029,-8.35812187012989,-2.97484162038422,1.6440113317262,0.963335381872643,0.114882036295306,0.429064647897286,-0.99635911699778,-2.89700008334767,2.91621625780817,797.92,0,0.30965376878264994,1,Anomaly,Reconstruction error exceeded the anomaly threshold.,0.30965376878264994
104380,69042.0,-1.80277854249997,-0.578647154869011,-2.16218481346238,-0.949139499229885,-1.34791080114384,5.80312787688429,3.92839635815422,-1.18638973271896,-0.0345590512420332,0.0695199224223521,0.255535117302784,-0.601910227798882,0.249465822599726,-0.304000777938181,1.65049696512254,0.681926569406036,-0.913866915505166,-0.0746824444783826,1.33923094415486,-1.6587147507847,-0.178858248392858,-0.624925102766837,0.848100456633433,1.13393105593553,-0.295175227353728,0.82991547440858,0.181127877663046,-1.34737805407003,889.95,0,0.30871632684256206,1,Anomaly,Reconstruction error exceeded the anomaly threshold.,0.30871632684256206
250166,154759.0,-1.03113392322312,-0.419657694895634,0.86898201020629,-3.52885994903939,-0.0306988903502229,1.78091806659525,-0.715572520983699,0.949038420237011,-2.65642815277209,0.170726381835238,0.329449488805329,-0.162229187215707,1.12647691854366,-0.424947594564439,-1.08090738490766,0.333614631960706,-0.0715153390120738,0.527635049567381,-0.37562791381368,-0.0940839064848023,-0.286744468702446,-0.966554210173362,0.167829416503156,2.99380384972447,0.402406477429292,-0.602678832972545,-0.119202056665145,0.0047416193337362,81.98,0,0.3082873168677764,1,Anomaly,Reconstruction error exceeded the anomaly threshold.,0.3082873168677764
82499,59426.0,-3.81784666733506,2.19114879311346,-0.0143461568029883,0.269976350558472,-0.09356548419035,1.46306026556795,-3.01740883475801,-7.69396933769083,-0.671482723957089,-1.26827172729677,0.644401379648664,1.72800768311583,-1.00259434230141,1.16811504865202,-1.66062293800151,0.201008459017743,0.110448820068769,-0.361413661942323,-1.1786588316671,1.05257408566545,-3.7671860117358,1.45985256161757,0.194876674847821,-0.0152293277483989,-0.240778139047459,-0.695346676937815,-1.17752207355234,0.231260549873052,50.31,0,0.3078954499692839,1,Anomaly,Reconstruction error exceeded the anomaly threshold.,0.3078954499692839
104195,68954.0,-6.04255384607707,-2.93282943170733,-1.73163880222916,0.819555673076428,-3.7393051210139,0.749520063477235,1.59075905877591,-1.9548959291137,-1.04644078435291,0.573112952920086,-0.0520044788778566,0.145309467169287,0.330932020037794,0.44238184634576,1.18049781979477,-1.72592293001182,1.42392371559969,0.0811938712576839,0.212800974756446,-3.13652236284491,0.318915015317018,-1.28865129560203,-3.14277001327973,1.04629371366413,-0.490360804204276,1.21606684777009,1.02789548001321,-2.18614385402654,833.47,0,0.30688379127966076,1,Anomaly,Reconstruction error exceeded the anomaly threshold.,0.30688379127966076
223150,143265.0,-8.19782471339463,-4.4246407351546,-3.56451857951022,1.00597699931923,-1.46182291038716,1.67213302818865,0.605673008405652,0.171572982412095,1.20236375125544,0.33456117477403,0.493712721168254,1.43322424866798,0.156310119388474,0.719258146921625,0.21116973895042,0.664827873324406,0.339281129334711,-1.40710023373032,-0.588343485146891,-1.99978541185844,-0.242733657587657,-1.50871185584676,-3.2075468184612,-1.29531349488483,-1.68155508525893,-0.215556348931171,1.14058590048035,-0.16709042615187,471.15,0,0.30650314703065035,1,Anomaly,Reconstruction error exceeded the anomaly threshold.,0.30650314703065035
206287,136151.0,-2.73277794082064,1.23293687103609,-1.34486576411389,-2.13863543048092,0.353920642553065,1.59088617849789,-11.0317804272729,-15.8560050961971,-2.15762754883146,-0.377911325908439,-0.209899399913766,1.44746574125838,-1.10994829335166,1.96974536778036,-1.25226384480532,0.973358059425638,0.924066501441149,0.489781001222611,-1.11607544777867,1.84843288367095,-3.58437649697578,-0.464021180554155,-3.06832561004645,0.373606767094407,-1.59404274039789,-0.700554341067337,0.380127660230371,0.530902072344742,44.94,0,0.3062922698324918,1,Anomaly,Reconstruction error exceeded the anomaly threshold.,0.3062922698324918
115401,73861.0,-1.28742544574405,1.10331195236352,1.19036025148399,2.03520285951892,0.444757169050494,-0.874740565652189,0.663972857410048,-0.923804316323054,-1.04714471190513,0.745715039988522,-0.586905732778263,-0.718986683606074,-1.06473870473312,0.480861413186814,0.136509416539017,0.310804707576476,-0.321660230456167,-0.25089683744992,-0.867464330262518,-0.430343968363397,0.740940609227752,-0.0819794391728761,0.318431682997271,0.659084826784135,-0.211083221311707,-0.0912582610722937,0.378724724096373,0.1763237942767,28.7,0,0.30471728250273267,1,Anomaly,Reconstruction error exceeded the anomaly threshold.,0.30471728250273267
65877,51783.0,-3.59718791433087,-5.34515778056575,1.86564250491652,0.206405551313494,0.0990933862113493,-0.410745423323061,-1.5495665869337,-0.131565443614342,-0.387212182799314,1.60586697207185,-1.04152394960329,-0.777005483782555,0.494312598523127,-1.97573692268291,-0.669611671382864,-1.59203977501925,1.52162855902554,-0.194023067242251,1.40912269635639,-1.95180117322404,-0.712372265942254,1.36672639533494,3.15298382108236,0.135954800415317,0.491995676608115,0.315520279531479,0.830158755207421,-0.809868057619002,100.0,0,0.3046831530197297,1,Anomaly,Reconstruction error exceeded the anomaly threshold.,0.3046831530197297
75798,56255.0,-5.49183015692739,2.86989610231091,0.973558155205304,2.94846076920788,-0.919680040581673,3.56237785204064,-5.01246401248044,-12.2137344183317,0.677663500711867,1.96311053327502,0.255740889337298,1.56586838863714,-0.262745832723164,-0.24687625551446,-1.03408325611751,0.0787805076822636,0.905675453037998,0.680415910923269,1.25440489596881,-2.52199594701721,7.56913648578894,-2.20093791865844,-2.04008925468281,0.142526302026234,-0.224825299332004,0.51714636881549,0.973640168654758,-0.216284954770738,380.33,0,0.30298780616910054,1,Anomaly,Reconstruction error exceeded the anomaly threshold.,0.30298780616910054
76981,56826.0,-6.47710165961062,1.75767634917741,-1.20001687173183,-3.91712240574279,-2.80846686809213,2.36751669720707,-3.63296543155709,-4.65491424288766,1.2151742036632,-0.310509384324453,-0.243936419384722,1.69210287755754,0.737721899568236,0.497743362487622,1.85883444262622,-1.57653741353074,1.36741826651767,0.0251629361553998,-3.62701001897435,-3.36536129791661,6.33998234267941,-1.1615967080039,0.923298499935693,-1.01464444905876,-0.521050768230065,-0.231558995904824,-1.81726333813583,0.515249323663248,100.0,0,0.30206786267393004,1,Anomaly,Reconstruction error exceeded the anomaly threshold.,0.30206786267393004
87805,61853.0,-2.6980126723836,-0.303868594212421,0.0219693492271926,0.4505204461741,1.45944636468483,0.0595335764664165,-0.0199362884181552,-1.05538696177414,0.319639516337253,0.520100636966156,-1.11964479659957,-0.462455595240247,0.387117919435732,-0.675065623948345,1.78879212412252,0.284328084133613,-0.0465773431016711,-0.101706990899232,0.902719345677175,-0.877168818269168,0.376243899482607,-0.871831489028265,0.257069102314125,-1.36105887621127,-0.505963815458532,0.132037295424832,-1.22611079689032,1.62534432206294,4.49,0,0.30158295321077383,1,Anomaly,Reconstruction error exceeded the anomaly threshold.,0.30158295321077383
265283,161817.0,-4.2768658478304,-2.35126075129878,0.779924993932223,5.68385716182852,1.1632629805948,0.193968122740918,-2.09035121678438,-3.12604287079676,-1.11257142220568,1.63843746522556,-1.01234437034981,-0.687348116059968,-0.388245266321511,0.424637295898018,1.81904914510968,0.886376973848527,0.0542063822313895,0.270834155233719,0.890418406016988,-1.84079194574549,-1.84613871057574,0.776955645597063,-3.8688086950516,0.365491896556494,-1.40625673692831,0.47577644384733,1.68981331122933,-0.445367358853879,758.58,0,0.30154276384458567,1,Anomaly,Reconstruction error exceeded the anomaly threshold.,0.30154276384458567
90408,63008.0,-11.8202325549841,-17.2461252400058,1.35719785569207,2.61916784878891,15.2543125269836,-11.4957876059072,-10.8588445097397,1.37830858768234,-0.278136260985266,1.79790438241764,0.378242394578089,1.04296563038525,-0.325642323705455,1.27665358897212,0.0292547000064615,-1.30047096115661,-0.232369390692265,1.67711184241074,-0.490121020823652,3.88385296008139,0.760875687254916,-2.55114181659008,3.57092954887278,-0.131222738545711,-0.383807735091011,0.360007544171654,-0.537746181197783,0.499229955850905,54.99,0,0.30086840417633653,1,Anomaly,Reconstruction error exceeded the anomaly threshold.,0.30086840417633653
84230,60216.0,-5.08953551563037,-5.53811402031785,0.353177531678777,-0.21527774534494,-2.74678977649037,1.04472513107421,2.4543183701007,-0.0910737571895272,-0.683721769587638,-0.733401634042949,0.386126715027739,-0.355782798983757,-0.198887974127471,-0.736886527768988,-1.47903773245962,1.76861966745228,0.0011991096444067,-0.533624838505775,0.872380498994878,0.382738218779953,0.0124711804273556,0.234026690222635,1.97382787199692,0.0387405947654899,0.942848016903152,-0.298945512748792,0.219371152643344,-0.658141853180826,1055.19,0,0.30033412621494365,1,Anomaly,Reconstruction error exceeded the anomaly threshold.,0.30033412621494365
178178,123510.0,-2.19361050500018,-2.61967952939093,2.18096248762979,-2.71446772097261,1.04972398046561,-0.738934909959935,0.223838586125163,-1.13872277565649,0.756461081666869,1.28329241187952,0.898474224887013,-0.328006589519448,-0.058691308976062,-1.42000698858303,0.588418867042501,-0.782363066047423,-1.62491435270298,1.94265043876773,-0.828756513387382,-1.19054521207009,-0.762773114584598,0.0419583113426269,0.420653919110961,-0.381352166625996,-0.425683497555631,0.32029868264243,-1.0138796868513,-0.705354127094459,39.5,0,0.29966642869122423,1,Anomaly,Reconstruction error exceeded the anomaly threshold.,0.29966642869122423
97361,66185.0,-9.27134997083352,-0.652237231283613,-2.73812564699674,-2.79445083905593,-4.10459706160513,0.387410489645662,4.73688943855585,-2.01112493528195,5.81863212787932,4.38568615540166,0.38781219607317,0.312478888377489,0.371439048091033,-2.72537938463703,0.952215607673107,0.229383125116629,-1.47998420364554,-0.906505497627944,-0.635468270952018,-2.86145611437461,-2.01034516108169,0.407846204268357,-0.393845144919846,0.611956942736115,0.921236008472001,-0.503050970886344,-1.46605957671798,3.47672856442739,667.44,0,0.29889419349902285,1,Anomaly,Reconstruction error exceeded the anomaly threshold.,0.29889419349902285
274488,166039.0,-4.25870489559042,0.0150883119387652,0.589449496591805,-2.34985650736264,-1.84707115751546,-0.482745362548429,-0.679262725311519,1.29002706554603,1.11882450436306,-1.0173742574031,0.412894932259071,0.379929087065612,-1.14290189007934,0.578304636381618,0.460067334380368,1.78905648130865,-0.943969434913444,1.04384187257121,-1.1022950677568,-1.10505104639268,0.131349756853394,0.640069958025715,0.28246712817522,0.0468133338417416,0.560672733191366,0.567100665288317,-0.772820601599766,0.307074892097616,89.7,0,0.29859595090947977,1,Anomaly,Reconstruction error exceeded the anomaly threshold.,0.29859595090947977
197788,132179.0,-0.211893346754924,-1.54959028895541,0.202832306776602,1.54530342249063,-0.341282024426226,0.658917163274187,0.588765710937591,-0.33687259181532,0.553966631111293,1.02367716596227,1.035765227786,-0.217448506528285,-0.656943909189377,-0.120832872161348,1.62246927345184,-0.317512147682613,-0.249606248680284,1.15088757461403,2.3240733253328,0.0946106688745446,0.176421417453541,1.36187317013604,1.45664999133001,0.71989393713832,-1.33618882318236,0.538784667234433,-0.0444738446198782,-0.570287854890045,250.0,0,0.2981891790431882,1,Anomaly,Reconstruction error exceeded the anomaly threshold.,0.2981891790431882
197675,132124.0,-3.93440045714422,-1.71126237009025,-6.16753636772582,3.0354079984877,0.597157244691387,-2.13482176015328,-0.246248677847496,-2.81541909264487,-0.293703832827749,-0.892740271507061,-0.565007367846754,-0.188201162339794,-1.01317747526271,-0.691817349430876,0.359612430485598,0.709537665161592,2.53634229258447,0.92053202883185,-0.275649860740932,-1.22688282439997,-1.41542008259815,0.966740755755322,-3.23318450503654,0.155335439472328,-1.66475203498929,-0.460019670473559,0.456478014674711,-0.716180673944233,606.0,0,0.29771569256714253,1,Anomaly,Reconstruction error exceeded the anomaly threshold.,0.29771569256714253
15023,26356.0,-4.80106220844003,-1.69574674900622,0.881621366922409,-1.08389406007873,1.03049587342002,-0.66112776099711,2.14809806869449,-2.17575372191459,2.53889061180914,3.33181560939341,1.93387535158934,0.0603050094586792,0.321563852427981,-2.25677822495163,0.578953459360614,0.661542110411527,-2.09002002415401,-0.28589391322244,0.175752494005466,-2.4779356726401,-1.40332379138784,0.393259685729356,1.29829915446613,0.120074750075133,0.152044003889134,0.530763678614212,-1.8714053393947,-1.3619460730151,98.18,0,0.297663665720081,1,Anomaly,Reconstruction error exceeded the anomaly threshold.,0.297663665720081
270576,164149.0,-5.01107969695335,0.161809002934241,0.344492004757168,1.11428841664084,-3.35226775663909,0.771105529756215,-2.42230789401894,2.53870321414431,0.477752830900622,0.546318628914365,-2.75830455352366,0.767976656572838,0.500856954771976,-0.259497195297586,-1.26364758640453,-1.4611010351552,1.35136848033594,1.92465702807108,0.125114083310879,-0.739666962231732,-0.480190728961429,0.0566844761873797,-0.11853413227522,0.0160310744161437,0.910951644666533,-0.0952326137938059,0.69320827589345,-0.0722501424644146,100.0,0,0.29746297701051555,1,Anomaly,Reconstruction error exceeded the anomaly threshold.,0.29746297701051555
188198,127863.0,-3.98001388897141,-0.905195656221874,-2.787039229242,0.226020073614726,-6.35461657400586,4.66169072888074,9.66738903212381,-4.17877709382585,-0.605722270516155,-0.566278282670715,1.02456181632301,-0.829629875746512,-0.890699951437058,-0.0125736544334892,-0.144918575089767,1.14330553685652,-1.54734543439266,0.0466521770573408,-0.408263092491155,-3.90495637855096,0.146903361207897,-0.237283708586936,-0.984056299400363,-0.176938511383061,1.27960975429949,-0.493641558540341,0.924856967672665,-0.323510447107381,1890.69,0,0.2974253615366788,1,Anomaly,Reconstruction error exceeded the anomaly threshold.,0.2974253615366788
235291,148332.0,-2.56853811102515,1.12366093676332,0.748338542107038,2.48816921579225,0.313031974816314,2.12138638884794,-1.39710248958294,-2.08171492033528,0.0398954010999659,1.96706862909679,-1.00411001984381,-0.229856654496338,-0.194301860317982,-0.522367802952996,-0.856037478056027,2.41667115649728,-1.9691829188453,1.35118963938518,-1.57961492213528,0.176913360507081,-1.44767389338646,1.21523199049982,0.664211386225166,-1.51006274796003,-0.330787841590727,-0.0361692924322226,0.290982073162517,-0.339549136278312,44.84,0,0.29707134004891184,1,Anomaly,Reconstruction error exceeded the anomaly threshold.,0.29707134004891184
93397,64395.0,-7.03367593866204,-5.75912985327217,-0.521022604569031,1.52841752364302,2.01167359100858,-1.01682916183955,-0.422023209431888,0.346285180156896,0.196841146732436,-0.346151888792467,-1.48492020398114,-0.32456010224784,0.398369332921928,0.349343492320649,2.03758993920052,1.14604761566277,-0.574130036712018,-0.150324702273955,0.545133539349206,-1.67647983633524,-0.809765189493402,-0.853509908938495,0.389502600918922,-1.18301073126296,0.457183678651053,0.272186770376507,0.003962107776543,-0.405035540067453,274.03,0,0.29699498758456844,1,Anomaly,Reconstruction error exceeded the anomaly threshold.,0.29699498758456844
68050,52808.0,-0.654522280313063,1.21487446004597,1.28958699884449,0.073618813836843,-0.0755171698171921,-0.578546823960212,0.26773642984957,-0.67604870602855,-0.187630924834225,-0.448022707421108,0.110408485333005,-0.390660777801168,-1.05344767754499,-0.13991710514523,1.22307732850628,0.0500957805867654,0.531474520093306,-0.551659382307679,-0.581504620071101,-0.167978796958749,0.535222099798524,-0.868840568902652,0.136262887410432,0.307567062137168,-0.304692857533701,0.090380765260944,0.2938938972999,0.104407387303708,2.69,0,0.29663628181366763,1,Anomaly,Reconstruction error exceeded the anomaly threshold.,0.29663628181366763
147051,88071.0,-1.87215644847646,1.45017714475545,-1.93310072454637,-2.65326909442673,0.536226772219298,-1.3787022609519,1.39278417093387,-0.827886131206896,0.848945117832007,-0.139765235589934,-1.23228460399048,0.146228130566157,-0.503988111981893,0.440479982640915,-1.13410658226586,-0.375321102777528,-0.428110238122855,-0.707457729199545,-0.808550982299308,-0.36740942901812,0.711686418130581,0.49793581865641,0.215426417544467,0.802300854784285,-0.050182384347684,0.494233585140677,0.297260151769062,-0.230735342505494,80.0,0,0.29655410332829973,1,Anomaly,Reconstruction error exceeded the anomaly threshold.,0.29655410332829973
986,744.0,-3.5900235269187,-2.61234657354237,2.32292004834584,-1.8396666403005,2.87683468746746,-2.92905906273881,-1.62204862370213,-0.738849359208119,3.21228038176326,-0.010523474668369,-0.538572690874013,0.451516033368692,-0.635959708124948,-1.28803508570439,0.133763874502234,-0.258804228459774,-0.961071027989039,-0.260277398311473,-0.557072453828164,-1.73081299805422,-0.754386587941854,0.160377428625225,-1.92064790867343,0.579340188823716,-0.117107121164818,-1.09664765350165,0.639569326983905,-0.802699995369106,0.1,0,0.29653976353025535,1,Anomaly,Reconstruction error exceeded the anomaly threshold.,0.29653976353025535
200767,133567.0,-3.85567545484597,-1.24882811806075,2.32202226471475,1.03532480149841,-0.996932832804313,1.29861520971449,-1.52113006750851,-1.39910349047925,1.02125394582359,1.41436606699939,-1.42152652843362,0.901050936076795,1.49424076506635,-2.0702218394304,-1.18835890676137,-2.16185647507618,0.642439523277459,1.4326035080733,0.203007450690326,-1.68932447251051,0.724621178130394,-0.100036531123899,0.036844637632265,1.22710403347982,0.76182057422729,-0.165100256399009,0.631080415675739,0.932351723313654,150.0,0,0.2960514032877379,1,Anomaly,Reconstruction error exceeded the anomaly threshold.,0.2960514032877379
107674,70554.0,-7.01945903089483,-0.717172725611131,-3.51366118492492,-2.15525467296035,-4.50924722359138,0.672710271709461,-2.21269637302109,3.71766136104159,-0.545836768931454,-2.39354466598386,-0.887013150783157,1.75884003387057,0.0568743021458594,2.58271971575931,1.34104081016674,-1.85441719740621,2.72847683293934,-0.440240209144883,-2.46719692188287,-1.91556811497447,0.163976543148204,-0.199849567710722,-1.17704604723236,-0.484612195334856,-0.814906931771932,-0.257162644329702,-1.52229264935422,-0.793227454987668,178.53,0,0.29571073323787206,1,Anomaly,Reconstruction error exceeded the anomaly threshold.,0.29571073323787206
99427,67114.0,-1.89226527141319,0.3180112260868,1.26607366838023,0.225150773962415,4.81278846620709,-0.181290616704907,-3.73158451717777,-0.432770528545806,0.732877702224558,1.89007854597683,1.9298137878747,0.881546616777165,-0.272308496125517,-0.374957865364271,2.10282389679165,-1.16807469069671,1.0299992088078,-1.57089301733839,-0.21478567594493,-0.124123503509023,0.507657182749168,-1.12740873946972,-5.68989525697905,-1.63258228521575,-2.23244983404041,0.138746129626525,0.464475260728813,0.0195686092229594,1.98,0,0.2952421478662888,1,Anomaly,Reconstruction error exceeded the anomaly threshold.,0.2952421478662888
65491,51612.0,-1.63179050091177,-1.59168236143618,1.92323228092482,0.389605138336702,0.556457274718135,0.5165669667082,-0.219781524375567,-0.0757648883875341,0.686423616656781,0.490442273337705,1.62901580129649,0.487313174124027,-0.271695074799259,-0.594330668848263,0.975899209747224,-0.559174660038449,0.117393025789865,-0.243289439218135,0.755958151513057,-0.498546387863862,0.0188826655902754,1.37275953401488,1.04284746207601,-0.189851351220179,-1.0704612308993,1.12002425738377,-0.0297140962675991,-0.433240035935112,65.4,0,0.2947171819917868,1,Anomaly,Reconstruction error exceeded the anomaly threshold.,0.2947171819917868
167459,118699.0,-10.0358840863101,5.63614156735642,-3.9355580153602,-0.417790704280228,-3.070871315806,4.59343142400108,-8.93633390073767,-21.3793502074553,0.321900222235561,-1.9123504774483,-3.04197475227077,1.80206596319465,-1.7838161099981,2.93651488023112,-1.00145201517715,2.26909104879283,0.817103823415099,1.06459712531529,-2.60399556980162,-1.76398315499145,7.26832757623456,-1.53041371674472,2.48705536723681,-0.975429112957656,0.731446287887286,-0.441782391601581,0.524984400101893,-0.0703720469129195,120.0,0,0.29430304819775654,1,Anomaly,Reconstruction error exceeded the anomaly threshold.,0.29430304819775654
213565,139306.0,-2.54792456096516,0.907350796459226,0.118436917342333,4.58257038109249,0.763806874531901,2.42648522775052,0.467555791340672,-1.47786244032292,-0.914117016202087,2.49299449873701,-0.587815768868501,-0.244696088502476,0.188643153337239,-0.24857733768931,0.688482772783022,-1.4714321897574,1.27207964737768,-1.5634365052788,0.374161250247094,-1.35884824692583,1.23358967410634,0.892969773604194,1.03771029507403,-0.988462720961966,-0.404744255168178,0.604577154786542,0.55482343797385,-0.576428404899469,150.96,0,0.29429760913940295,1,Anomaly,Reconstruction error exceeded the anomaly threshold.,0.29429760913940295
217896,141088.0,-3.65759783025939,-0.567602926548327,-2.76418696626487,0.207381241684709,2.14831584828761,-1.63364143622154,-0.821726543501266,-2.6852259999822,-0.642894039686871,-0.253624221971383,0.181764611358336,1.67450193818795,0.554730621950652,1.41273098703597,-1.76790457509057,0.727597410132367,-1.14373787876352,-0.0672444469504276,-1.59812245123479,-0.904219442363915,-1.05161860610124,1.35859378056798,-1.48418617022333,-0.225214796652393,-1.7272247523084,-1.14479955565322,-0.100428201525425,-0.695666450205952,11.9,0,0.29419259730353997,1,Anomaly,Reconstruction error exceeded the anomaly threshold.,0.29419259730353997
12229,21377.0,-6.59824534296877,6.2870664892955,-11.6022295919663,5.83979348923133,-6.45772292497261,-3.47850316847725,-9.76086725194195,4.76815473822345,-3.19697783849487,-10.6561481321643,9.06109409566254,-14.0577997731046,0.365763808490014,-12.1374595406538,-0.541331978859415,-9.39254105400436,-15.8820210984911,-5.04285823923509,1.84647392852965,1.35529439833267,1.51337287641379,-0.523757906738509,-0.106542102484123,-0.0082674349126816,0.229718744599993,-0.290764696497298,2.0046346601859,0.63121166304938,89.99,0,0.292147466114509,1,Anomaly,Reconstruction error exceeded the anomaly threshold.,0.292147466114509
98063,66502.0,-5.18917436672876,-6.37569180640885,1.28740896927149,-0.428971468835416,5.79229566854521,-2.28380593671223,-3.98582981239736,0.275870117047184,0.361995969164413,1.10231110796406,-0.493048415070531,0.50956874468026,1.01369472734738,-1.25013203387767,-1.86020036723335,0.97789736260441,-0.155574513917388,-1.22647783921799,1.20629456443826,-0.58066616436718,-0.244242546209149,0.327118890559973,-1.22365267342978,-1.44983021408935,0.145547927795953,-0.14086963481722,0.974446702799858,-0.366608418385026,137.65,0,0.2919224837811933,1,Anomaly,Reconstruction error exceeded the anomaly threshold.,0.2919224837811933
206128,136079.0,0.548192739594596,-3.01497086342923,-3.96309617540522,-0.170419285169256,-0.176763858143168,-1.10526460203953,1.60904010551547,-0.738767119117349,-1.53054392524027,0.18310923813529,1.43262825622518,-0.0458043436713567,0.222287209781275,-0.473386411084522,-0.999808885198907,0.765269484236579,1.25260053687192,-0.566267744431357,0.56960544272931,1.81759251250435,0.996854544003512,0.913758235917531,-1.00231166838427,0.815148967806152,0.436330360792853,0.149663991588444,-0.253931406440553,0.0856112891996291,894.14,0,0.2915925045901623,1,Anomaly,Reconstruction error exceeded the anomaly threshold.,0.2915925045901623
93221,64307.0,-3.88681393740281,-0.0045594717908829,0.0024480422695875,-0.34170737757198,-1.35294469232664,-1.19252470476027,-0.610663366634859,1.13875818010218,0.308695709091404,-0.33375749980759,-0.147458431701289,0.386810602644838,-0.400055502114975,0.701705432254921,1.09346524508597,0.750619000910854,0.225890037232854,-0.877722438568645,-1.11597696123179,-0.86556800598774,-0.25604585605577,-0.373708663175896,0.264784164636116,0.677134795197676,-0.354923021778319,0.586207546077283,-0.567415341103443,-1.2435747431082,11.23,0,0.2913836645299212,1,Anomaly,Reconstruction error exceeded the anomaly threshold.,0.2913836645299212
40020,40061.0,-6.17408758825887,-5.20559920240403,-1.2701696884627,1.36386432646018,0.256893291976523,-1.78624429003741,-2.7216358077928,-2.19528420761706,-0.997955375417288,-0.321405798791432,0.0713634148476178,-0.930200000831872,-1.07066629308226,-0.0905819982378812,2.00945930851039,1.61359129742943,2.14622278537996,-0.904972507309869,0.841571680869473,-0.119119198970422,-1.28606765203552,0.556404898664814,-1.02472578456385,0.514720905179393,-1.46838987421862,-0.378476796240829,0.54761505823179,-1.58085999898214,29.9,0,0.29122943987958305,1,Anomaly,Reconstruction error exceeded the anomaly threshold.,0.29122943987958305
156179,107506.0,-2.43117564410233,0.390241501915703,-1.43645055644719,-2.42897302325825,0.743692478341257,5.88849224153972,-7.06531979917159,-9.56403351427504,0.542657871801161,-1.93060516334388,0.183223401046158,-1.51979231952629,1.12501973101854,2.46416174928943,-0.231922925843437,0.236417901337806,0.617482053660331,1.60743104090654,-2.72561962419825,1.17212465021297,-5.5138699103106,0.804441192644886,-3.99055642860989,0.90309796944509,-2.30049226294619,0.957801166443549,0.359177132722904,-0.0017105710516568,514.9,0,0.2910720492921714,1,Anomaly,Reconstruction error exceeded the anomaly threshold.,0.2910720492921714
45975,42589.0,-4.97422437964508,-1.74827546905613,0.0324384078818077,0.608317343424271,-0.759662213220714,-0.729123045322347,-0.181148279016513,0.841041896184743,0.634343775655333,-0.71824443583559,0.225720135650564,1.147156875181,-0.79969966305708,0.304159083174738,-2.20769782449692,0.846543107192258,-0.461809233492309,0.193695677706367,-1.27360718539671,-1.34567779485107,-0.0016883597343383,0.24176697906844,-0.802290583986433,0.641354311049104,-0.0627820996500071,-0.798645510398243,-1.24423167713562,0.264537826324478,106.07,0,0.2906559089656835,1,Anomaly,Reconstruction error exceeded the anomaly threshold.,0.2906559089656835
149459,91275.0,-2.65922569112355,0.468163365879816,2.47486822759075,4.96062782188697,0.20870139849393,1.76762240023381,-0.780862919426632,0.435572429640814,0.880556065699262,1.58048019791465,-0.672906804995515,-2.96484573218934,2.00778175597586,0.42970331405493,-0.66217663321152,-0.121873973632959,1.12398095525566,0.485465839973544,1.38018643236306,-0.485696389419082,-0.423351253653402,0.0764039451218256,0.627362908128398,0.544486708171448,0.260865375077837,0.350173683695069,-0.695833850344341,0.333988297741434,0.76,0,0.29055091768006946,1,Anomaly,Reconstruction error exceeded the anomaly threshold.,0.29055091768006946
227919,145282.0,-4.96346790935645,-5.623585966144,1.39224659325393,1.25368919992907,4.02364547032835,-2.28672303882049,-2.8186793372581,0.315045117827725,1.46005917143409,-0.0788357767893343,-1.31278149398383,1.06946375216963,1.16700144573092,-0.953863644177169,-0.588209104583838,-0.214272771367581,-0.0218520656750141,-0.457926667733026,0.827534114416054,0.0026050596256275,-0.264856452973732,-0.339509359173536,0.033310243670062,0.779748597106361,-0.507336678178371,0.481656240728512,0.675443103003891,0.427538660729901,270.84,0,0.28895570679482174,1,Anomaly,Reconstruction error exceeded the anomaly threshold.,0.28895570679482174
12932,22722.0,-1.26747194210265,0.554288331199819,-1.67559638474933,-1.06539629720974,-3.74858062476935,2.43810080964988,1.40815237406439,-6.07252431053186,0.593192679865965,-0.115227017972743,-0.267787236086127,-1.76740188523926,3.38816553901974,1.20617370200397,-1.28493615259426,-0.863456886238688,0.605932497959976,0.734647654032967,-1.36130008348529,-2.86606479890527,3.47850153568673,-2.78721129069077,-3.49886513083909,-0.195942954834615,-0.249296271015733,0.948231894098557,1.444035838153,-0.114588528107451,1123.16,0,0.28866045153995096,1,Anomaly,Reconstruction error exceeded the anomaly threshold.,0.28866045153995096
50260,44413.0,-4.61771911127464,-3.78679538847727,1.23592239765634,1.53688023478093,-0.188978761900427,0.9052442745751,0.30838060691917,0.393180734413262,0.395315740150137,-0.44939715575759,1.21566050577469,0.833076650132097,-0.372359273862476,-0.248765252159204,0.0885364878337782,-0.446351859364733,0.618640726430391,-0.572582501962975,0.873243962557661,-0.848781110950284,-0.40628996944382,0.0975749699998078,0.801201012727884,-0.156194393701553,0.171044879416466,0.5715444725042,0.205171348060505,-0.534012522793798,440.02,0,0.28835867057785636,1,Anomaly,Reconstruction error exceeded the anomaly threshold.,0.28835867057785636
173491,121508.0,-1.8976542499004,-0.644219071926015,0.118543167952721,1.1170837831171,0.0483087031387644,1.90920311553199,2.32153552933637,-0.688583097489957,0.734732472426018,0.538093651051704,-0.38044728554724,-0.222423316102352,-1.29405560703838,-0.619913638528967,-1.6074661710865,-0.790865509897745,-0.288270614475087,0.0958093222793319,2.02320188143602,-1.03625061376827,-0.707132148393705,-0.424230248450331,-0.114428862917058,-0.093587168043899,0.0008967895111549,-0.721291210143205,-0.45797212640434,-0.0146123425044566,396.76,0,0.2870093301484817,1,Anomaly,Reconstruction error exceeded the anomaly threshold.,0.2870093301484817
13876,24635.0,-7.15123097056582,-6.16134097977598,2.59028053370017,7.00098062235353,2.50865696773705,-0.7345566713438,-1.69185569032805,0.302664921138966,1.35803940839831,1.3672758786927,-0.380168173290092,-2.65743868333074,2.17304228933465,0.111414656025435,-0.886876530540638,-0.0050678220483344,1.24554787725475,0.468447520386231,1.97014744118568,-2.33919490933783,-1.11333447910359,0.856314349562033,4.86909136182961,0.329295652417661,1.42016552380605,0.653315346687662,0.0647885550650969,0.59468130403663,7.65,0,0.28680459855524576,1,Anomaly,Reconstruction error exceeded the anomaly threshold.,0.28680459855524576
8182,11045.0,-2.70650968401878,-0.674261474127043,3.64689107350767,3.60918785529369,0.426524606740755,2.83080542929261,-1.07750072133183,0.53733024154405,2.69898519076056,1.20397395167448,0.757373753430322,-2.52711610410701,0.763686202972286,-0.320365832950425,-0.427928754852689,-2.08466286281194,2.53121007788702,-1.54367398197146,-0.436134614801757,-0.580680009876547,-0.433907092841526,1.32552483778086,0.654755711802885,-0.614589032663866,0.138743155473948,0.632940579209621,0.550637287815901,-0.375119310135212,17.65,0,0.2864066238750075,1,Anomaly,Reconstruction error exceeded the anomaly threshold.,0.2864066238750075
64090,51014.0,-3.98786937521793,-2.99434644243551,2.23734119894616,-0.0613793567690344,1.58430165680272,-1.04942502332534,-0.666645027109426,-0.590672483833036,1.75608920100123,0.213022859767099,-0.484903957563572,0.0207725935381389,-0.573084661436094,-1.27570189575228,-0.0581272567358585,-0.208068251685524,-0.0698042829782956,-1.20826515762912,-0.0401682847199815,-1.75561203551144,-0.802348683890428,-0.363107006147704,-1.23961698249856,0.306588204072763,-0.137043027939872,0.832275918634013,-0.572182834177788,0.359568786962552,187.45,0,0.28627957105786533,1,Anomaly,Reconstruction error exceeded the anomaly threshold.,0.28627957105786533
182086,125254.0,-3.02612408943222,-1.56436500996769,1.78848715807254,-2.43010016990542,1.29498236665153,-0.803917612462696,0.858089272437485,-0.792415847595295,1.51681145901628,0.0231038027778168,0.853663601525354,0.0492036453347217,-0.493224038230671,-1.00623280686284,-0.0091028470741295,0.717515185176698,-1.72228806908008,0.490961457055545,-0.49509346927072,-1.02710533840731,-0.323751480681813,0.805710046700747,0.425655405162879,-0.328861493850062,0.78976416409966,0.527682899801289,-1.43124819282564,-0.885135316156083,1.1,0,0.28622615259467576,1,Anomaly,Reconstruction error exceeded the anomaly threshold.,0.28622615259467576
24937,33449.0,-2.78369252851208,-2.67548824625086,0.894604453266091,-2.14352534644138,0.281242235835224,-0.252049249298878,-0.264205699264812,-0.603503508664487,-0.581045123322359,3.18777151420161,1.63298241122961,-0.983629550854119,-0.541902917963515,-1.23366334003511,0.252998883707203,-0.54417008498537,-0.0131918868032541,-0.239661540598356,-1.17279483233549,-1.41585955783028,-0.603475536823251,1.00960715344293,1.23794521870626,-0.304612796407136,-0.936713844667886,-0.480548597668363,0.0198534440703642,0.207665711189738,48.4,0,0.2861236955582756,1,Anomaly,Reconstruction error exceeded the anomaly threshold.,0.2861236955582756
541,406.0,-2.3122265423263,1.95199201064158,-1.60985073229769,3.9979055875468,-0.522187864667764,-1.42654531920595,-2.53738730624579,1.39165724829804,-2.77008927719433,-2.77227214465915,3.20203320709635,-2.89990738849473,-0.595221881324605,-4.28925378244217,0.389724120274487,-1.14074717980657,-2.83005567450437,-0.0168224681808257,0.416955705037907,0.126910559061474,0.517232370861764,-0.0350493686052974,-0.465211076182388,0.320198198514526,0.0445191674731724,0.177839798284401,0.261145002567677,-0.143275874698919,0.0,1,0.285995336278911,1,Anomaly,Reconstruction error exceeded the anomaly threshold.,0.285995336278911
151112,94644.0,-4.53980050602388,3.24815962103131,-0.929497143265584,-0.779545156286931,2.94366816409321,1.93558840183413,-6.8061342621604,-17.4184210907234,1.33573227752122,-1.22676386314238,1.46854614996423,-1.58586157350033,-0.794063782939801,1.52262967004053,-1.71320545125223,0.900880184884929,0.82527381824669,0.661623238572346,-0.857648300702359,3.64463084598099,-8.16488651409968,1.11811050638437,-2.00956379393984,-0.0484004186366798,-1.78467472386324,-0.411174895562697,-2.6842990220425,-0.962468106691235,0.89,0,0.2859541924480065,1,Anomaly,Reconstruction error exceeded the anomaly threshold.,0.2859541924480065
202502,134358.0,-6.90736854333687,-8.97657320224564,-1.53815022447828,2.27291167409075,4.28180083893285,-2.80638188380668,-0.403347715957813,-1.04617106496515,-0.26715465111225,2.0235331196793,1.90416606301106,-1.1142112243921,-0.308025299721289,-1.89084174980031,1.43123472883506,0.724561301359455,1.49658836179615,-0.444621569440186,4.52114976319665,-3.85823401165026,-1.6508606568419,1.24964370815219,6.34350353927431,0.645800389352117,1.50457785419453,0.47158996068274,1.29715911570171,-1.1710775208714,86.97,0,0.2854239099409697,1,Anomaly,Reconstruction error exceeded the anomaly threshold.,0.2854239099409697
232180,147071.0,-2.50501921530544,-0.500138661816087,-2.84245952172991,-0.224388670435619,1.81940629687449,-1.30104593744109,0.91447889616516,-0.272628848099101,0.0732697000771499,0.287869073062678,0.531075071968524,-0.325482926212325,-1.08639437046471,-0.372406794338359,-0.362516146430927,0.810380450083691,0.009465653202865,0.701208176847352,0.293764398710043,-2.0318173128094,-0.296179386719041,0.513330904244069,1.23315173755596,0.142977095058987,-0.0896287800278254,0.4401739447594,-0.808193352167739,0.171504226093971,25.81,0,0.28492370856900556,1,Anomaly,Reconstruction error exceeded the anomaly threshold.,0.28492370856900556
199803,133142.0,-3.78283547016834,-2.26408600284533,-0.861618973782637,-1.79125945610348,-4.21701019271564,4.71963979752207,2.36635321869307,0.521769105781189,2.91470058832933,-2.04968283196675,0.214975925168554,1.3147506628502,-0.326390816005403,-1.02699268059676,-0.621757231691338,-0.810729116938893,0.642767848316511,-0.461829138988739,0.504717279421202,-2.50713718267751,-0.384398972529515,1.73264094893243,0.361716912743978,-0.505135731010515,-0.572490432754742,-0.0739865704332445,0.210262202668831,-0.488614300626971,840.21,0,0.2846783129117968,1,Anomaly,Reconstruction error exceeded the anomaly threshold.,0.2846783129117968
68659,53086.0,-2.29421562646479,-1.52569916544902,1.81837476300594,-1.17938937223267,-0.565477901873982,-0.0058679966563515,-0.896772944604667,0.326468599757193,-0.263023166998815,-0.0179402516057535,0.203774163688702,0.576851709414945,0.573781175957759,-1.1700514026423,-2.51903800268611,1.1065861356829,0.218344970818498,-0.861233158139757,0.752884021467726,-0.373476367337572,0.185562967644909,0.949194866462831,-1.2068309583799,0.192981857767954,0.155369233280042,-0.201522482325147,0.0407957907164488,-0.754800237196872,113.84,0,0.2846158071374463,1,Anomaly,Reconstruction error exceeded the anomaly threshold.,0.2846158071374463
175208,122241.0,-6.65345104925564,-5.83576539221872,-2.06052855308283,2.82369960801219,3.83814148504739,-1.95118668480517,-0.373102971816248,-0.522986494336563,0.715328027981039,1.4596136796599,1.00255269462433,-0.0044980674112448,0.130124219067832,-1.10576351028848,1.49254689419657,0.312367383072691,0.626075563550147,0.651394927089473,4.19253383733028,-5.17955969010704,-2.10926530727962,0.691711276059069,5.14169999895976,0.246859053186042,-0.226192973831052,0.780907924027202,2.31402750991462,-1.47358024995438,1.79,0,0.28395278400342605,1,Anomaly,Reconstruction error exceeded the anomaly threshold.,0.28395278400342605
117740,74791.0,-2.3210656648679,-0.532086938731008,1.09084237407919,-1.33448709346058,-0.440803445066087,-1.57978292942333,0.153082125511357,-0.189462013103595,-0.909611224420608,0.727590587840262,-0.375041803919054,-0.156158844348263,0.441817232668793,-0.224274793269142,0.408319380809975,-1.00808166850223,-0.264620561226167,0.772363033699852,-1.30141612261018,-1.25080106552077,-0.646907534806885,-0.509097874920807,0.871119608455199,0.736391140829317,-0.26026952506516,0.697406221529049,-0.186403790666205,-0.230989610034473,31.35,0,0.2834660599793434,1,Anomaly,Reconstruction error exceeded the anomaly threshold.,0.2834660599793434
90592,63082.0,-3.18409097088351,-2.45472474198298,-4.27723673087638,1.31155096517163,-19.1032982908269,11.8036836716841,16.9702518614748,-4.55339961918187,-1.80608357502753,-2.31430852398889,1.12537955393497,-0.730711005711508,0.370553482499978,-0.848348717613163,-0.422130333962539,0.0008904704407104,-0.304447943951651,2.00071747695588,0.0019929115683568,-2.78566712232061,0.0118207977737608,-0.652326261708747,1.04290103539537,0.753727741694744,-0.250540702254943,-0.318378987162351,3.0516436491797,-1.26689387065095,4099.3,0,0.2832402023421145,1,Anomaly,Reconstruction error exceeded the anomaly threshold.,0.2832402023421145
232837,147326.0,-3.47040984492647,-0.760675949972999,-1.0782443967086,0.735603529389542,0.0783398263546326,0.342943367373462,3.68617458300861,-1.22100511541333,-0.0969578160250415,-0.0960371303850974,-0.142267992078677,-0.102751672487567,1.55911702528045,-1.92915091684508,0.746079270165873,0.784555128885825,-0.27548219131605,0.408994681805553,-0.532915952463497,-2.03203545079623,-0.800633168845584,0.805049643912894,0.579303153924925,0.620299683811872,1.82360561991435,-0.224740485130328,0.816182026334747,-0.55477960274731,551.53,0,0.281933695039414,1,Anomaly,Reconstruction error exceeded the anomaly threshold.,0.281933695039414
161112,113887.0,-4.88615695179983,0.0312675707034356,-1.88053172165322,0.0334624484998119,1.15616915989267,-1.06130414544622,-0.0911516126762094,-3.78842413797551,1.99901786960895,2.31102168630096,1.52510268176292,0.127769896632367,-1.04475048462394,-1.32231782506561,0.576227491425167,0.373185709680489,0.209853166233191,0.952382327851415,0.241695703304727,-2.63673982883355,2.16695685448762,0.340778235333726,1.85872163240973,-0.0639307993565229,0.506088096000574,0.0349529169875267,1.87792515377526,-0.0006968000887127,36.87,0,0.2813148389756514,1,Anomaly,Reconstruction error exceeded the anomaly threshold.,0.2813148389756514
256309,157633.0,-3.86015418322232,-2.29766871369546,2.38192685978811,5.65238994386134,-0.245768693697121,1.78663722879071,-1.06034633578353,1.00479229228961,-0.0573557192116512,1.06939107487612,-2.2075484546345,-0.464134865099083,-0.101150780832595,-1.05708924449591,-0.715222537610484,-0.0286229810155129,0.748609265022613,0.657757639980344,1.74503393879516,-0.135211316048307,-0.100235611077406,0.746224825881863,1.4224646394072,0.757694563476581,0.656109572267391,0.685497572097062,0.154513403457433,0.443402107053744,224.47,0,0.2808835256025896,1,Anomaly,Reconstruction error exceeded the anomaly threshold.,0.2808835256025896
266772,162480.0,0.226534275722561,1.39120033751183,0.49290527463324,3.78025067717004,2.09087899967441,2.53029463016228,0.658222542945436,0.291419845475977,-2.28873504189112,1.82303572355518,0.430095382344891,-0.342849079388959,0.0192220109236437,0.317677944833079,-0.140480818074542,-0.0578528762912702,-0.269477010068819,0.386184975266075,1.79809120595613,0.370513491753093,-0.184067423399521,-0.511555946707217,0.194283728525145,3.06815006318522,-0.920744697248955,-0.164764369276876,0.031780878875646,0.013105420578462,11.12,0,0.28078533545973416,1,Anomaly,Reconstruction error exceeded the anomaly threshold.,0.28078533545973416
246032,153007.0,-0.825023996044516,1.43276010874793,-0.729564274165925,-0.789853370338942,0.47736567625619,-1.31013134705363,0.480979244485403,-0.619383341636613,0.0101994795573856,-1.42643885156572,-0.905188589844878,-0.585563795210036,-1.091149128032,-0.481146596633625,0.268754980582278,0.597670068468538,0.47325747003963,0.709620722524902,-1.24442256197846,-0.598516679047809,1.05869797744685,0.442933373284545,-0.232406069845922,-0.204476092877705,0.199873444313597,-0.232610764216482,-0.153228620686431,-0.0278987329440892,7.03,0,0.2797550554017449,1,Anomaly,Reconstruction error exceeded the anomaly threshold.,0.2797550554017449
130829,79440.0,-2.08590815645989,-0.0455296616129869,1.52244302375682,-0.213686915448731,0.560657826303629,-1.10856910709272,0.625624556444242,-1.25537212236321,0.165066770819042,-0.0146195657357248,-0.491362803210078,-0.534981516395513,-0.847059730593299,-0.0450201875431263,0.692352975204828,0.474816695607871,-0.705411936378405,-0.356141593168724,-0.451636627629947,-0.896485303035434,0.350214116919365,-0.793377614417121,0.74265826375265,0.328340657770625,-0.0261224630995186,-0.0574888401384149,-0.317969627267528,-0.0172724357707254,19.99,0,0.27944282818962185,1,Anomaly,Reconstruction error exceeded the anomaly threshold.,0.27944282818962185
230568,146385.0,-2.76058045345517,1.03811451092403,-0.20574994912077,-0.326013766094543,5.54013863037535,-3.33573405091925,-9.08343157204276,-9.01189899200742,1.21020880653161,0.584634694313532,-1.1114400873008,1.78889069021833,-0.75288805432074,1.52145223195413,-0.223922504142088,-0.389028947437514,0.611293017894553,-1.08315786477231,-0.562757714592548,-1.29609637406593,4.75749373419804,-3.50522557877965,-9.23588500200865,0.306620953347007,-1.45942244406695,-0.218724208140245,0.819291819770626,0.640903990625134,0.0,0,0.2792508898072528,1,Anomaly,Reconstruction error exceeded the anomaly threshold.,0.2792508898072528
273696,165660.0,-0.331244745674875,-0.674455244938574,1.16840548405044,-2.58557165026119,0.646023825099075,1.07410620397873,-2.51834536349391,-1.20258634644162,-1.8454394789474,0.854888186509429,-0.253676341838397,0.0149303958571077,1.38494670608684,-0.554626239470369,0.589451908182655,-1.35680971983421,1.38093338614169,-1.58723278693768,-1.56942574718619,-0.714602536993287,1.37369751792788,-0.689903089796,-1.93279349808675,-0.253497323639228,0.994193458337192,0.108675856897433,0.265902844228568,0.187626259728174,16.9,0,0.27894720300183257,1,Anomaly,Reconstruction error exceeded the anomaly threshold.,0.27894720300183257
266881,162523.0,-2.2215558718897,1.26198667332351,2.04764240659005,4.65926772746473,-0.535940632950597,4.54204425444085,-3.71552501184643,-5.3117012418626,-0.955321463502413,0.200600589983694,-1.34262164472362,0.87990546890374,0.241170993592462,-0.365539514363356,-1.73540976093725,0.564494737753924,0.380647912050887,1.21669165721868,1.87271117400579,0.895990182967954,-1.82038795266813,0.873722995492041,-2.64859786063225,-0.162179919177691,-0.492111424904969,0.601490258226367,0.627030307924197,0.0882889666577577,379.29,0,0.27888707089538783,1,Anomaly,Reconstruction error exceeded the anomaly threshold.,0.27888707089538783
213774,139388.0,-3.52705321509328,1.25496380415124,-1.4119564471637,0.364120322121892,-0.575760394144904,1.44998740297822,-3.51664484395585,-7.15446821365089,-0.241184800012823,-2.53424489928315,-2.07570572352438,1.77897978737483,0.426061136549666,1.02710196846847,-1.52670162467758,-0.169624939413323,0.730755742825537,0.0874389480675359,0.330662548392295,0.692014935664066,-3.69221507099765,2.5882753864043,0.848036515370401,0.672033994467361,0.433469054243103,0.0864608347160202,-0.0421299284977117,-0.254416964395204,83.16,0,0.2774939331303049,1,Anomaly,Reconstruction error exceeded the anomaly threshold.,0.2774939331303049
47713,43320.0,-3.41736974662154,-0.326770015099514,1.20588571144866,-0.97933219920292,-0.488520521880507,0.354465734592381,-0.228928508978989,0.336367333991304,1.63469710297654,0.444854330494623,0.424845670027711,0.178092941143779,-1.70110204259124,-0.524727013308624,-1.01699551353081,0.228943176215373,-0.203545995840842,-0.346492020668641,-0.0740478317487619,-0.796798513287901,-0.337390734659834,-0.308474089987869,-0.31191721139059,-0.245788377985952,-0.222790716835895,0.723052553027223,-1.01360870258775,0.454083960796298,66.28,0,0.27702170426512013,1,Anomaly,Reconstruction error exceeded the anomaly threshold.,0.27702170426512013
229867,146084.0,-4.97373537152552,-5.00030484892075,-3.23557052906346,-1.22104705235332,4.25402689398703,-2.00959083582128,-0.299042036267326,-0.236938011265439,-0.0568971173195449,2.37018690162521,0.876485993955343,-0.132522720320427,-0.328474711060772,0.198506956388631,-0.871514496608974,0.0301606133954358,0.298330170496571,-2.43296414055804,-0.485533052556427,-1.04485705834586,0.0261033221221747,2.26620725361249,0.248142592941167,-1.45700330193243,-0.638500464260296,0.054552955083189,0.632945782791077,2.85731602319638,192.0,0,0.2762051241428941,1,Anomaly,Reconstruction error exceeded the anomaly threshold.,0.2762051241428941
62487,50289.0,-2.40547555064586,-2.70486069437529,0.829871024638417,-1.0757227154676,0.120829329388809,-1.06743466926511,1.53515381628711,-0.801632709194088,-1.39667274874046,0.631723925809523,1.25165528723193,-0.018717875517361,-0.192721549671491,-0.0211168611890943,-0.317609362474149,-1.01418758427478,-0.685253897858071,0.989727542213557,-0.648007567078974,-0.262918859278307,-0.77828726962144,-1.663363997396,0.472889563184613,0.313342168972191,-0.550030833138578,0.384820049576093,-0.222485678691751,-0.267236182690757,500.95,0,0.27555445975642917,1,Anomaly,Reconstruction error exceeded the anomaly threshold.,0.27555445975642917
187593,127598.0,-9.1103931252759,-15.4471818257809,-6.70841796033837,0.115434767058382,-10.13861667681,6.88800682161978,15.384417303873,-1.16253325957666,0.0197712040863935,-5.61309209456567,0.668531539218034,0.564605587635581,1.00180222989582,0.383306258811513,-0.422669073700965,0.0605905740093993,-0.816459021425289,0.6837464248025,-2.08641928127366,10.5707988158706,2.86081139628666,-0.289826102759798,11.9908648434977,-2.24158319286895,-0.277317249069726,-1.26254290622196,-1.47415008354401,0.499481007401213,4738.79,0,0.275200433547396,1,Anomaly,Reconstruction error exceeded the anomaly threshold.,0.275200433547396
157918,110617.0,-1.10103546371767,-1.67492805871463,-0.573388195590639,5.6175556662941,0.765556412634615,0.440607080848915,1.93474047501363,-1.01978754945585,-0.19324423129657,1.7837390603636,0.606910821999133,-2.85427542751023,2.37947304553589,1.26814661675691,-0.28361908940932,-0.482192055998123,0.8110054093379,-0.357910684579857,0.752760921550722,-0.0383141473363703,-0.412525822025647,-0.208823118913215,0.344832725150856,1.09143473162108,-0.686512742633337,0.0758089204336296,0.0338647378770195,-0.83285502022751,635.1,1,0.2751024165890617,1,Anomaly,Reconstruction error exceeded the anomaly threshold.,0.2751024165890617
81445,58932.0,-13.0443918279219,-12.2569919356448,-1.47894721319066,3.09051688647939,0.0871050007863926,-1.87248462237813,0.767440033676145,-0.150528921095531,1.0851005737645,0.0723322063618833,1.63916103734451,1.17573431048452,1.37936203225544,-0.227567822322207,1.58216813295748,2.54091578278281,-1.28502370958756,0.780284062526245,-0.326409502062955,-3.20007188918009,-1.10454458834651,0.648000725533873,0.681752472904281,0.932324505050058,0.835009507065548,0.512306062712585,0.700655416080744,-0.394214251996123,240.95,0,0.2748068864836384,1,Anomaly,Reconstruction error exceeded the anomaly threshold.,0.2748068864836384
183447,125802.0,0.146644636044034,1.00370022635792,-0.733449153876239,-0.850650685661787,1.71020627742006,0.541956505233081,0.895101317880745,0.0488628477350588,-0.243919992758918,-0.344800361359874,-0.685956829275201,0.38266972014631,1.12404812897655,0.157771611651729,0.524006138028111,-0.419250282235258,-0.582530961212612,0.136859749565089,0.0229302987638161,0.172510423143162,0.365626327471607,1.20604694572183,0.0284042263759232,3.5686827391549,-0.693683242530692,-0.387526412249827,0.496080322122248,0.357312687673393,0.99,0,0.2746333952288747,1,Anomaly,Reconstruction error exceeded the anomaly threshold.,0.2746333952288747
61608,49910.0,-1.88402291061119,-1.2187998945449,-0.0283987988188581,0.52796019054837,-1.63211329236578,2.09457104947309,1.97931899552639,-0.533153636059477,1.21599029939501,0.570270497344829,-1.32689234743511,-0.025410892540461,1.41790056214729,-1.24163860255183,1.41320276072913,-0.260922762356702,-0.12996366944508,-0.186086367119471,2.18548513301098,-0.664450260343417,-0.546609229719324,0.632953156429496,1.08804758428789,-1.16129632698217,-1.1451848162127,1.15540637342399,0.558728391476251,0.269753619708392,500.0,0,0.27437173423013816,1,Anomaly,Reconstruction error exceeded the anomaly threshold.,0.27437173423013816
84442,60306.0,-15.2135208415194,-9.65587124799401,-4.47241299562702,1.56684132468244,-3.56418065446012,0.563740440210502,0.475107701867371,0.832577972194113,1.51539562153919,1.98450270118455,1.27905278485864,1.05261849020882,0.760468138395258,-0.476964420158103,0.0455066906919254,2.42579252452683,0.962370549267202,-2.28372192985285,0.365321309392548,-5.06759185323035,-1.75902709848602,-0.0833992933453985,-2.73937199361191,0.222701252188683,0.439114854316554,-0.505168643266275,-2.57582970204907,3.65330742010845,147.0,0,0.27424735180692916,1,Anomaly,Reconstruction error exceeded the anomaly threshold.,0.27424735180692916
127944,78530.0,-5.16667234591374,-3.68326657954314,-1.36773067607904,3.74473983612813,-0.0804662162128801,1.35318697671905,0.815549488117442,1.00234895533813,-1.57232628500104,0.424375094307482,-0.439554138409928,-0.163749253806869,0.218535727184846,1.25858890512539,1.33970131299116,1.05286107295575,-0.301029188484735,0.976262354838715,1.15342899807233,1.32714552918995,0.214129551404656,-0.679185883166299,-0.479079266527932,-1.64038193069884,-0.130620603882682,0.193568355033346,0.543333519634008,-0.682885314235584,623.1,0,0.27364586169319594,1,Anomaly,Reconstruction error exceeded the anomaly threshold.,0.27364586169319594
171722,120786.0,-5.80587433157973,-1.87992767968,-2.33864913574009,-0.336149238735506,-0.809442777694901,0.576651753747308,-2.47473252343192,2.55725414728713,-0.542335895637493,0.431978846413745,-0.202967600520021,1.21600390727085,0.424013648246527,1.44361601552041,0.671935351483312,-1.31926490114244,0.991596849151988,1.30964433547859,-1.39783177168765,-0.936830432484953,-0.0157294211222146,0.591802383141384,-1.88727933240095,-1.44765964015644,-0.528667619586067,0.0751780263445318,0.950964926150972,-0.719405886331526,96.05,0,0.27360253754813385,1,Anomaly,Reconstruction error exceeded the anomaly threshold.,0.27360253754813385
267030,162582.0,-3.79560521527874,-0.534672499357033,0.812492064460837,3.54509895400033,0.472100916250557,3.53469738969141,1.76979791222091,-1.19047889059538,-0.177992886997392,2.23235543887132,0.0620241333778148,-1.31777513816858,-2.40157739559201,-0.625245001299718,-0.76027779516666,-0.339497711493973,0.101675557543755,-0.746085468682425,-0.341487392588946,-2.36594384401922,0.20669912634469,0.662153901394218,0.502171106679267,-1.61241739523054,0.786785167614398,0.50250444366316,-0.94342992441597,0.162802078375388,303.74,0,0.2728578587766591,1,Anomaly,Reconstruction error exceeded the anomaly threshold.,0.2728578587766591
204269,135198.0,-4.18868767709726,-0.206348774556213,-0.687907889074888,-1.31193678662294,1.01334026045688,2.17171270480289,-1.06723523639892,-9.1280536786128,0.39058197392085,-1.09084606211684,-0.0259747105308032,1.17563527678767,0.205422722544026,-0.0887627363645404,-1.1220230447608,1.25406245570242,-1.84876247620806,0.496184159758721,-0.873216555598372,0.212492935092759,-4.45608017216604,1.67306409388486,0.177184607380461,-0.290636993222829,0.037797391591321,-0.687909028764237,-0.898518626323858,-0.05003125925986,292.32,0,0.2726066117564836,1,Anomaly,Reconstruction error exceeded the anomaly threshold.,0.2726066117564836
239060,149940.0,-9.75614610707584,-2.81115706265154,-5.67241805297597,1.11442791388244,1.61367536296622,-2.40537681483779,1.92552451850566,-0.64498931600146,1.24843718821426,0.786810425597664,-0.201797114197915,-0.136844933354785,0.460103681721709,-2.08813269386837,0.73295764237791,0.572920732545103,1.44719938939566,0.424864987574914,0.585213742670963,-5.64558074855937,-1.41790213977755,1.51830854272427,1.3658766334302,0.706575260842063,1.34829702016893,-0.500087392769268,-4.11290422449414,1.19335637648584,30.0,0,0.2725924719733628,1,Anomaly,Reconstruction error exceeded the anomaly threshold.,0.2725924719733628
51500,44981.0,-3.81605730934597,-2.17220155054093,1.69516045348156,0.997537531970827,2.36004245861041,-0.330722513206704,1.73291748087215,-2.31984039865867,2.47167442103014,3.30065400502022,0.109985980893308,-0.855404509315917,-0.347349727947258,-2.44479322414516,1.15557465624839,-1.34537258793594,-0.54995549226716,-1.19081128250194,1.64459550072018,-2.24459041749797,-1.50342126664888,0.461673665901649,1.2617807595764,-0.153402417438858,-0.0020738978815735,0.262385455070741,-0.971824011209521,-1.86379317269793,11.1,0,0.2724172581315659,1,Anomaly,Reconstruction error exceeded the anomaly threshold.,0.2724172581315659
157629,110167.0,-3.49216826423004,-3.88395114565052,0.132148429912767,0.803609295982845,1.07515044486141,-0.497137952811005,0.746770855078115,-0.173397810503241,1.59212124926266,-0.924482444315559,1.11798429474759,-1.84105965643589,1.54810832505122,1.47646611615168,-1.69286180844238,0.489306380822664,-0.0750973446659953,0.378888405365514,0.294219356975758,0.284366143080048,-0.350805490138119,-1.06891315440922,1.04105694922873,-0.623113049038615,-0.907594393030223,-0.277846304079997,0.0723659284551507,0.624095256509868,635.93,0,0.27238389381267325,1,Anomaly,Reconstruction error exceeded the anomaly threshold.,0.27238389381267325
117153,74557.0,-2.39231489728079,-1.58206219460341,1.32358087179227,0.62952922742729,1.12557767004868,2.85925749530417,-0.333200610581814,0.452989730065384,1.60903392734181,0.0946698263168189,-1.36236077674117,0.459383547342618,0.712245595049708,-1.51418721919027,0.280590846137812,-1.67364415387589,0.998422215576539,-1.68902978280784,0.201871288712665,-0.489316206516217,-0.114982781276371,1.24831798340852,0.529680937390677,-2.22475705659182,-0.271668087528433,0.879711223743199,-0.241621538353835,0.618140374975192,104.9,0,0.2722076472317449,1,Anomaly,Reconstruction error exceeded the anomaly threshold.,0.2722076472317449
120653,75908.0,-2.53484811872918,-0.201075910767617,1.38204398093981,-1.39937285131683,0.729527565034327,-0.0932478798380504,0.636891079122796,-0.172335390795942,0.999195739301635,1.05442416946363,1.84060349692953,0.185778194169501,-0.97733882510781,-0.41849683990966,0.670964754710202,0.135292781175265,-0.632482269780953,-0.803567653646543,-1.01716130661457,-0.4645746227851,-0.472772158910528,0.217419068244054,0.703484084433189,-0.252888407596582,-0.222562228100886,0.765156267508361,0.400284158810653,-0.247576018742272,28.92,0,0.2720161004076698,1,Anomaly,Reconstruction error exceeded the anomaly threshold.,0.2720161004076698
75695,56207.0,-8.07593579778861,-8.02262458053724,1.48355454889025,5.16542461240254,1.21563523694573,-0.088495858259599,-2.0828129142995,0.264297489553022,0.851720908411525,0.439832902862905,0.617168914785421,1.54918298776338,0.515169869839387,-0.918101568194245,-1.32521400395256,0.369438765183716,0.469411755651159,-0.136191274703711,0.381045685125533,-1.98638174103652,-0.503273941590924,0.292224432007496,-4.41413684881201,0.805391259100058,-0.755079319722936,0.336306200309121,2.15450833390411,-3.08016255554411,619.18,0,0.2715301105849821,1,Anomaly,Reconstruction error exceeded the anomaly threshold.,0.2715301105849821
61636,49920.0,-3.83197618977955,-2.67104708464446,0.314722843415493,0.367645742657524,0.736329371732581,5.14819760927409,-0.040743411932008,0.582737198426877,1.11282976250452,2.21363271671866,-1.01652437317379,-0.20670913603314,0.216089284521461,-1.96180683228028,-0.733511677058039,-2.17652962958818,0.132669285660294,1.52797012214531,0.965740843753684,-0.240733206584595,-1.19804730369161,-0.807918512713239,-1.20487360670393,1.1318262387482,0.47658280586835,-0.151871228405764,0.461049807075464,-0.342005795492484,400.0,0,0.2713344641022003,1,Anomaly,Reconstruction error exceeded the anomaly threshold.,0.2713344641022003
48297,43579.0,-1.05984295435222,-1.94636587562219,0.701026012821227,-0.856294924659471,-5.45074176662777,4.86894126749512,4.5134570329116,-0.833246619431662,0.134262007925605,-0.6992779490972,-1.75629090087491,-0.418419987758662,2.2014968194304,-2.598775588856,-1.04160324607202,0.94956346142552,0.0892410547398677,-1.03914437435092,1.01566827123624,0.606165346402448,0.161952508605636,1.46715223949022,0.403213621107145,-1.15695887180729,0.379451238076688,0.0983512311560112,0.182347932888607,-0.724956776788038,1250.0,0,0.27114157574178016,1,Anomaly,Reconstruction error exceeded the anomaly threshold.,0.27114157574178016
180286,124469.0,-5.4721850053816,0.434055745103975,-2.38242130524617,0.0269709350404544,0.722510648254945,-1.08913385058862,-0.390523242341032,-3.3634983893274,2.02001317682106,2.38583933145959,1.40395755137181,0.294314182898683,-0.977376187118797,-1.07909908490706,0.558129927172137,0.485958748658975,0.365951341081623,0.971807235659097,0.206624275018063,-2.6468859007836,2.16709614343029,0.306116186986059,1.899626617378,-0.0654621688362387,0.578864257833912,0.0411955964247868,1.86594410229943,-0.0107720856611603,38.72,0,0.27085059107888815,1,Anomaly,Reconstruction error exceeded the anomaly threshold.,0.27085059107888815
256661,157800.0,-4.71915049006679,1.59252490416968,-2.77258664723401,-0.498435936843101,0.0862327867792849,-1.28217641634285,0.110770674355989,0.621997425154314,1.78121060829476,1.89354129619428,-0.89978516738163,-0.049430419132411,-0.256056578737117,-1.12021664474182,0.136701657768248,0.646386275540903,0.509462863953576,-0.276863394154898,-0.144206613551039,-0.840948552959527,-0.969393619172675,-0.848938034479947,1.01278059333581,0.478191586938237,0.169007371363003,0.0875961383361338,-0.324330891455179,-0.515202678666404,8.96,0,0.27062713308850433,1,Anomaly,Reconstruction error exceeded the anomaly threshold.,0.27062713308850433
220477,142188.0,-1.44426700755055,-2.37715943731253,1.30307728764495,-2.10823602483053,-0.584749536474574,-0.918084518579999,-2.95565948405621,-1.95290198205979,-1.11501641574708,0.922885306755995,-0.864659864875427,-0.236834594811354,0.798110815683694,-0.568594671399861,-0.0141974401232982,0.257965021833749,0.338604438546089,-0.353179640226884,-1.44454058096515,-0.862641266422915,1.20126023276705,-2.0710601464422,-6.81394356594085,0.332421484791558,-0.254051595467769,-0.31823468718836,0.795203752199314,0.187585864971967,780.08,0,0.27012708081123943,1,Anomaly,Reconstruction error exceeded the anomaly threshold.,0.27012708081123943
31850,36541.0,-5.08771720143466,3.09523061511756,0.601791297706449,0.744861042257138,-0.998967751053183,0.786442369768379,0.271718380361132,-0.476356381521795,4.49129050226686,5.45867616523786,-0.759205303888156,-0.0317884959680321,-1.31812923802788,-2.4340547765985,-0.866929102487381,-2.14142889493688,0.751114839855918,-1.3281895646848,1.00192457354172,1.16058246713147,-0.693573783224938,-0.689782435018103,0.0970193782405938,0.0139143462299335,0.0648188750779211,-0.611946258934534,-0.816933419953606,1.07968063454193,23.62,0,0.2697449779657181,1,Anomaly,Reconstruction error exceeded the anomaly threshold.,0.2697449779657181
277356,167606.0,-5.66659469078647,-3.03250048737582,-1.24446493690038,-0.876604040086839,-0.725135975643083,0.271810339348981,0.488272533873909,-2.71342165479966,1.52156924607463,-0.0791650394476571,0.658271565190296,0.151889844804378,-0.945119698629455,-0.0056198487522231,0.379514947202274,1.56528511746183,-1.03055172413086,0.657134605013008,0.444146956643922,-5.24433252233682,1.15598846871812,0.848204402311257,3.06907868372268,0.913352463882418,-0.246222721452541,0.90373492608331,1.62232465342357,-0.864574487516345,379.23,0,0.26961075299920007,1,Anomaly,Reconstruction error exceeded the anomaly threshold.,0.26961075299920007
107746,70594.0,-6.87326586872889,-6.48838326359338,0.565777643482125,5.29388115105632,4.43226711819826,-3.53237566226669,-4.06873304721546,-0.170391532596757,-0.213186752886685,1.18547535474258,-1.16485208335646,-0.0260955069174531,-0.835696390694421,0.845901694700272,0.694238533359089,-0.0452777321240681,0.802265957984351,-0.233465258907226,1.25748761345871,-0.43430388818389,0.464954610398585,-1.38107746029979,-2.70353105649313,0.66051724709852,-0.726914351151491,0.119055823742478,1.72970098493819,-1.99218676919863,0.0,0,0.26932118312144016,1,Anomaly,Reconstruction error exceeded the anomaly threshold.,0.26932118312144016
7578,10464.0,-6.06043901586461,-0.475486642353377,-0.499850394312657,4.43885514398396,-3.1493593924813,3.21564160310279,-3.34832170589616,-10.5831616220034,-0.40602917178765,-2.04857431303111,-0.145266517789513,-1.76941352293316,1.20280359380201,3.01701479114679,0.374205212305204,1.47665489544766,1.39678819940297,0.705274646977701,-0.0132150827998407,0.632802147066216,-5.78962932790406,1.65334117995254,-1.94406587013333,0.621262127408698,-0.556694261578495,0.353791404320524,1.93526131418526,-1.46347090171371,760.66,0,0.26875858653631846,1,Anomaly,Reconstruction error exceeded the anomaly threshold.,0.26875858653631846
137498,82188.0,-1.24401115775557,1.16738418342246,1.10629134680694,0.0840111477229658,-0.197169481834692,1.3369011552211,-0.880093824433304,1.25711227597018,-0.680574166478363,-0.843677537814047,-0.338590856634191,0.739961475384242,1.66791407678788,0.107092785175926,1.62512701787886,0.583402512202365,-0.0714433760350448,0.376367227292314,0.304674037440505,0.0594279594388319,0.21540574643178,0.208449398267731,0.122870224948801,4.02286589044732,0.226951435384216,0.308259151873527,-0.370706549298022,-0.148915192299576,15.05,0,0.2686607703481824,1,Anomaly,Reconstruction error exceeded the anomaly threshold.,0.2686607703481824
150306,93018.0,-0.0884182367794028,1.30889954977559,-0.299750292686033,0.528380501944816,0.112115935500794,-0.986278586975809,-0.0145643226746165,-2.71113501204529,1.87789853338564,-1.35831873196309,0.574471802751506,-2.07876080168072,0.661057105874105,0.477139790737347,-2.46849400907336,0.140362890051626,1.41901746693703,0.0786535425206837,-2.68545088691487,-1.00201042427205,2.30323347651844,-0.27829194100645,0.192917595061118,0.666295808490996,0.252651666764743,-0.829194332349173,0.367869592729744,0.377947190315678,20.97,0,0.267955582916762,1,Anomaly,Reconstruction error exceeded the anomaly threshold.,0.267955582916762
62113,50134.0,-2.60796809834178,2.26707383348303,0.604731769081505,-0.361050972440982,-0.394300354544631,-0.0446829646853543,0.303449408384296,0.174507195611103,1.24599243058423,1.98699685834469,0.640931840654039,0.998611185681855,0.258812660345841,-0.793999481479274,-1.2353380802575,-0.442437210701933,-0.381368310458849,0.0401746265670616,0.646484221437335,0.570303550343026,-0.131812223417387,0.364420707037244,-0.192527451716702,0.0389049019623567,0.0109686628978881,0.178516113817915,-1.24584967463742,-0.884247870777598,2.31,0,0.2667256130000101,1,Anomaly,Reconstruction error exceeded the anomaly threshold.,0.2667256130000101
70378,53843.0,-2.86136794757813,-1.36385153804704,1.98777903078878,1.83674363614023,0.808547025750939,0.107253730777303,-0.141159205001222,-0.651831068651546,0.215126452177349,-0.389247981598321,-0.719303644974982,0.821342543621507,0.781060537576472,-0.709304754564808,-0.407233046082055,-1.11315186512669,0.66887814917688,-0.682942877277389,0.784374299774073,-0.522109250068862,0.565749202241243,0.219988426036846,1.38382703704298,0.101894795798769,0.958718432783849,-0.0630884085906181,0.128030389769874,0.330811607877186,67.63,0,0.2666748995440551,1,Anomaly,Reconstruction error exceeded the anomaly threshold.,0.2666748995440551
102608,68277.0,-2.81947065586433,-2.96402953467856,2.10456583917236,0.975922470715024,-1.17184243320959,-0.0758594510559905,1.52498692509738,-0.579432703191092,0.846369324089359,-0.421703342333958,-0.414618953678113,-0.401309158048039,-0.712452729507565,-0.904999602778552,0.455529964285622,-0.593958754221805,0.403629826910053,-0.2792040671322,1.62154838507406,0.32729821650688,-0.318341479732661,-0.154611155473286,1.44439174129495,0.765542248959198,0.20869657601053,1.0919215845962,-0.173331116518449,-0.380844648143019,543.93,0,0.2665571694496309,1,Anomaly,Reconstruction error exceeded the anomaly threshold.,0.2665571694496309
239635,150197.0,-3.16653426859532,0.848822963797209,-0.413479285190596,1.76432178639661,-1.02892289388849,-0.750365139466353,-1.0843365508888,1.50840960085229,0.190833086082942,-0.466179558354071,-1.44132109103862,1.12461116835461,0.0566952363625803,0.669101650772449,-0.925801286129007,-0.454208368603177,1.04444200070245,-0.77183691904798,1.08551711426578,-1.42937651989764,-0.565470738632759,-0.856729074141688,1.20918119714883,0.344467622708622,-0.221855481683721,-0.949877734388383,-0.317453288206203,-0.374401825483471,19.89,0,0.2660371095383499,1,Anomaly,Reconstruction error exceeded the anomaly threshold.,0.2660371095383499
16415,27784.0,0.288028928428076,0.965681439446855,-1.45949519977085,1.92186300234526,-1.91241402974899,-1.13028190025527,-2.81426265960526,0.648663224885543,-0.695262639845074,-3.46568908576121,2.35161910622909,-3.82670531942496,-0.767569849115369,-4.8528669146236,1.66486300420352,-2.61736133003734,-4.83555830647772,-1.92175160139324,-0.385884175181753,0.330916894188196,0.603127128021142,0.380690182113136,-0.0641251755885565,0.271380100640141,0.33721953478356,0.626155869423677,0.565124825956713,0.305925255390835,23.36,1,0.2659303019519813,1,Anomaly,Reconstruction error exceeded the anomaly threshold.,0.2659303019519813
200223,133345.0,-3.49141274000291,-3.05461813126764,-1.12924545975514,1.97233442583316,-0.823481631000469,0.514398267974682,2.12430262452194,-0.779977733338267,0.343900102870821,0.726685150984556,0.826131182976958,0.455788373254349,0.528406275939005,0.0284673184700821,1.34777759140671,-0.52681302680569,-0.145541370756165,0.798073721062822,3.29377133955301,-1.29367050519437,-0.461665453562723,0.829162878395345,0.524824224517828,-0.255750165683339,-0.880971455759328,-0.100200129412429,-0.198887547036082,0.268035166188602,558.5,0,0.26588319607338906,1,Anomaly,Reconstruction error exceeded the anomaly threshold.,0.26588319607338906
72757,54846.0,-2.98646550822273,-0.0008912294816884,0.605886830263541,0.338337780759695,0.685448451171472,-1.58195443740193,0.504206377175919,-0.233402618007887,0.636767742518801,1.01029102209398,0.0045179679664243,0.0443966388940644,0.420853062352676,-0.931614224984722,1.14797368277192,0.48306309357216,-0.152470829644753,-0.285666258848129,0.0725498490088206,-0.764274258309323,-0.875146363670133,-0.509848660993286,1.31391790371009,0.355064731381086,0.448551563224067,0.193489780350156,1.21458768687535,-0.0139228973515758,1.79,1,0.26585346366079543,1,Anomaly,Reconstruction error exceeded the anomaly threshold.,0.26585346366079543
64580,51212.0,-2.82731725254847,-4.73643905892089,-4.85854311129482,-1.13908665250358,-4.58169630919724,7.01467803546427,5.04841645475507,-2.67065483037357,-0.983873180898574,-0.69102823271,-0.0762669607656843,-0.657042751884851,0.290768393101351,0.153121512503044,-0.106272288871421,2.07575076454543,-0.235602287222343,-1.40798183324365,-0.244149790522116,-0.0707865822805132,1.56577614941331,-1.50104187050359,-7.26404085138307,1.58348882338836,-0.851122083845497,-0.376145589973663,1.82050064537966,-0.15145553041408,2903.86,0,0.2654635907757799,1,Anomaly,Reconstruction error exceeded the anomaly threshold.,0.2654635907757799
2177,1696.0,-2.78807832989786,-0.452300222485975,1.69658461717473,0.904329860186878,0.559125392875278,-0.771318053572206,-0.0230961155415965,-1.43413671656807,1.10726398875481,1.22576871463705,-0.573436525239461,-0.663721548591581,-1.34182127936483,-0.591590857313542,0.716438066317812,-0.701395987764275,0.275171881118818,-0.505417808415415,1.54170344547982,-0.852035300300848,0.0215530435325458,-0.927343141053013,-0.78177541246858,0.479930597198676,0.0561986691523237,0.444137177938623,-0.131170206543849,0.0871769580312261,120.97,0,0.26433280527362585,1,Anomaly,Reconstruction error exceeded the anomaly threshold.,0.26433280527362585
118592,75140.0,-3.5033446304648,-2.6160762703024,0.94238470954123,-0.578293590609632,2.02109908896489,-1.11036313284547,0.0477492746374915,-0.669871345034515,0.8636057901415,0.841774225095806,1.50512186804812,0.634624564166864,0.294676289914515,-0.617807343993275,0.511096760367684,0.543362322791824,-1.12116707661613,-0.378885911853488,-0.162926498746714,-1.51348379128275,-0.488424645984631,0.332412504595655,0.599406883748546,-0.189994021694302,-0.846751718201788,0.59746061829781,-1.06962833938564,0.982006392286725,22.6,0,0.26262530638473025,1,Anomaly,Reconstruction error exceeded the anomaly threshold.,0.26262530638473025
86908,61447.0,-5.9008301278643,-0.481366175714361,-0.648828626282562,-0.440313362281972,-2.06679243167666,-0.559387023744124,-1.49127250939494,2.08901735492944,0.284811312403518,-0.699222456451569,0.0828988725327142,1.36446980863723,0.209338345680253,0.98571786226672,-0.321136814210368,1.61314684034838,-0.0776928031531599,0.535659320177726,-0.0435960648595686,-0.848336554282569,-0.065674010523723,-0.284334900814203,-0.669980335850135,0.14970773050411,0.240447855816535,0.872700096044771,-0.673475975359615,-0.150759024354321,37.15,0,0.26236934262525524,1,Anomaly,Reconstruction error exceeded the anomaly threshold.,0.26236934262525524
60302,49260.0,-5.70296417360532,-2.79212117059217,-1.44972090270898,1.30332080049253,-1.22612580495705,-1.20575737521671,-0.178031941878733,1.2065506861909,-0.137588319481773,-1.44048669016749,-1.3001840598377,1.47959946247038,1.40681876638537,0.613331264692742,-0.88492194612487,0.702819588928303,0.308259555971849,-0.477042325834642,-0.342404556385377,-1.22851802389377,-0.0884821282242165,-0.0002395526744079,0.154662578024308,0.589249971832975,0.282664505369525,0.220390269348966,-0.26465276147909,-1.63231350549485,1.0,0,0.2621674351880212,1,Anomaly,Reconstruction error exceeded the anomaly threshold.,0.2621674351880212
161084,113855.0,-6.29454847329294,4.24289789193998,-5.59533122490135,-1.59807813301619,-6.2760058017625,0.55014522488933,-3.78063038347871,5.29299580392997,-2.22353001852121,-1.55877598802422,-1.50446926544898,2.37524691754215,1.50883979387798,3.23390889495076,-1.95735144603061,2.97240856898038,2.0071688672116,-0.762470774640626,1.08895951552209,-2.11780318903803,0.562007761356559,-0.552282297577568,0.646114966179022,0.352967535328106,-0.536123230096017,-0.832258782792439,-3.46654048624429,-1.07443891912865,305.11,0,0.2615963510975166,1,Anomaly,Reconstruction error exceeded the anomaly threshold.,0.2615963510975166
282056,170629.0,-7.46606351616473,-1.90202348411972,-2.8428509251567,-0.513512943779157,-2.60305953935919,1.47937823800652,3.10795441069307,-0.749866353209154,3.66699367436076,3.49153589571101,0.713946448712731,0.40707430392517,0.26017578150202,-1.58745587062288,0.25932734115874,0.977699443069561,-1.56347951392854,0.518357789515702,0.266965387493544,-2.42138160722566,-1.34164975843161,1.1481116961576,0.40653651576377,0.422334801186094,0.0520590568287004,-0.124529045351822,-1.36748161646057,4.64759591448999,500.0,0,0.26026302659055867,1,Anomaly,Reconstruction error exceeded the anomaly threshold.,0.26026302659055867
245580,152815.0,-3.03640065350285,-2.82717750370314,0.952727643432735,-2.50036486752431,0.476025115124172,-1.86775239531193,-0.436040996199082,-0.245338194411147,-1.91403641391679,0.920481157695059,0.686742500447474,-0.364782023286151,-0.436292076381739,-0.466144189775703,-2.51443120231819,-0.645412190332812,0.335033914405649,0.07801179227313,-0.980230611132523,-0.63328640888967,-0.0467413041300768,0.427930430262639,-1.21528018647068,0.653655408171241,0.87843402499455,-0.0811249427118738,-0.507630481708475,-0.663384295773367,79.91,0,0.2600105207366627,1,Anomaly,Reconstruction error exceeded the anomaly threshold.,0.2600105207366627
34931,37884.0,-2.80000596497875,-0.661829392286573,-0.466494187709242,-1.13438931518419,0.121425627325399,-0.594369617005324,0.126446420204315,1.09580111911745,-0.436284810298194,-0.855312446210972,-0.364431790479279,0.18780970921252,-0.50388449209532,1.07840800334525,-0.214074534077146,1.28523622775465,-0.898129859704484,0.637276266785471,0.0572929090109766,1.15858023688712,0.190515421450335,-0.928148732458784,0.195094903063677,-0.985978928520994,-0.0990584044658773,0.655268644233938,-0.404450062937837,0.241869072999662,29.0,0,0.2599940972064757,1,Anomaly,Reconstruction error exceeded the anomaly threshold.,0.2599940972064757
202903,134544.0,-1.77240004023693,-0.236768234509164,-2.96491167491849,-0.291868223844931,0.0512469442102159,-1.14057988994718,1.64603300475623,-1.89043122224575,-0.509178823656987,-0.0535204743069594,0.384512210865339,0.275346454047325,-1.37535337456761,1.55130306706669,-1.44637938734516,-0.188074498656246,-0.221884258212889,0.0365092074099475,-0.0321992426182164,-1.12218224228206,1.86114774406337,0.995068515154325,-0.484438413579127,0.241804433294611,-1.35467846470716,0.675220035559385,1.04023689170918,-0.299030391621283,362.0,0,0.25997809122213555,1,Anomaly,Reconstruction error exceeded the anomaly threshold.,0.25997809122213555
249056,154223.0,-8.55363420626278,-5.43017902945707,-1.38732989805375,1.14946803954725,-0.180308293679313,0.95829212165176,-0.914911578102713,1.76672726161369,0.198660051144177,-1.29111302147845,0.217108771338549,0.759787892910552,-0.237253164072224,1.06103832719734,1.29703564908674,1.36421970054963,0.183967150364964,-0.277930863690774,-0.41860285110776,-3.27463200179698,-0.67578179499589,0.346291728956265,0.701987113019068,-1.40120772203052,0.449559845895967,0.508575630639374,1.13170680082201,-3.12713387715416,17.55,0,0.25974821935891895,1,Anomaly,Reconstruction error exceeded the anomaly threshold.,0.25974821935891895
213558,139304.0,-2.12677460126547,0.242733472202283,0.58196461565642,2.9856074057269,2.2021192531552,1.49973079397282,0.406482902458474,-1.76360084687762,-0.427914201490204,1.79090988246302,-0.759139262024707,-0.200452389512847,-0.180557030836032,-0.67751214087687,-0.954462226098527,-0.510455341136738,0.0665453871177309,-1.93846372307086,-2.507351755515,-1.53580634872833,1.27088027444592,0.626040075827061,1.07260372119383,-1.04929008447801,-0.0155406112679244,0.146370176174474,0.226270729548666,-0.659399837469312,0.0,0,0.25954993730971676,1,Anomaly,Reconstruction error exceeded the anomaly threshold.,0.25954993730971676
30718,36051.0,-6.44314954885577,-6.11288284855685,0.90858327311692,1.93309904838177,2.73413671586017,-0.858918133455267,0.350773581211249,-1.27775809451299,1.34541848699759,1.65401488453867,1.68126289189833,0.575395476359432,0.628441569028483,-1.47873004661811,0.942863921433615,-0.645323860325458,-0.012686611369772,-0.596561601975078,3.29221351074232,-4.60802705922321,-1.89439231554202,1.11324486483504,3.34081071872321,-0.0270712760696245,1.29872066344074,1.64382234396225,0.764895334239532,-1.2293589855439,100.0,0,0.25944974043995545,1,Anomaly,Reconstruction error exceeded the anomaly threshold.,0.25944974043995545
64681,51258.0,-1.62985083393969,1.33421010518848,-0.0994798610904964,1.23250399533971,-1.20205043044443,2.08641209487144,0.99700164313901,-3.05632889190339,-0.412819470831723,-0.377855721140688,-1.0779212637184,0.775343605666191,1.20225271922874,-0.0848533000764286,0.230845912565133,-0.697456177968372,0.284244869831875,-0.667592113918863,0.807514508130189,0.312616431348478,-1.57089407903683,0.439744242344717,-1.99280596898672,-0.57301845166322,-0.490520502590805,-0.29232891250495,0.222654890808751,-0.446954043228389,593.23,0,0.2588418794872093,1,Anomaly,Reconstruction error exceeded the anomaly threshold.,0.2588418794872093
223239,143301.0,-4.34505549770878,1.88999136691309,-0.151479929464725,-0.646110645569323,-1.76058407213239,1.59966565225043,-1.20361537477343,-7.19847371746226,1.39007815015835,0.387938328203618,-1.17933662672585,0.308721514248174,-0.374550245126625,-0.227357448382602,0.0617208297695534,0.454818081078913,0.0490604916226028,0.151708454233216,-0.412337425674307,-2.65318831931925,6.72016510114748,-1.33582723440854,1.09884411691246,-0.0389850910626517,0.200987317502918,0.672032434551961,0.141747213701206,0.219746371667101,225.02,0,0.25844629819714465,1,Anomaly,Reconstruction error exceeded the anomaly threshold.,0.25844629819714465
45955,42579.0,-3.52923669739681,-1.0850307220966,0.599323447938891,-1.531427153986,-1.08495231967617,-0.0200621872026119,1.59244119126322,-0.500453915472527,-0.928957053301077,1.23086942402996,1.99821213774106,0.0299784107224677,0.397262711626998,-0.567303474330933,-0.0328673751689985,1.32299660038118,-0.0709838918538656,-1.69306476604548,0.129030268834335,-1.35333438288949,-0.538717366869924,0.445492742819066,0.360509754849324,0.307601870812417,0.745299724860045,-0.319171070310829,0.674854651887755,0.267995136044096,372.62,0,0.2584407044835415,1,Anomaly,Reconstruction error exceeded the anomaly threshold.,0.2584407044835415
25614,33687.0,-2.55157079864701,0.0788026869722642,-4.89530844082077,3.09978618476689,-18.6543018831202,13.3737975900848,18.9482358483427,-4.38309034732748,-2.16034007233861,-1.39766535753877,2.25528179804925,-1.74262919146523,-0.484034658546542,-0.243787648315431,2.05771494502846,1.5889406156662,-0.508926872583736,-0.223605954071781,0.244680853287914,-4.42682512125873,-0.897181837246911,0.751404074459253,-1.14205726315811,0.160335243892029,-0.271566812649364,0.482616111341668,3.18061292350486,-1.86371384900528,4103.75,0,0.2583162619108446,1,Anomaly,Reconstruction error exceeded the anomaly threshold.,0.2583162619108446
67533,52583.0,-3.88330218963577,-2.76918540744643,2.32454195558891,2.48459627253384,3.90981840608753,-2.27504835003572,-1.79356587796674,0.320638323153525,-0.809213025330725,0.512767807550189,0.652526866170107,0.91667525975558,0.0046568124086583,-0.0086170884954744,-1.76642398902308,0.519536353563581,-0.660911178684822,-0.118726425005962,-0.652535942223727,-0.14029398467066,-0.122246198889033,-0.555529839418514,-0.253425836924047,0.365236950574502,0.522660519027667,-0.185664799555824,-0.0333934597900175,0.3559223028606,6.03,0,0.25809656003418474,1,Anomaly,Reconstruction error exceeded the anomaly threshold.,0.25809656003418474
2963,2507.0,-6.20011365114338,5.02540613543806,-2.74249204006732,-0.940902709363354,-6.65625868406201,5.4322940027945,-9.19817494731319,-22.5885467650709,-3.24429523067372,-5.45333914107993,-1.58229246024541,2.77141495358424,-0.79430335889842,3.18965086450565,-2.35985894746037,2.8257930150028,2.12612840534929,-1.30354211425936,-1.42957061269798,4.5929085315916,-11.2352664915478,4.3938456580686,1.94300233426459,0.846005260558057,-1.3433793456588,-0.707633951620868,-0.210218592136509,0.0665291491040104,544.62,0,0.25804765985161876,1,Anomaly,Reconstruction error exceeded the anomaly threshold.,0.25804765985161876
70027,53679.0,-18.3688051735709,-15.2891655075712,-5.54090359438998,4.95635483833619,1.90567557729287,-2.60751656330155,-0.389733900841509,-1.43235495308833,2.43411726911104,2.17695179761056,1.41073014985741,1.37660312964104,0.326668916455488,0.325205257863092,1.32331485345232,1.86297080599521,-0.550373913557463,-1.1791502511749,-0.0594880883882959,-7.3108786451759,-2.37475704940576,-1.65055105733232,-12.4760931154864,0.927273293807999,-1.62013985021054,-0.814196887250485,-0.305055567664301,-2.1233507289602,201.1,0,0.25729875636125993,1,Anomaly,Reconstruction error exceeded the anomaly threshold.,0.25729875636125993
254122,156590.0,-7.67097174848203,-4.51814940968622,-0.594732093907024,5.96376921613305,-2.25658433838645,5.0623047822237,1.9147522791014,-1.57011926387038,-0.137316402793616,1.81557853257878,0.47963766201658,0.121220925631657,0.357710659795798,-0.82912868907669,0.79751053747895,0.425332213555732,0.608612412603378,-0.544070286218996,1.36783008420297,-4.19616267754668,0.103463009503767,0.147795873117978,0.190462137880805,-1.39669952245669,0.257502935920867,0.583109608722314,-0.353458217686943,1.23927355098475,828.36,0,0.2571438082043145,1,Anomaly,Reconstruction error exceeded the anomaly threshold.,0.2571438082043145
236579,148869.0,-4.74182196211952,-2.36748765576737,-1.39311383776694,1.03360640472389,4.47073759837529,-2.06439021378803,-0.174544165994846,-2.31808224767276,0.369172931946873,0.427723309694375,1.20985896074209,0.683462850598772,-0.0856349662259107,-1.5175205928504,-1.396753363633,0.434405464093453,0.229295509835473,0.334161783571762,-0.339699598548967,-3.58241011104048,0.498419899574536,0.348211132191482,1.04697421151322,0.714819085673115,0.337077503992469,-0.592086508675743,1.61392891813317,-0.758329535354452,22.44,0,0.25712072880681314,1,Anomaly,Reconstruction error exceeded the anomaly threshold.,0.25712072880681314
32835,36984.0,-8.77397617322625,-10.5607588449146,1.79428270814031,1.07964434005463,5.95235112799489,-3.49762794816629,-4.62090538806687,-0.0453722081208758,0.771137209473416,1.26783784008811,1.45622585379457,0.583050208550416,-0.127458163853412,-1.05792077179949,-0.496721929612023,0.919868117717006,0.584743652208669,-2.12914710136119,0.51973819817858,-2.45012993219079,-0.802882705225223,0.117617730001266,-1.78770812397858,0.0987054140553553,0.0336933666272001,-0.211595467761608,1.07943325567103,0.247857553744466,552.1,0,0.2565114072863922,1,Anomaly,Reconstruction error exceeded the anomaly threshold.,0.2565114072863922
30440,35925.0,-4.22326626124361,2.38459174910844,1.9981174669378,-0.25648324102411,-1.45148952255151,0.474655772515717,-0.0952222137197758,-0.245806109604341,4.20946965589989,3.79274482222342,-1.17294521879153,-0.186306571410941,-1.20736152762909,-2.59033607080823,-1.26716812715524,-1.05413589860688,0.137777751471253,-0.406730783404969,0.388203977555933,1.14819443003187,-0.396217252481728,0.0713560258737984,-0.168717308520715,0.394370775829379,0.733058590249943,0.404164185420309,-0.352843539265254,0.494221041235734,13.09,0,0.2560034526644936,1,Anomaly,Reconstruction error exceeded the anomaly threshold.,0.2560034526644936
45373,42309.0,-3.8343329506383,-1.32482130560984,1.85347451180708,-0.742347614368153,0.0892967886491177,0.132318079534236,-0.912076179964498,0.673124034205697,0.604040681583611,-0.240427594802091,1.34665805312141,0.146165132898674,-1.08100455812131,0.045595521164959,1.19207412716728,1.0239956547714,-0.478383839105151,0.0292646169769571,-1.1674325022914,-1.78816245019111,-0.0416015265148733,1.08246791224856,0.909371002593979,-0.200921730835932,0.208977889933537,1.08122589853733,-0.434273993892014,-0.0031025604025415,6.75,0,0.2558316365301631,1,Anomaly,Reconstruction error exceeded the anomaly threshold.,0.2558316365301631
48955,43851.0,-12.6650624613921,-8.63280366407689,-8.31879095008872,1.87569387656209,-22.0645192981944,14.6723604871001,23.8630518493941,-6.15682638256866,2.52055622499507,-0.287791832949972,3.14287471473687,-1.05883992023052,0.940757199938415,-3.46500298791765,1.54875054167135,3.16348804023098,-1.81217371385522,-1.98924652833926,0.627383419730439,-13.6842103283439,-5.7337662148509,1.05182006381687,-1.29217015071831,0.751013427433439,0.759148151433891,1.0708893315881,2.41280159256332,-0.853620755397256,4627.1,0,0.2554587398659713,1,Anomaly,Reconstruction error exceeded the anomaly threshold.,0.2554587398659713
104126,68918.0,-20.0066244654707,-29.1254064153224,-5.20636234507516,5.93693413933398,3.66447986254821,-5.81135542247013,1.28844722571884,0.581077552874329,-1.58350758536202,-1.8883736448266,0.408021710420411,0.935125047899968,0.746575083535191,2.03591001028843,-0.351823888191586,-0.657982511444448,0.201382138967247,3.07941469039921,-1.9050738113368,12.2152051153619,3.41243651689404,-2.30565299293903,7.43783170710489,0.342376116956144,0.422815965514259,0.503608832407006,-0.553174676228645,-2.69148344833644,3209.39,0,0.25520403042399287,1,Anomaly,Reconstruction error exceeded the anomaly threshold.,0.25520403042399287
44600,42014.0,-5.20765330952515,3.86547188599785,-0.398678654769805,-1.80592403344442,-2.73796501493123,3.80623534579733,-7.49787705178334,-19.0869765896813,-0.754344691756337,-4.82903794985643,0.673286995002864,3.45790006431779,-0.644244238398445,2.38685575249268,-0.627221369128157,1.12902320319648,0.284303680964434,0.8895072962817,-0.856603189002941,3.71752132852034,-8.00989957821897,2.97875284652019,0.428926220580176,0.29364209302436,-0.164804691075005,-0.930976064191781,-0.192808137208264,0.226669006875458,257.3,0,0.2550674900878794,1,Anomaly,Reconstruction error exceeded the anomaly threshold.,0.2550674900878794
101776,67943.0,-6.80734450417467,-1.86441830826927,-1.16395328873162,-0.514487381260124,-3.37457680521794,1.115267772796,2.72132509261807,-0.266083301412387,2.44242031643084,1.88719060123682,0.945508498493797,0.8213928126157,0.448647387435898,-1.28951707726932,-0.42911815802897,1.24628372848029,-1.05305315445453,-0.004106747662109,-0.0032218579044309,-1.61425812228169,-1.21614864321204,0.0636319945301612,0.199938689206005,0.187633227112097,0.359238500605426,0.768724225138305,-0.598029026993013,2.66015216952132,500.0,0,0.2549236115485673,1,Anomaly,Reconstruction error exceeded the anomaly threshold.,0.2549236115485673
165107,117204.0,-4.31450200257353,-3.29746137060435,-2.69254812287066,-0.179487993025936,-8.85309094530738,7.44913621295914,10.9693948590092,-1.61616187890741,0.0841633389805507,-3.04462548411419,-0.0822262355810849,-0.448320510391134,-0.0809286744998841,-0.437542377148761,0.984220082354227,0.23813914638188,-0.102440903764427,-1.71977609872583,-1.42930365766147,-1.86919373348408,-1.12730488454902,-0.730707691765401,0.282385464391629,-0.120390786743001,0.492192069500472,-0.884627830633001,1.65740225784739,-0.54726708057082,2669.14,0,0.2540732451893346,1,Anomaly,Reconstruction error exceeded the anomaly threshold.,0.2540732451893346
207490,136699.0,-3.79897169393952,-1.92573158546908,-2.39495629501235,-0.22448380614945,0.982892283950392,0.843523210015431,2.92990257880167,-0.385655388080299,-0.597742882384535,-0.163615158856814,1.27378800838688,0.69152200229902,0.0356462158841154,0.89191796054865,0.345319674263661,-1.46651909090319,0.439892398618944,-1.26403315158863,0.0061725682373948,-0.919534944093539,0.0679895832435822,1.41149647836824,-0.816847365964474,-1.28401977791145,0.750874911549511,0.609989814994553,-0.39832172247256,0.601059314162341,498.0,0,0.2537942257237301,1,Anomaly,Reconstruction error exceeded the anomaly threshold.,0.2537942257237301
118361,75050.0,-3.25714442896016,-3.7503061336854,-3.83374383572545,0.414877982230637,-10.7008080223627,6.33945539068651,7.64440415819987,-5.06418212108982,-0.518560514990715,-0.899352657455505,-0.40634932814656,0.0200256552024224,0.96798198275651,-0.224651090884735,0.818148736663995,0.128383518730343,-0.194520512643007,0.132762944786858,-2.399497220855,-3.300707811589,0.958233225180738,-2.84293136461882,-11.1297709129171,0.592193887429161,-1.973303672051,0.298036546963099,3.23911375179966,-0.678891734176286,3763.67,0,0.2536111593401562,1,Anomaly,Reconstruction error exceeded the anomaly threshold.,0.2536111593401562
171371,120610.0,-6.7344258086891,-9.39026208094345,1.02319156303177,1.25460325077471,7.97886292676912,-3.42686643466141,-6.16533089284793,1.03604796485928,0.712997329500598,1.10824070553441,0.0602584160043816,1.27639046239731,-0.0493087327858462,-0.137012451017876,-0.534022714441444,-2.64099662085257,0.736825583197358,0.335789793368102,-0.224078045396018,-0.451000733661593,-0.493274244677769,-1.10285810624468,0.538727354452939,-1.60251727821702,-1.17301785452217,-0.563541433730254,0.278473378794273,1.03041897909959,26.95,0,0.25360859668887886,1,Anomaly,Reconstruction error exceeded the anomaly threshold.,0.25360859668887886
251898,155551.0,-3.48488969665213,-0.756706799420333,-0.692592600262865,6.87818521943329e-05,-0.478910612952675,0.539126841112037,1.55072464862877,-1.65046212970659,-0.670511346079254,-0.853196509963258,0.26501807149214,1.34693415718519,1.06160650489794,0.355397471449627,-1.40649395927531,0.212067374473894,-0.331357728341281,-0.0323412129822957,0.626372509937386,-0.956921755995755,1.21982957211245,-0.615761873950017,-1.33949546615645,-0.280554902519051,0.926804280462302,0.549238029858967,1.0495355034782,-0.84098902857698,514.13,0,0.25322942481868416,1,Anomaly,Reconstruction error exceeded the anomaly threshold.,0.25322942481868416
40318,40190.0,-10.7171523723979,-9.7652054255777,-0.149088696339362,0.869824891672261,2.14775866397895,-2.41427353858887,-0.474342731482028,-0.331346458000004,0.183202873156873,1.49197437193796,1.89862575889746,-0.356888408462263,0.0943612321672056,-0.791942928016595,1.16391722512426,2.55963110125748,-0.403141673018597,-1.12684063092713,0.913937090334435,-6.2760425789081,-1.97671572658465,2.05676567303947,5.52876368386383,0.393535855882877,2.33808908964473,0.286454842871039,2.25063088198941,-0.0571149939944215,240.0,0,0.25273080420741056,1,Anomaly,Reconstruction error exceeded the anomaly threshold.,0.25273080420741056
1461,1135.0,-3.30459480034315,-1.48890539271314,3.09657825901686,1.40727144075673,-0.36403159457797,0.453166460428499,-0.141234699435647,0.0610799959282722,1.48027703678536,0.410339401556066,-1.52692441907204,0.207921527774851,0.112078460297775,-2.07579305103727,-2.30972283387591,0.443251412470027,-0.355128607418284,-0.359380597642353,-0.927080994906612,-0.456836146316429,-0.277457276415694,0.61228380110496,0.20927129928623,0.509635114480311,0.615906530273429,1.04446143124704,-0.295658047996509,0.82380688581314,144.14,0,0.25253550063014896,1,Anomaly,Reconstruction error exceeded the anomaly threshold.,0.25253550063014896
154429,101506.0,-3.73251395246379,-0.1060011146979,-2.83666262005188,5.1309727462709,-13.5902241049126,9.91116576052911,12.7979361230471,-1.85741620491219,-0.682001263890164,-0.421483665964951,0.535228142089673,-3.23669102313536,4.26285092581374,0.455257518731708,1.08400248181161,1.90210099243816,0.169779939230833,0.613335124728266,0.537882571333856,-1.76951925394463,-1.37064934104995,0.171399699632506,-0.655946630871706,0.952234288978563,0.223985568147215,0.478457343159367,2.97702781491512,-0.906007974010546,3026.52,0,0.2522206864264871,1,Anomaly,Reconstruction error exceeded the anomaly threshold.,0.2522206864264871
187051,127364.0,-4.49999154430617,3.64526615370908,-2.14036434919142,-2.79561041255996,0.0208452080808403,1.73510460158151,-2.00849349426824,-8.25932143160749,0.809451280873702,4.08017760406547,0.394812581506972,0.272098435405222,0.848996654298828,-0.868143181894637,-0.567399725367474,0.673274357248209,-0.0958958905713944,-0.521210080962909,1.19548481579804,-1.46171385412619,7.93091892299318,-0.602261953194246,0.92819990938963,-0.278534525044941,-0.954280299948129,-0.360232745309077,-3.08213736119297,0.0584465723200491,15.0,0,0.2517889831677034,1,Anomaly,Reconstruction error exceeded the anomaly threshold.,0.2517889831677034
240254,150512.0,-0.273294093780496,1.19454950740881,-1.22457192268885,-0.813129176756169,1.532245447587,0.487893999903937,0.472293718238816,0.600218480431175,-0.434263943500899,-1.12963614609148,-0.449491517721596,0.558239491020784,1.13896186817243,-0.931403487849038,-0.205716054641209,0.371056502619161,0.539572310966446,-0.343375425326644,-0.369670502494575,0.122910767510444,-0.269028326320501,-0.897072464766999,0.327277195374486,3.36457778716815,-0.341324246071949,-0.0180851647169514,0.0877126547960424,0.0354548885882773,15.99,0,0.2514779155811719,1,Anomaly,Reconstruction error exceeded the anomaly threshold.,0.2514779155811719
26826,34268.0,-3.11411140824644,-2.40994261215973,1.81136624967014,-2.34268541750956,-0.17923587343477,0.216974449716538,0.0950297225666836,-0.437208602070168,-1.03394695309978,2.72820176521752,1.80824525080401,-0.877057825697402,-0.0958263920102777,-1.32590897701833,0.508211683053453,-0.472273499496254,0.0417652938219238,-0.132744664794912,-1.29119345658734,-0.619266773379274,-0.577904409614838,0.669486572001364,0.402220394675986,-0.279750401843861,0.581493658741283,-0.14749767142181,0.203474833993477,0.166155843681899,180.0,0,0.25106673924138395,1,Anomaly,Reconstruction error exceeded the anomaly threshold.,0.25106673924138395
216873,140672.0,-1.86723057489064,-1.01057484977217,-0.0962094212892211,0.859476772027458,3.23792422099267,-1.43560090312621,-0.380493183058214,-0.156155500882359,-1.00891046660001,0.450739096663953,0.612914495364183,-0.159634544901171,-0.723614046525715,1.21126395956645,1.39918063716084,-1.33661416584245,0.396557238557813,0.703688568338817,3.57748783695249,-0.0840541770142164,0.0667297782411309,0.416219286695009,-0.976054826947018,0.33804374019335,0.820884387444639,0.806115360110045,0.206368200785444,-0.089662634652945,20.0,0,0.2510285072261265,1,Anomaly,Reconstruction error exceeded the anomaly threshold.,0.2510285072261265
196639,131618.0,-1.54781421810899,-2.4378065138931,0.174939602025388,-0.198223089752323,1.75216224116996,-0.644022710011902,-1.39430748634262,0.374337212788995,1.78311113725718,-0.239125183279366,-0.652686091677299,0.0547617292855162,-1.9887707881431,-0.0111595924321856,-1.42548553816951,0.255547330169279,-0.672027172153017,0.64127267074549,0.744602166649202,-0.698140016811961,-0.115408847247481,0.070210699680731,0.164152979091789,0.20975542646366,-2.38450669565218,-0.558808044237607,0.650353933008478,0.201564682219123,129.0,0,0.250925242353378,1,Anomaly,Reconstruction error exceeded the anomaly threshold.,0.250925242353378
193988,130390.0,-8.29869880317337,-3.52522660960592,-0.647372400516657,0.203027734008982,0.246490842831737,3.16316992427133,3.10682592478268,-5.72118943656032,4.08211343593137,5.23488232366565,2.33740480240486,-0.59869265133105,-0.1301162408675,-3.21428319946696,2.60076580859026,-0.600031177930946,-1.31987820122031,-1.02159872674503,0.785557985801961,-4.68274038284417,0.706256026071658,0.840701502030247,-0.251453093244248,-1.39072849804427,-0.520226116380657,0.404250022347128,-5.70542826834188,0.604695276737977,294.0,0,0.25092363845404175,1,Anomaly,Reconstruction error exceeded the anomaly threshold.,0.25092363845404175
85,55.0,-4.57509260816239,-4.42918377474876,3.40258500379828,0.903914679904333,3.00222377368078,-0.491077708080676,-2.70539316304114,0.666451302156469,1.92221617202329,-0.614312027380396,0.384926576987595,1.1944034523469,-1.02071845428099,-1.24682940571382,-2.34867343715332,-0.213437533486602,-0.100221744823898,-0.406073073481075,-1.63757251876291,-0.960962933953718,-0.0473650289231517,0.853359934678944,-0.971600429208365,-0.114861639404699,0.408300391838859,-0.304576465887789,0.547784788743973,-0.456296829036198,200.01,0,0.2508389194540062,1,Anomaly,Reconstruction error exceeded the anomaly threshold.,0.2508389194540062
190637,128917.0,-5.12669697263806,-3.23189293043341,0.327418427721853,-0.601067299627864,3.86890423872358,0.304356818871201,2.02882229355466,-1.68042999731089,1.89076550599362,0.709367896478059,1.85943716280671,-0.432198733852636,-0.914590614522066,-3.33974141333428,0.258031517272158,-0.311570747946251,0.393363350006691,-0.820065904552868,-0.225909740759577,-3.76109580880554,-1.72959612014964,0.404250377643631,1.8840276873801,-1.66772148098227,1.2613063520579,0.0595699073226956,-0.486384770159543,-1.9069539933918,50.0,0,0.25058201850686557,1,Anomaly,Reconstruction error exceeded the anomaly threshold.,0.25058201850686557
227970,145304.0,-5.196641812248,-5.48580433800026,1.08887048721598,-0.695963217562843,0.424629050146715,-0.792321268424033,-1.71536121244346,0.634760872893192,0.492126913586024,-0.542963303032957,-2.21842486430019,-0.306417364830127,-0.433148361463975,-0.734427664557583,-1.1452862625466,-0.828782794755309,0.161903975744269,1.21790738995554,-0.766605180094582,-0.514516320735677,-0.488705792441395,-1.22341770866214,-0.665853892977387,0.71012289013387,0.130139979381553,1.12444289858408,-0.374032498384504,0.304223054883827,264.9,0,0.2503682962811139,1,Anomaly,Reconstruction error exceeded the anomaly threshold.,0.2503682962811139
65870,51781.0,-6.23625930916976,-5.6728721870548,-1.06300371516478,-1.94199134823946,2.89481857098423,2.53627933898645,-2.07856711343682,-1.16661351898231,1.07694624567276,-2.87680874658002,-0.683454482913941,0.925633816990874,0.0451481320766274,0.447537095454776,0.607614012750569,0.702354375067184,-0.541142596695487,0.654355477609825,0.46621331234278,0.470218992144515,-1.45232957405722,0.162932005268391,2.19946511545011,1.06102856049455,1.21984718892891,-0.0824168590852546,0.89961555141201,-1.94616829145457,0.11,0,0.2500381716661539,1,Anomaly,Reconstruction error exceeded the anomaly threshold.,0.2500381716661539
82035,59210.0,-6.63420854481383,-5.28188775050438,0.315506627311302,3.22098181545607,2.97870303688766,-2.61256383289053,-1.79342412147397,-0.700288230655981,0.768113879176143,0.920236288126009,-0.119483714205363,0.406244918408345,-0.53567205047759,0.169389881936144,0.840465999541665,-0.880953524519933,0.863936051560017,-0.893933486726151,0.864975025150965,-1.80300899324201,0.0275778275678059,-0.0931733817282148,0.102882861814874,0.795025880711986,0.0427409532920998,-0.188580462044595,1.19822620478146,-0.527575303605554,26.85,0,0.24978426668800127,1,Anomaly,Reconstruction error exceeded the anomaly threshold.,0.24978426668800127
189085,128255.0,-0.995315425830249,-1.95314028596804,0.526630321712707,-2.19982033787124,0.38906222610494,-0.12801367453903,-0.872349781217336,-0.237225896144885,-1.59768666790299,1.72829669515735,0.178722337467564,-0.854318339433901,0.080428603602705,-0.649234204387567,-0.642581693628993,-0.35164644670813,0.0059927684956521,0.76595460370284,0.636829221919666,-0.846485458241087,-0.218241281093387,0.409723566442252,-0.446860619448695,0.270959594238615,-1.06850884470046,-0.2731133803715,0.222277886771403,-0.175656380981522,138.0,0,0.24976660606648307,1,Anomaly,Reconstruction error exceeded the anomaly threshold.,0.24976660606648307
93163,64275.0,-3.05938926113578,-0.214548555826073,0.494682640612364,0.969083919988339,-1.57954281127848,-0.51057606078313,-0.149516380240126,0.65346107965314,-0.0859413862183749,0.139582071684012,0.182749710361473,0.0649044857939949,-0.225570438463157,0.614556260079121,2.40836723513355,-0.25761634282642,0.909310346177686,-0.583478598185049,1.26272169571474,-0.584064534128626,-0.227424231924546,-0.0098963026727764,0.569289175406582,0.701986642000239,-0.892096068059882,0.918071845204406,-0.348341786568055,-1.11950125714897,72.28,0,0.24954766007013404,1,Anomaly,Reconstruction error exceeded the anomaly threshold.,0.24954766007013404
7523,10285.0,-6.69787353112253,-7.76899518502716,2.76538759541802,0.462775699024936,7.150194267984,-3.28120336705817,-6.32289141346775,0.779180165064443,1.52732006667487,0.421212134416901,1.24891223163004,-2.25433588440141,2.05428217128106,0.751136766711683,0.697464310188335,0.113401979620792,2.09047118914825,-2.78194315708482,-1.3281502323689,-1.257271187263,-0.0527305437739536,0.926776157558356,-1.35124618790126,-0.735566818352355,-0.0781828790764931,0.0396232555091968,1.08697100553624,-0.348073687542048,29.0,0,0.24900404091291564,1,Anomaly,Reconstruction error exceeded the anomaly threshold.,0.24900404091291564
1805,1403.0,-4.16987854278261,-3.10328482708667,1.89554640714204,0.46040690830408,4.75420358584854,-3.4350227111418,-1.01955788920582,-1.72509829303518,1.32134109896008,1.6053932754038,0.496525931694453,0.329306384415098,1.06273793125155,-1.97821839360627,0.908051433793871,0.432836124362731,-0.988789429170653,-0.857102594733784,-0.453676090450624,-2.4473065438515,-1.22298067795542,-0.599160357339746,-2.27253595827559,0.628432362760978,-0.805342767723143,-0.24501489546344,-0.441132622054128,-0.88769292462869,16.0,0,0.24858410923678015,1,Anomaly,Reconstruction error exceeded the anomaly threshold.,0.24858410923678015
29789,35630.0,-4.43253596765851,-3.13774216139855,0.635697663618774,-0.32904179519868,-2.90424109886244,0.132610656656943,1.02693724785117,-0.406412645478912,-0.212024839943701,-0.328257746655497,-0.612883812301893,-0.254794329320852,0.269277997456103,-0.918539753334688,-0.809672874834695,1.50325131582454,0.596575160558376,-1.76576315008223,0.415517829658865,-2.05815140118877,-0.549206554196968,-0.0342957405535962,-2.69614673757474,1.05717174476942,-0.169168209475341,-0.361062703260029,1.17626985054151,-1.62362005351125,706.58,0,0.2483302705752161,1,Anomaly,Reconstruction error exceeded the anomaly threshold.,0.2483302705752161
169618,119778.0,-3.80380446979401,-1.39618956925358,1.11383548638275,1.90431093042617,-1.31490687957409,0.686899546705176,-3.30109626352873,-4.69037309398368,0.948320996675389,-2.07597532651715,-1.36901342953058,2.25878172186969,0.784627651952573,-0.361448585631647,-2.29109648841759,0.1590432716311,0.482073570071122,-0.0805725071384813,-0.976944984121785,0.321405759660246,-2.39362754330841,2.07570379813451,-0.818972891917889,1.1200792785317,-1.25855780814105,-0.708981552130103,1.01063192761273,-0.655848323674147,239.0,0,0.24832087608867667,1,Anomaly,Reconstruction error exceeded the anomaly threshold.,0.24832087608867667
46546,42827.0,-2.10410007045736,-0.0140850483830761,1.56558935123961,-0.845840121888151,0.123304800326515,0.486350277424658,0.502389851427805,-3.41262098513078,1.07484730487436,4.20596847298537,1.33768150937309,0.129380214952793,0.635469156056123,-2.28791466693665,-0.153211264525284,-2.90902259381442,-0.0627493066627298,1.14472942799373,1.96719065004333,-0.420151745364295,0.640426292333885,-0.490634737838687,0.262243777562683,0.0808862571620975,-0.762908985915583,1.36264555074494,-1.65264183259615,-0.88623202287557,13.74,0,0.247851683189496,1,Anomaly,Reconstruction error exceeded the anomaly threshold.,0.247851683189496
101736,67930.0,-2.37772363792194,-1.21805785812025,2.83425715839611,-1.14473126244533,-0.790201947713134,-0.265520321529014,-0.741408192087642,0.093701482704367,0.996803531113941,0.73998211523096,-1.29882532548151,-0.888395939942081,-0.815108564372373,-1.89778802468621,-1.67114165177828,0.715158814360901,0.525289037998692,-1.27009629512992,0.589025084277216,-0.302219503760299,-0.243625527281229,0.866292688667464,0.564747492276218,0.423357178863628,0.87888179707373,-0.0688904928121097,0.651266393760241,-0.205728200306765,5.4,0,0.24773587286167073,1,Anomaly,Reconstruction error exceeded the anomaly threshold.,0.24773587286167073
87043,61516.0,-6.15857920313599,-6.783396330923,-0.815836677422975,2.74261263734513,1.52114194040001,-0.537204972117384,1.48187242584637,0.0168893737718067,0.099934668545865,0.21242554727119,1.28770081715355,0.139093608272112,-1.25731379057472,0.611081105286953,0.550004517637421,-0.68647341689929,0.305720789942245,-0.143889440798395,0.415637331326261,0.339637075261383,0.0141090986620373,0.821852678584993,3.64396034287019,-0.328649561767421,0.406908776560311,-0.149689083442179,1.00180464994171,0.465979902863699,879.31,0,0.24766382745963103,1,Anomaly,Reconstruction error exceeded the anomaly threshold.,0.24766382745963103
53629,46078.0,-5.85507473765756,2.52654512254518,-2.86375565512259,0.705791995235635,-3.7228730874803,0.703016735586969,-1.6516988833156,0.392387004791795,-1.84298027831863,-2.37666069380129,-0.0401212983993193,1.9736928743956,-0.655697887998963,3.15929881350477,-1.27830192641169,1.03366232505667,1.11487999562518,-0.0283310736640359,-1.15378065788082,-0.914647501415409,-0.826686863975701,0.551107794992558,-0.465396761445514,0.273401886740414,0.270206698652675,-0.537852770443569,-1.65981890313661,-0.662962787195479,256.75,0,0.2476097460404132,1,Anomaly,Reconstruction error exceeded the anomaly threshold.,0.2476097460404132
202724,134461.0,-6.5567941956714,-3.8913757908645,-1.81082834264756,0.0797635864597447,2.295580433041,-1.43932539081139,3.30826833962707,-1.7767976797498,0.25080861928378,0.866641170709169,1.12821597505781,0.539143371294263,0.555441546072898,-0.250295395636424,-0.598926743658052,-0.158289653276388,-1.19894998538421,-0.336780636671102,0.505766623187717,-3.87968750093985,-0.994712343799658,1.37898571746436,0.46543492001403,-0.166164037910489,2.35214529237707,0.166026983539733,-1.72378970809553,2.88705389498483,270.2,0,0.24716053431863877,1,Anomaly,Reconstruction error exceeded the anomaly threshold.,0.24716053431863877
189387,128376.0,-3.37219007015835,-1.14733310988564,-2.16712657137045,1.45219229119635,-1.78935770363024,2.97584950477597,6.59778539616319,-1.64081753055812,0.32238897414395,-0.155026631269649,1.24365261658159,-1.29437218163678,-0.682053040250006,-3.79399092957117,0.151352430997747,0.682799739581639,1.19449013183024,1.73445977590669,1.15773180052261,-0.457172033127093,-1.20327162636835,-0.244093003871899,0.470983166266805,-0.382858516767474,1.52617464024792,-0.267653264233015,0.773912571693783,-0.278746190345181,1162.8,0,0.24683614150176375,1,Anomaly,Reconstruction error exceeded the anomaly threshold.,0.24683614150176375
31811,36527.0,-4.79674064772267,2.79597037580706,1.52065194783695,-0.266591529381342,-1.82272991037736,0.408466985424298,-0.456434367383388,0.188625362209628,4.23302356258029,3.87658972153812,-1.2967390097362,-0.0150615129671208,-1.14377226898677,-2.34400145056742,-1.28912370472612,-0.950201769983526,0.297318131812802,-0.386612927546284,0.351779166239541,1.161940307025,-0.385872596726455,0.0332488405709908,-0.137031419365603,0.391880580687561,0.800957511144287,0.410078302720854,-0.369937422895919,0.490853109514993,15.99,0,0.24640724051814225,1,Anomaly,Reconstruction error exceeded the anomaly threshold.,0.24640724051814225
51558,45006.0,-2.38197114094983,0.362062918585146,0.793004093603347,-3.55115315149197,-0.88490043686147,0.415168716487733,-1.80893718570665,-5.4709816653853,1.44641516560946,-3.66076406181488,-1.32027817554588,1.47079737099263,0.369934454545775,0.2930929208238,0.437401402567928,0.378935504383854,-0.661825907241678,0.358969660781827,-0.52853762828872,0.750657165548289,-2.61408017742372,0.64835518363073,-2.83666104776997,-0.268585856537109,0.0536521233147731,-1.05784044572344,0.47435625306783,0.0577058961518351,451.87,0,0.24634238161902136,1,Anomaly,Reconstruction error exceeded the anomaly threshold.,0.24634238161902136
112555,72697.0,-3.82079304084424,-1.464667881667,1.41215505281528,0.0494539717393003,1.11950213412629,-0.3174676446296,-1.00394999075345,-0.200680610196136,1.69615422472677,1.1604120865475,0.746089565196839,0.375212790183832,-1.02611016062625,-0.754191116315453,-0.402215663401828,0.364959713632108,-0.69594746384775,-0.169321850499723,-0.432070090254056,-1.34602201633382,-0.353828453403625,0.0451661420193425,-2.14375388188061,-0.0956489764946726,-1.05610454234569,-0.0331846101396316,-0.496325886587386,-1.52796923064579,11.5,0,0.2456801154691506,1,Anomaly,Reconstruction error exceeded the anomaly threshold.,0.2456801154691506
124206,77213.0,-1.34662358735531,0.815387371629201,1.5802857882405,-0.5607079262445,0.539694178777797,2.4599207942459,-0.584248823930285,1.21033151455787,0.309165821124409,-0.188982518557994,0.718394296327301,0.165907039928596,-1.06301529002163,-0.137372510508967,-0.0599511288493032,0.130586509380562,-0.0967306154807957,0.289016472331933,0.166077419761881,0.268910350420095,-0.0940504479963506,-0.12329611152071,-0.0153457306433136,3.26127882588328,0.239952032062732,0.215389008408612,0.108758728609638,-0.0803729102805002,7.04,0,0.24533595600986688,1,Anomaly,Reconstruction error exceeded the anomaly threshold.,0.24533595600986688
29879,35676.0,-2.41739188874596,0.175637888359471,1.14148949078972,-1.18095132215054,-1.57612172916134,0.0264404642088223,1.03357070608867,-0.15697968439385,0.42354963705791,-0.0886697581988083,1.18266418853489,0.402756160076071,-0.251961448764655,-0.170907989245579,0.266913465559838,1.22835071260557,-1.09522717256065,0.416157140578317,-0.429747133061928,-0.957011851536193,-0.0551050294041557,0.292623596232089,0.0830603722818375,0.403879930095673,-0.51582554987666,0.655373382604217,-1.01034958415992,0.0478456868468388,242.0,0,0.2452984366739096,1,Anomaly,Reconstruction error exceeded the anomaly threshold.,0.2452984366739096
215969,140300.0,-1.52360271820855,1.09380201120623,-2.85857243018995,-0.90439129557708,0.274023691926732,1.03529725406184,0.60547015126261,-6.07542728713184,-1.42771146149958,-1.59564359204945,0.177072407579363,1.33350859459559,0.288311761157036,1.61238163692589,-1.31369074254741,-0.131727396987346,-0.477671343631519,0.146139271160898,0.18217009864027,0.709042678457747,-2.23697565618312,1.85420624800261,-2.78433119091501,0.374285355869003,-0.743672635225012,0.210338330659882,0.647159404632693,0.117522191966398,677.0,0,0.2452515156634968,1,Anomaly,Reconstruction error exceeded the anomaly threshold.,0.2452515156634968
170992,120446.0,-1.81538974985096,-1.42149996982853,-0.0894045730776535,-0.251748813597794,-2.57446328622055,3.2063383642674,3.64316237979728,-0.828149416514216,1.38039637448372,-0.277311549617169,-0.276891001930416,0.0657439017554318,-0.340936220162283,-1.28610772741133,-1.56533038827296,0.583907587927149,-1.14908605870356,0.353352748824339,0.605340636224024,-1.15076525836137,-0.591447443022574,0.170538375612044,0.288771699611797,-0.0248007292665829,-0.983827805034934,-0.0773727191754801,-0.162362692364938,0.120681920858275,812.81,0,0.2451830288732757,1,Anomaly,Reconstruction error exceeded the anomaly threshold.,0.2451830288732757
33209,37135.0,-3.40904298857222,-1.230707071294,0.849626146466,3.35902785201337,0.381264780154975,1.07985250580852,0.655642990060159,0.0951150133662787,-0.0623325922661502,2.18888658037473,1.32584457113329,-0.0932481828465047,-1.34294711482515,-0.0688279835627536,0.345556654715956,-0.805839148528109,0.582621820460707,-0.694702031018565,0.727943832646752,0.0081507539720584,-0.539236469308824,-0.164909163388179,-0.960143154002599,-0.190602714452088,-0.466517209599078,0.107329746114936,0.587118702732453,-0.584579936732219,289.84,0,0.24498820085233788,1,Anomaly,Reconstruction error exceeded the anomaly threshold.,0.24498820085233788
41754,40812.0,-1.92962413319143,-0.147587418067827,1.93718930720633,0.549836463078058,5.05658152185111,-1.92486207313567,-5.13714262717945,-1.17502210749506,-0.176986962051553,0.928335732335309,0.64794648021207,1.14880563482016,0.355454663320001,0.694394777494095,1.21340212530027,-0.0935022396086328,-0.033870376058657,-0.237838171635321,1.28836118613182,-0.693176448822759,1.30853263000876,-2.1291663370152,-7.27534512788584,-0.77341811482637,-1.62433662993639,0.218073786277165,0.582040425431323,0.243876158217257,1.79,0,0.2447041083111323,1,Anomaly,Reconstruction error exceeded the anomaly threshold.,0.2447041083111323
45926,42567.0,-2.96635601437112,-2.11147806400584,2.4589631000238,-1.09012076095366,-1.65954455609158,0.536841117318667,0.728899770856481,-0.511949997657232,0.505185579527599,0.891887368721969,0.99436483099662,-0.257103909416252,-0.450443240157582,-1.85143385291621,-1.71251947314155,1.14755923496726,-0.0572127679104427,-0.819786391289828,0.716575386198465,-0.836485431177191,-0.234765661988195,1.10072845308251,0.492223657774847,0.605827157573467,0.667593600546804,-0.220462773969645,-0.497044235130233,0.292569984158552,278.87,0,0.2445360062313276,1,Anomaly,Reconstruction error exceeded the anomaly threshold.,0.2445360062313276
60212,49213.0,-5.70905049679937,-0.76734371286556,-0.291491171799312,1.26732931851748,0.0665497817261961,-0.232758839207635,1.13034974173578,-1.22946753283268,1.19421726520063,3.22724664537566,1.59495195812199,0.312613491553219,0.699689360144027,-0.975613462828278,1.65569814388988,-0.167387029091895,-0.682087671609908,0.318561613221159,2.52260560655007,-3.0436129642133,-0.892879166510684,1.17532411377092,1.17367196912285,0.165750302711724,-0.0231592487530385,0.351012943576836,-3.19677533810967,-1.63989932190075,95.0,0,0.24437305884907207,1,Anomaly,Reconstruction error exceeded the anomaly threshold.,0.24437305884907207
147442,88559.0,-3.05519745543777,-3.29357284922517,-2.35208907816525,2.6405642556194,1.68515955210344,-1.8146178437303,2.45559207941842,-1.0263956795456,0.300020054086735,-0.271285095888068,-0.13488604531764,-1.10541155778748,-1.02658206833462,-2.45181623251506,0.409691272382947,-0.0659744209934134,1.83214057075823,0.952684515317083,0.273705673641339,0.704741756719116,-0.219659838391815,-0.116764875426312,0.572073460785835,-0.147893557202787,0.447970468269832,-0.394392117542155,0.25461335571531,-0.0128311222666318,760.0,0,0.24410681524907074,1,Anomaly,Reconstruction error exceeded the anomaly threshold.,0.24410681524907074
165286,117323.0,-2.58243883748729,-3.67883667800724,-1.97937792884205,-0.622283746260376,3.25039282922151,-2.39721212698747,1.66451632903566,-1.46199179421868,-0.70978316368182,1.78970065608864,-1.04717454315584,-0.416452499603672,0.906997237907579,-0.418450148516377,-0.730042268438815,-2.25325855934009,-0.660130913841624,0.709637366370548,-0.574711934516289,-1.45549144070729,-0.528971196607028,1.38525097796281,2.41637725458757,0.663891222830838,-0.647884272365176,0.680607967907972,0.371180630882286,-0.433419775173773,127.92,0,0.24398999363755003,1,Anomaly,Reconstruction error exceeded the anomaly threshold.,0.24398999363755003
45276,42276.0,-3.99211879332596,-2.49860041821663,0.138551238817725,-0.814169671875585,0.995392635456467,-2.38702440681807,-0.871432400433226,-0.306509242546102,-0.204910902014642,1.14458876492602,-0.673655733424076,-0.742075194112269,-0.388897392676098,-0.442359103615263,-0.487258579845696,0.983611345990269,0.314830672660218,-1.75954895627106,0.210415072156038,-1.05465548740427,-0.221604428376558,0.252193368733801,-2.13945676171593,0.597946643938563,0.173341793605757,-0.350854416205192,-0.485564576330221,-1.26697016165922,28.0,0,0.24327530842648779,1,Anomaly,Reconstruction error exceeded the anomaly threshold.,0.24327530842648779
67612,52621.0,-7.64997395954509,6.78529322488956,-4.24062325231102,-0.108523862565474,-2.4328845445976,-0.0145404848273319,-3.166849521662,-2.78599784403885,2.21993955915406,5.14065288296953,1.06568966510953,1.88663069848355,-0.722532155157071,1.43994821594405,0.25257665471056,-0.340460859220402,0.960308479409601,-0.127577715496739,-0.523374846165314,1.79921695535937,1.03731000910999,-0.0130278091003793,1.15853309760465,0.0808123585991238,0.104419102117706,-0.3959718739526,0.984866609022145,1.00263905008116,6.93,0,0.2431234400383988,1,Anomaly,Reconstruction error exceeded the anomaly threshold.,0.2431234400383988
223988,143608.0,0.0666374341243873,0.0599212999820748,0.374791877625191,-1.82218442275472,0.11989784817656,-0.979894225653545,-1.12081496183489,-1.76725330097542,-1.20847025321491,0.554513788397217,1.0976154051872,0.174409776200468,0.0618874854896985,0.28149146972905,-0.599423675415706,1.24214849410022,-0.0747833035609869,-0.903475487978287,0.276969590434876,-0.329133716927597,1.91322190462609,0.330260741250868,-1.26089986867857,0.163963845539789,0.830488700012585,0.0122171173985098,0.217147625458449,0.237933466651413,10.99,0,0.24254566226863963,1,Anomaly,Reconstruction error exceeded the anomaly threshold.,0.24254566226863963
9545,14289.0,-6.075310388552,3.66781551639012,-0.148074167858086,1.11671837621253,-2.14937294698662,0.89427365542366,-1.17008758874976,1.15900388179011,4.67892266105718,3.91579125909767,1.35124834782461,-1.80234084374921,-0.639150562616018,0.677994553538787,-2.31942246142342,-1.48977696696467,2.01337241476227,-0.335224892629668,1.06090873351394,0.528354883351493,-0.637253140853919,-0.937820005221656,0.220345593532524,0.0709815507439724,0.276321256549575,-0.579868358201463,-0.984330423240174,0.849912617371764,34.62,0,0.24227824460674888,1,Anomaly,Reconstruction error exceeded the anomaly threshold.,0.24227824460674888
227435,145074.0,-6.11098212498889,-12.0037302762083,0.20314161169104,2.10842203985443,8.9798473586729,-5.79087309436924,-7.67416953710331,0.772570736406329,-0.807171224676175,2.90905843579927,-0.193049184194288,0.705739276539936,1.1730430187189,-0.49082519873931,-1.26510303636503,-2.41208392979343,1.65236682844758,0.563098431810669,3.63755438926601,2.9363436630814,0.488008472603133,-0.847265134425027,2.48175521829786,0.156471439808892,-0.874430767390672,-0.125292820919539,-0.353011214317199,0.0667922613395625,93.78,0,0.24182349079134688,1,Anomaly,Reconstruction error exceeded the anomaly threshold.,0.24182349079134688
184101,126091.0,-4.8353624089869,-2.79120303385993,-1.08584613630579,-1.52749150523427,1.20526783726773,1.59331925014782,1.87711209976846,-1.2484914293009,-0.249275822611509,2.16276910213762,1.46178849315583,0.141826292266193,0.941327270791343,-0.816362835629695,1.41436417743489,-2.67134582294102,0.207129851083867,-0.0128108239092683,0.658578019463947,-3.02581715756379,-1.15043679967798,0.220612367397314,0.0832178397162559,-0.760326315404551,0.728265382944977,1.19950913055024,-2.31120851795575,2.06290345264578,240.98,0,0.24174376811696427,1,Anomaly,Reconstruction error exceeded the anomaly threshold.,0.24174376811696427
259103,158959.0,-0.756353009635352,0.431238506358191,-0.291009413146406,0.335070771420079,-0.785999584431624,1.90848392645658,-2.08518496230842,-5.46651417238973,-0.10768751859464,-1.67891085342391,-1.4131989811659,1.43639537753715,1.47038792823692,0.361984590262374,0.66115745977676,-1.21186064539458,1.1037110488061,-0.0837308782551843,3.17957982310276,1.7130049379485,-2.57039519584796,0.904242800976151,-1.74317349737298,0.302422508661275,1.18030849878251,1.46424165063635,0.21067353430106,0.17329809132852,355.74,0,0.24173115599806996,1,Anomaly,Reconstruction error exceeded the anomaly threshold.,0.24173115599806996
173909,121690.0,-6.01365339070964,-3.70217696355016,-1.78446196755128,1.98917878375307,-1.07564479436052,1.78428602671356,0.290227542578556,1.62656871442177,-0.131782085908324,-0.500865976446526,0.288339637826654,0.442093034463978,-0.559963140760596,1.384586896543,1.66246589873138,0.391742001760413,0.398857183030521,0.294716600470316,-0.409050149758755,0.164462178198936,0.316871540750251,0.651254883449478,-0.89333799550107,-1.50735715956038,-0.191570675876668,-0.274026507197018,0.930302638736799,-0.925053447499636,478.05,0,0.2417105934807936,1,Anomaly,Reconstruction error exceeded the anomaly threshold.,0.2417105934807936
267745,162908.0,-3.36833923725105,-1.98044156120205,0.153644514740644,-0.159794818903611,3.84716894206004,-3.51687321345151,-1.20939812510087,-0.292122466502223,0.76054256142073,0.479683706565063,-0.780397144243727,0.555344324063466,0.247197976246354,0.113747005568457,-0.0760565237421409,-0.474913527538017,-0.333319364426216,-0.788064806906924,0.274134017573724,-0.923275169369211,-0.545992124820194,-0.252324332163657,-1.1716269791811,0.214333164605002,-0.159652442859047,-0.0608828077469308,1.29497723041271,0.120502532195398,0.0,0,0.2415623886289211,1,Anomaly,Reconstruction error exceeded the anomaly threshold.,0.2415623886289211
94688,64988.0,-7.58536667847748,4.63027051403669,-1.79850677342805,0.94280092620602,-3.24561888458209,0.596110837003436,-2.2198221586135,2.50779563194464,3.40617331358511,4.39411909061409,-0.0107608037146546,1.23303868395994,-2.07925341929276,0.0254063045966261,-1.709763333139,-1.147360435997,1.74022785916191,-0.528301511793379,1.15717586566656,0.502408823270586,-0.365683478185309,-0.745755632284343,0.506285299113813,0.11724560259,0.19276962113301,-0.591036443951888,-1.25379622380795,0.826482510347467,13.74,0,0.24151918597107672,1,Anomaly,Reconstruction error exceeded the anomaly threshold.,0.24151918597107672
205010,135552.0,-1.71309150814479,-0.887791780175299,1.52261423060915,-2.03668453832363,3.79280627186876,-2.00448513125895,-4.89967809464002,-1.3279597332994,-0.261660320869611,0.818465490258661,0.237659346634962,0.700369876118922,0.0586486492668676,-0.194677432358403,-1.66630452166433,1.33919985309331,0.0262841917225979,-1.53488111444914,0.567016188037785,-0.785906231275334,1.36119715178878,-2.10620189422136,-7.47151720124033,0.63601774906592,-1.965214349506,-0.828217843428332,0.677642110551649,0.301239314810287,159.44,0,0.24049050306513017,1,Anomaly,Reconstruction error exceeded the anomaly threshold.,0.24049050306513017
196401,131488.0,-4.28213771588253,-6.44941373574438,1.71912051740037,-0.939462865228256,4.69107594190849,-1.47473736481464,-3.67226513352697,0.405954339755523,-1.51471400545295,2.02639153777633,0.780229940565108,-0.78635741170542,-0.219195550546175,-0.498125074178243,0.866276760229581,-1.58389010480489,1.08100863649393,-0.217701727814328,0.504284542999518,0.64904011865288,0.0572779101938773,0.108291855546871,0.438706634060437,-1.65229281568373,0.397972630418658,0.17588063781838,-0.819027837589187,0.652230818595638,8.1,0,0.24034636038292284,1,Anomaly,Reconstruction error exceeded the anomaly threshold.,0.24034636038292284
95021,65134.0,-6.66377350917861,-5.60416955137426,-0.736874667162274,5.16896035887747,-4.17533039937557,3.36320883288067,2.6459779056764,-1.89132364629634,-0.0775555406526873,-0.310867350880364,-0.0742030652648842,0.456177435303609,-0.537287367292158,-0.207474831676078,-1.30880977119318,0.579848510782533,0.665747597977395,0.259199589744684,2.07122498081205,-2.2249253745926,0.510117383061535,-1.37453295518011,-2.68157554353336,0.411399721841048,-0.284570342711452,0.298676760487571,2.5880838565143,-2.40240453746222,1510.99,0,0.24031144636165622,1,Anomaly,Reconstruction error exceeded the anomaly threshold.,0.24031144636165622
54678,46558.0,-3.9000477723753,-2.08759911688891,0.561989288197439,-0.653899647650935,-1.91469410916572,-0.452521606512085,-2.60890057839809,0.736168017858705,-1.52263330798559,1.673471055106,-0.600122120956922,-0.577391725358215,1.18251481339845,-0.298557035565937,1.96661017659319,-0.0883175116532627,1.15354920163304,0.400417009913854,0.216496710305341,-1.75434460696171,-0.0254146858928566,0.868861298551152,-1.78536779919379,0.303892624099049,-1.13923342800622,-0.0542613147947946,-0.339258808786535,-1.02094108346219,134.8,0,0.2398876334369233,1,Anomaly,Reconstruction error exceeded the anomaly threshold.,0.2398876334369233
83740,60007.0,-6.67529781488149,3.92700125324627,-0.736313121642466,0.911383397796433,-2.4700638853618,0.698161437934893,-1.55207292873673,1.70059891143916,3.4221043604579,4.38319879469293,0.274393794519258,0.885315554785168,-2.21721169844426,-0.50326872327686,-1.60755225098065,-1.36856107647657,1.44596466423388,-0.584193853110119,1.22662150489067,0.635125307062409,-0.458412644445278,-0.793859881773819,0.269678993726885,0.125175355612502,0.371942399968227,-0.537947897264604,-1.01036536661143,0.867032253029041,6.75,0,0.23985745704919367,1,Anomaly,Reconstruction error exceeded the anomaly threshold.,0.23985745704919367
86127,61092.0,-2.31498194552324,1.86396377520478,1.64068650139686,0.886641514724118,-0.592326780362766,2.00248370251251,-2.26123557169789,-4.6233878385571,0.390321481327635,0.807485199206858,0.048422735973416,-0.1943074071915,-1.03745121874188,0.282376992205459,1.83922603965569,0.673727874214666,-0.517584020518911,2.00413325670553,1.52974570225995,0.643187744591362,1.09897239679586,0.407366485614297,0.206832715900474,-0.914466535292454,0.327271768703057,0.0995744351624857,0.540050047243817,0.150686859562961,9.03,0,0.2395055070329852,1,Anomaly,Reconstruction error exceeded the anomaly threshold.,0.2395055070329852
66535,52098.0,-6.92868545297181,-3.2780317596331,-2.32952895503841,-2.19204672204108,0.877419550458294,3.1586066204935,-2.47149617501406,-0.292159863711223,0.819808494201349,-3.14278741272118,-1.02242158234794,1.32470641126181,0.223895527567289,1.12930733143114,0.558565769645904,1.17742084095219,-0.116356863920381,0.543993663905805,0.602919842556135,-1.59879307167667,-1.81219757731651,0.244884806628191,1.01711909659176,1.17598364504449,0.917008291306161,-0.0846992510614615,0.76665988035628,-2.41389675557295,0.11,0,0.2391760271639899,1,Anomaly,Reconstruction error exceeded the anomaly threshold.,0.2391760271639899
139945,83442.0,-4.283695007843,-2.13285601751442,0.14837819302347,0.834554195136255,1.35024256851303,-1.41443264776701,0.137995116650502,0.0735571907775193,-0.262274921232569,0.12623400139526,1.36047445125224,1.06660315851901,1.20596801409458,-0.486996336952481,0.486821849901349,1.06248153715741,-0.460256316769715,0.332636206131599,0.776269584800059,-1.99144431687512,-0.888511555082674,-0.184427692589294,2.4774663356022,-0.0071002677400914,0.624696600111803,0.202877302487725,0.380944984247797,-0.0502103096716619,49.41,0,0.23867066249941973,1,Anomaly,Reconstruction error exceeded the anomaly threshold.,0.23867066249941973
9119,12868.0,-10.8847880771038,-13.4496840184577,-1.56693680394431,1.03483147032612,3.52862919308534,-3.45935511257494,2.16207897187667,-0.861129383905822,3.05120874556822,-1.51843417144517,1.86505874473233,-2.28161929689739,0.940539737803075,1.38052928173302,-0.323991565083219,0.109943512854344,-0.220614395426103,1.18055829445496,1.54615509996618,-1.51439680082517,-0.969475859046197,1.30379038871834,10.4757699808642,-0.213833367687931,2.41979150049987,0.108519199345488,1.93615206726965,-1.37972779108989,948.59,0,0.23847926349791085,1,Anomaly,Reconstruction error exceeded the anomaly threshold.,0.23847926349791085
152186,97042.0,-7.76047226510465,-4.90510330447652,1.30480581267313,6.39448025054548,1.37757772401679,-0.0647267688538248,-1.04186549910042,-0.899318812003546,1.00224932111856,2.03164032183922,-0.073396363796537,-3.38775848584162,2.33524721915401,0.761213388283535,1.77195456242836,1.58114667420577,0.26692470955734,1.09264579157566,1.52256557245602,-4.90852026493139,-0.903338718668558,1.00900032523668,3.53441724972363,-0.0432747295613415,1.21321973044895,0.823392814752173,1.61332910025802,-0.259209870603182,152.08,0,0.23802805457284262,1,Anomaly,Reconstruction error exceeded the anomaly threshold.,0.23802805457284262
148477,89936.0,-2.88291270729799,2.62711199873848,-2.05750929409009,-0.0906821171982135,0.855457293956976,-0.444014679822955,-0.935284514168749,-6.90066688489859,1.17292002576762,-0.0581983343426628,0.0648878862205999,-0.795095179044275,-1.42928058081335,-2.76521565745161,1.07472191941098,0.510986445586331,2.00702055555387,1.4334642067109,-0.638001801434184,-0.4914208736047,1.99795354193298,0.117581527948522,0.433224767886246,-0.328421475421904,-0.582618251191907,-0.350831019677645,-1.85698989291103,0.30605557875989,1.0,0,0.2375845111476645,1,Anomaly,Reconstruction error exceeded the anomaly threshold.,0.2375845111476645
54615,46528.0,-3.30832726522299,1.39350194842498,-0.682020343963935,1.28556414422002,0.0095853202230384,-0.714819579517401,-0.606173320343159,0.111516513392577,-1.39688153714872,-0.502343808543847,1.30954342458153,0.991827920494482,0.988536391469881,-0.268532479028725,1.01489512708071,0.419513955426499,1.53342887994651,1.08079380963077,2.093417268595,-1.12176252459575,0.622642515109527,-0.192912875124915,0.57938109587515,-0.0418437024746918,0.570124195820061,0.667879426588575,-0.56158948198347,-0.308931491680406,0.76,0,0.23713986134002066,1,Anomaly,Reconstruction error exceeded the anomaly threshold.,0.23713986134002066
229391,145904.0,-1.32671333101411,0.649402658756607,-3.81822976752032,-2.11403465788645,-10.7226865008971,6.02661534460291,9.6746275621998,-2.73113742734419,1.04210947190894,-1.51071899506733,0.568384159487826,-0.311649975577568,-0.416243949414144,-0.319877002670298,-0.0076903449098977,1.87556204775774,-1.64135202036827,0.749190350659461,-0.383020103501724,-3.33923479081339,0.153869548668132,1.32838885259483,-0.437222126889375,-0.0498156937692122,-2.24944907975539,0.276496041754523,1.20243684878612,-0.822944303228483,2088.0,0,0.23712831978321203,1,Anomaly,Reconstruction error exceeded the anomaly threshold.,0.23712831978321203
24010,33021.0,-2.12342871764477,-2.2320323060085,0.774247521405367,-0.394580184174911,-2.84187779591762,2.27378452190067,1.44310222101602,-0.115531431301352,-0.0647823987388796,0.356789220683349,-0.318071221207942,-0.515951009704712,0.22414941237271,-1.32192614074008,-1.04036253791965,1.32204663618171,0.0878111396391761,-0.0831626321532144,2.45079721545968,-0.530548661352776,-0.135442189702263,1.16426158800164,0.851564191473084,-0.720235575663865,-0.014259615906651,0.0546175767605304,0.925618095881495,-0.138352154740397,654.6,0,0.2371175570340049,1,Anomaly,Reconstruction error exceeded the anomaly threshold.,0.2371175570340049
48974,43858.0,-1.76107941760454,0.389003256043592,-1.17832572335553,-1.99009256090841,-7.84488879986845,4.76612050545368,9.72313862345924,-2.81901126825971,-1.34980593342314,0.796045958842948,1.79182203484226,-0.177414354968481,1.48035401592559,-1.38111539219604,-0.0954214547490158,-0.517870731104362,-1.40532990966532,0.64291158755212,-0.527294696034032,-2.19158579248173,-1.85531412545243,-1.40404536788172,-0.802124615617906,0.2130530297236,0.0586512186624333,0.527504006066723,0.582967464250687,-1.41291392894321,1748.7,0,0.23711308525474215,1,Anomaly,Reconstruction error exceeded the anomaly threshold.,0.23711308525474215
241071,150870.0,-3.71126296458788,-1.25140110917637,-0.32981201173629,-0.560304389256865,-1.05453524543604,2.85109277379656,1.29679149107351,0.747491669558988,0.035292030729591,-1.03800578627787,0.950365097085464,0.593578031046003,0.0873570012459946,0.398923076072396,1.54125313784173,0.0369761302433106,0.0795678004979851,-0.29370413042336,-0.320997442282569,-1.18242679847244,0.0005848418300943,0.954645377525998,-0.320724970635736,-0.67262584365551,0.376160504692872,0.339009842103749,-0.0867504600778592,-1.03225805446184,400.06,0,0.23695027386305448,1,Anomaly,Reconstruction error exceeded the anomaly threshold.,0.23695027386305448
88928,62351.0,-3.45955501148819,-1.65501600173003,2.05957035435381,0.529803166924587,0.203849921551713,0.161720233500618,-0.733846844373906,0.660395936041255,1.42607328267798,-0.158000528427708,0.643675948365065,1.74100334797497,0.215192923422179,-1.19649880832283,-2.59967094757928,-0.463362826796693,0.234321508184701,-0.609317808608934,-0.0167339593806665,-0.728278870275596,-0.382967822025427,0.517536973287898,1.16479870550135,0.29400926487628,0.173113376346769,0.247111467324866,0.193992871290133,0.1012765023896,26.0,0,0.23611408164752637,1,Anomaly,Reconstruction error exceeded the anomaly threshold.,0.23611408164752637
221750,142688.0,-2.0548010567987,0.0052745989179762,-2.34061592932163,0.42563443374675,0.333609213897211,-0.16192320201519,0.688821350689901,-3.4863004340755,-1.39999481325906,2.17197996679018,-0.982916332384514,-0.419934103615958,0.673327162234499,0.442553495105239,0.956916312358249,-3.12823930967543,1.03767042868073,1.03139172651476,2.19626018716682,-2.11418398858729,1.94717491173519,0.110952827463028,-0.333551898388025,0.759345895422476,-0.725209062731653,1.24768800090599,-0.113147499211457,0.670838342584139,258.36,0,0.23541221348642247,1,Anomaly,Reconstruction error exceeded the anomaly threshold.,0.23541221348642247
189024,128236.0,-12.0663113295151,-7.81865981914922,-5.05596285977088,2.08303297907599,1.79808506390485,0.463227514036063,2.38182009493565,-2.86727315225851,4.68354805379814,4.39263701669505,2.52411465515062,0.265981021988017,0.349162658556967,-4.16612267388312,1.86084229690905,0.212176841578721,0.469323327494138,-1.3991219251766,1.33677012101536,-8.9958335855036,-3.06515431746862,0.622537350615262,0.0793978573361437,-1.35896853745623,-0.27801238726702,-0.289485528800501,-5.80935746520215,5.26739391443903,171.32,0,0.23538555733141903,1,Anomaly,Reconstruction error exceeded the anomaly threshold.,0.23538555733141903
234489,147996.0,-0.57702648202716,-0.287317759269635,0.949039236703623,-0.829506738877932,4.25875128873158,-3.83102150489841,-3.81260530548416,-0.984323221071383,0.714577757651137,-0.127583850660347,-0.897449533378398,0.655236676968217,-0.457278937799057,0.764459336049328,-0.0012851516875388,0.202033034759013,-0.740562529300495,-0.528171089718954,-1.90132566050207,-0.797368557401648,1.00741425849737,-0.647239136201495,-7.3412731611022,0.426930895481743,-0.0268825917999729,-0.315345684656132,0.418339980491421,0.393991951692757,1.0,0,0.2346454459681944,1,Anomaly,Reconstruction error exceeded the anomaly threshold.,0.2346454459681944
199955,133212.0,-1.80496592911384,1.41730357546386,-3.64948243357524,-1.02765079120906,-3.77552932484164,3.26586936304215,1.52808439048561,-5.07249433231714,-2.89083196548005,1.74090620524942,-0.365398016651009,-0.800495524931724,0.446829596738774,0.83104980947408,1.2292338619758,-2.90889782010413,3.0256000678351,-1.29099098755056,1.4256136953368,-2.5278226392248,4.56412532230656,0.46133165002408,0.449869435340877,-0.927110711252132,-0.851773327589255,0.681479436832429,0.660276192315305,-0.467920177923495,716.82,0,0.23453262985816437,1,Anomaly,Reconstruction error exceeded the anomaly threshold.,0.23453262985816437
66439,52056.0,-7.14779024463805,-6.60858799706964,-1.34857841190203,0.438730735600519,1.34548853860514,-3.6081060591894,0.18919658444128,0.410642751796105,0.700784608419927,-1.92408524153377,-0.279162649904525,1.645828374864,1.17567175411947,0.706308898052667,0.200575556287306,-0.432936215017161,0.191900107927307,-0.206098210102647,0.192463607757198,-0.331079365520417,0.0442762675009655,0.735404618261782,2.87383449313761,1.00880086127176,0.606235953672646,-0.770163947768873,1.34606713842666,-2.37952647546164,1.0,0,0.23445379424614363,1,Anomaly,Reconstruction error exceeded the anomaly threshold.,0.23445379424614363
199663,133075.0,-2.96428711927636,-1.61638736563339,-3.64302696396931,-3.18778856779585,8.10606574359118,-1.23449886547646,-7.9435765809077,-1.77973902937488,-1.19502491896985,3.2421690864618,-0.609851219806779,0.218602555015896,-0.249351049453152,1.17021030163394,-1.04084015290851,-1.22643488658456,0.85877248786388,-1.14064031726698,-1.44469496966175,-0.75996424665948,-1.18394242535675,0.20131026477295,-10.9345080154254,1.36167627231628,-3.6289631746425,-0.362426185385547,1.24154086561619,1.0608475468477,210.0,0,0.23378496396096735,1,Anomaly,Reconstruction error exceeded the anomaly threshold.,0.23378496396096735
96153,65632.0,-2.616460495394,0.0899975417604597,0.55545862954696,-3.3903692547645,-0.99257543653712,0.468456325169039,2.50420770209933,-0.89895484007026,2.65532495772858,0.415530461038121,1.46094429425048,0.982358709082063,0.0051941184492971,-1.28874145475557,-0.284051033787049,-0.276347673838477,-1.20916201726597,-0.255168994383112,-0.718991390258592,-0.266163460291076,-0.453691368635415,0.597856935926072,-0.0739454100974709,-0.22958783181577,0.212893756533083,-0.404075075347171,-0.112661275896312,0.223646605666851,312.99,0,0.2336351916395121,1,Anomaly,Reconstruction error exceeded the anomaly threshold.,0.2336351916395121
197151,131870.0,-5.372888771404,-2.89869562206918,-0.732046231045635,-0.226599460556422,2.9407013260793,0.535855438901443,1.98051552954977,-1.37546777513748,2.01251386034813,1.02319330182349,1.76212033658526,-0.246455547647172,-0.753386459072621,-3.06724300722706,0.451936491879228,-0.339951299322275,0.670631818011007,-0.753375335785573,0.182702627253596,-3.92039026387657,-1.72932941520233,0.61186103877986,1.92375542275532,-1.64273547028587,0.561184692217121,0.0297074896222889,-0.287005231474357,-1.88182728928789,138.82,0,0.23361512164827478,1,Anomaly,Reconstruction error exceeded the anomaly threshold.,0.23361512164827478
156589,108462.0,-1.31810841953843,1.17945327400279,-1.12037203022091,0.206071838233851,-1.60013641234943,0.452594003914752,2.03253426524448,-3.29038763816057,0.874368062971573,-1.3093541679151,2.83733485872449,-1.49580245476825,2.07229986107039,0.721529552508678,-0.727148848848302,0.322596644531082,1.31274313026055,1.18613329960262,-0.361284764894955,-1.3350037044591,2.27994092903394,0.107648453338017,-2.28240227140692,0.595313891810804,-1.07551779242514,-0.259226176285748,1.03144332332871,0.0262840776845373,758.84,0,0.23250272282550394,1,Anomaly,Reconstruction error exceeded the anomaly threshold.,0.23250272282550394
133054,80222.0,-0.379986825114767,1.0537014306809,0.96838312986511,-0.474469519454151,0.991979015678302,0.821124992284973,0.479807362923414,0.320574109586044,-0.530089113092191,-0.356191961316971,-0.16546376018378,0.06601687359754,0.472959602854732,0.0133887580688215,0.98090222709108,0.222196942231425,-0.424388084364847,-0.330322883545629,-0.0385108093418162,0.244394030986262,-0.232716707362077,-0.764162124712387,0.160966059603466,3.9492453485154,-0.134626107595192,-0.0987256615180013,0.246959870107577,0.155645095552902,0.99,0,0.23229770596932736,1,Anomaly,Reconstruction error exceeded the anomaly threshold.,0.23229770596932736
197775,132170.0,-3.23176192316721,0.515009769161486,-1.28012968329314,-0.488167730704854,2.04321490405508,1.36360329625837,2.6463061523243,-0.323582950247893,-0.606373394376263,0.553602765549262,1.01642988836862,0.0513020535654492,-0.927917716967206,0.56893779247724,-0.403033219955758,-1.1798581927953,-0.139427532942337,-1.21744333035678,-1.39076790290556,-1.19734087244237,0.0472744311859647,1.3223028488409,-0.337340313075557,-0.667152707514541,1.70395938913992,-0.179241239796119,-1.23214535158735,0.1773924744075,186.92,0,0.23215387610979044,1,Anomaly,Reconstruction error exceeded the anomaly threshold.,0.23215387610979044
127395,78316.0,-18.7798924806711,-8.80715058185678,-6.780830657939,0.350983486895497,-5.33723323689644,-0.242976659622496,1.60429786218114,0.560157662298268,3.79862383473954,0.617242042296241,0.626962956312289,1.75607522374106,0.802828408824391,0.163395054244165,1.29777905322868,2.88645087066411,-0.76725519536908,0.224360254968218,0.608942697787139,-9.37134432509027,-2.47078045114106,0.695285823538999,-1.47117827130637,0.633554664527762,0.854862791350297,-0.558321134932078,-5.51251739201024,-1.02137730539681,260.8,0,0.23171309767647796,1,Anomaly,Reconstruction error exceeded the anomaly threshold.,0.23171309767647796
82171,59275.0,-3.01540678879197,-2.27190129178287,0.299002654277991,-1.48471337095651,1.38731547752665,-0.491991068930871,1.05134886740981,-0.21376469001124,0.466669293408791,-1.55492472428203,0.71106050249712,1.23162760490701,0.448932454212438,0.198976344197428,-0.11416484694597,-0.632047587967679,-0.452503059422351,0.0588148716235655,0.641188289044494,-0.375714130184661,-0.06982204575172,0.239341616076235,-0.612426329674913,-0.706862472896792,1.00143434629548,-0.553604368265574,0.453826907167699,-0.194685484762238,454.32,0,0.2312568677588349,1,Anomaly,Reconstruction error exceeded the anomaly threshold.,0.2312568677588349
224912,144019.0,-7.72651441232044,-8.54599007229623,2.10168567135284,3.08711037654798,8.86759625108617,-3.71142535647143,-6.81180611473729,0.584529948869845,0.896248129746575,1.8452111107303,-0.578714653962862,1.21144647361545,1.3130177630943,-1.18674873278199,-1.7667885865825,1.70302237968143,-1.02430476808243,-0.3026180808789,0.437200413728108,-2.59216309619388,-0.957296085345034,-0.58798063173138,-2.28122760088396,0.120810113848377,-0.912106560638706,2.23336568511373,1.20401381699505,0.0773070309597485,8.62,0,0.2298631067984406,1,Anomaly,Reconstruction error exceeded the anomaly threshold.,0.2298631067984406
80812,58663.0,-1.97665741130952,1.71825108809633,1.28006981591668,1.16810577937216,-1.68776543635419,1.58135562966397,-1.21588308483142,-6.23374222699209,-1.04732418267452,-0.862240609529934,1.17466054543918,0.157214170097047,-2.11329659179356,1.34442583414479,0.933091437532579,0.532133606832469,-0.0217842938614235,0.734214351113539,0.611778555081724,0.827503617299862,-2.01082637296165,0.0382211039537799,-0.773532925990721,0.487593908221416,-0.445291238093423,-0.518875630920513,0.216201146510307,-0.165914441095201,358.06,0,0.22871188628693512,1,Anomaly,Reconstruction error exceeded the anomaly threshold.,0.22871188628693512
284789,172770.0,-0.446950896052929,1.30221236954228,-0.168582985911426,0.981577017035105,0.578957154610838,-0.605641009091424,1.25343045842987,-1.04260991760552,-0.417115855079436,0.0766045202708883,-1.29122804558007,-0.690868003935835,-1.48172356842876,0.753473245608918,-0.19114107814106,-1.1299038061459,0.319074098745478,-0.201861829865623,0.744415910955027,-0.203306142746375,0.851799556146017,0.305268269978494,-0.148092974805129,-0.0387121904599931,0.0102088289529035,-0.362666483952437,0.503091689408038,0.229921291418483,60.5,0,0.22841418687213985,1,Anomaly,Reconstruction error exceeded the anomaly threshold.,0.22841418687213985
252910,156022.0,-0.37086064206571,0.946437572373448,-1.15309075269028,-2.49070281249509,1.77275543645469,-1.07730048873384,1.34695614922723,-0.180128545402918,0.211291579034358,-2.51699757265108,0.997923197976247,0.298271327457285,-0.566812367505266,-1.73946776860715,-0.481855221757368,-0.279246403195516,1.45465179469888,1.31051276765056,1.18477938784608,0.0137028892275806,-0.0553491886059895,-0.0247666149961399,-0.532480506475715,0.054877558496435,0.61002094196364,-0.133594986055558,0.0858008135697224,0.14530159918317,0.98,0,0.2283021640450536,1,Anomaly,Reconstruction error exceeded the anomaly threshold.,0.2283021640450536
46100,42638.0,-2.79097783359364,-0.824841557248865,1.38228645337029,-1.49861117304027,-2.6765101488129,2.45814260694651,1.54139775105735,-1.1652818664356,0.0413360215726962,0.615689309177615,1.35240356485323,-0.176186376342026,-0.605186998611669,-1.32826039367864,-1.08280458412809,0.663049282168465,0.57358294017853,-1.92928230254951,0.066618433562613,-1.07705246320705,0.520500166378661,0.315342316842201,-0.567512763872719,-0.194222573505888,0.0984867828561595,-0.416435399267228,-1.05208860651466,-0.247331815391837,499.54,0,0.2282128565212478,1,Anomaly,Reconstruction error exceeded the anomaly threshold.,0.2282128565212478
92150,63804.0,-9.55191319505521,-5.50087434108934,-1.08447019966064,0.519653868776343,-1.94235712075508,-0.0588190613264699,-1.44551212238306,1.41005443979649,0.0304466473531853,-0.0691461443747796,0.535473392600443,1.43412027034511,1.34572811889121,-0.490835681494727,-1.4857661445515,2.0711262674257,0.971000369862163,-1.5433534946466,1.10320355820041,-5.09097503544547,-1.20391042025659,1.18156935536388,1.00633892579875,0.360303146525769,1.0052471345945,-0.092125846366795,0.0083802811302692,-1.57422574285943,291.48,0,0.2281528756323957,1,Anomaly,Reconstruction error exceeded the anomaly threshold.,0.2281528756323957
147335,88412.0,-3.94462069393263,-3.2950887386699,0.776831707776152,-0.860072687180567,1.13379063493724,-0.995787666342872,0.138878727170386,0.0142168028268194,1.27173290846449,0.418212532861638,0.559546320888642,-0.957282344929054,-2.4246428039105,-0.0435259570968477,0.38140164772276,1.12120862015304,-1.1029378423572,0.843121096038141,-0.0380369872943463,-0.71108754818254,-0.356134517687216,0.638962010775284,1.7873201526613,0.783162038257795,0.346310130703995,1.30773247108703,0.793594646666995,0.0840645024349077,213.1,0,0.228033840837926,1,Anomaly,Reconstruction error exceeded the anomaly threshold.,0.228033840837926
84809,60471.0,-4.30658540639083,-4.96023311547593,2.44429548395216,-0.469906365245489,2.63050627692897,-1.16596028686577,-2.45876376058868,0.2791374937983,-0.0413590158671263,0.458121247940663,1.22793497392097,0.227259503223486,-0.505697832464553,-0.915945057768976,-1.02536683138909,0.588269114961377,0.692125595566816,-1.89678316147684,0.188993923847638,-0.566148912922562,-0.11717691609239,0.336010556511024,-0.692294192376141,-0.142485687533294,0.0987771849145791,-0.274778844788626,0.520557457033605,-0.447504222279015,277.9,0,0.22742834699759576,1,Anomaly,Reconstruction error exceeded the anomaly threshold.,0.22742834699759576
65150,51450.0,-8.3070159560212,-4.41080778140826,-0.527513851570817,1.77890791200907,1.79141731352233,-1.72221638044417,-0.720462124385956,0.659425476663415,-0.235810156088586,0.0993544458663365,1.33706703152158,1.49064712599791,1.10924013117098,0.51843624924083,0.54192264084971,1.18136356821672,-0.59465168783441,-0.168754074000621,-0.308240514500116,-4.38146572482931,-1.12290819570623,0.891908024122206,1.93585201620192,0.198486136347836,1.34664926646504,-0.26849412401302,0.139464074497259,-1.27097806958228,35.1,0,0.22725958328292364,1,Anomaly,Reconstruction error exceeded the anomaly threshold.,0.22725958328292364
107384,70412.0,-3.24268237998913,0.128466733799892,0.40917418329048,0.739293329028498,1.59424238999245,0.519087200852783,0.906300919578941,-4.04708619705172,1.56331401211757,2.77914358861412,-0.234961231268639,-0.285023372179902,0.728099509295225,-1.52701701856129,1.70965070335042,-0.73085902345772,-0.86348366800021,-0.457675243681129,0.56541639166035,-1.66577588066501,1.65188974649996,0.0638982974514368,0.809805954441203,-0.74750899294258,-0.0053249251223566,-0.525618662932279,-2.5942115291955,-1.65499655305917,1.5,0,0.22689794153976844,1,Anomaly,Reconstruction error exceeded the anomaly threshold.,0.22689794153976844
218532,141350.0,-3.32717546626317,0.514401733267686,1.71573949218527,0.123716871635044,-0.992305419921604,3.14167681575692,-2.07167562347747,0.781876509942556,1.11189759406044,1.93108563711447,-0.338361663115172,1.05993394715702,0.312270937910742,-1.35999884731959,-1.14298446259211,-2.63681188419858,1.12771624773985,1.08127339098386,-0.499677569258415,-0.122646231985035,0.307542439459525,0.202878384381006,-0.292404280074044,-1.64017298672552,0.680207317142573,0.0033990621702732,1.07807048267147,0.646313374920187,30.0,0,0.2266317466701948,1,Anomaly,Reconstruction error exceeded the anomaly threshold.,0.2266317466701948
14170,25198.0,-15.9036352020113,10.3939171427504,-19.1336024646827,6.18596883540498,-12.5380209157442,-4.02703044708406,-13.8978265981985,10.6622517826007,-2.84495398482036,-9.66878891236125,7.39441941053863,-11.6356300484755,1.42327692545531,-8.64045910049478,-0.674719538892936,-7.69556878829619,-13.6841395944616,-4.77740603940726,1.26834277321029,1.50156541071894,1.57754822493456,-1.28013712313136,-0.601294526869194,0.0404039214626868,0.99550197117886,-0.273742711729157,1.688135896398,0.527830799573719,99.99,1,0.22652254615083361,1,Anomaly,Reconstruction error exceeded the anomaly threshold.,0.22652254615083361
141858,84510.0,-4.15237186788523,-0.70731800028936,1.93207970646852,3.15858049171876,0.0012589385858741,0.874400832931209,-1.15955418132674,-2.13651521368292,-0.125315712531503,1.96714101151576,0.863359287256323,-0.0994920441644725,-0.180319138841544,-0.225529379049459,1.58510754038755,1.18165743001626,-0.596973766144573,1.41385881708146,1.08190523063759,-1.96019366354276,1.7466494545756,0.316285968142294,1.28139075161908,0.0283474823561067,0.617643985825912,0.598067395835717,1.69619580284827,-0.121345052590907,133.95,0,0.22650152420485434,1,Anomaly,Reconstruction error exceeded the anomaly threshold.,0.22650152420485434
233456,147574.0,-0.0816218939020044,0.956866589248512,-2.17385478576241,-1.57937268854917,0.801109167848051,-1.09899972959404,1.11990358200707,-0.088948274709366,-2.31349059324911,-0.0676967256580498,1.11225388594815,-0.164220224746324,0.289438645418913,-0.465939850324651,-1.40555693842093,0.492518283643078,1.45189413031966,-0.591241859906649,1.07898860330703,-0.0242732407938974,0.693825204077977,1.90204859928709,-0.25043046342484,0.721344846500706,-0.34377464695447,0.110991512943317,-0.0340732142992218,0.171416673279319,57.99,0,0.22576606223306397,1,Anomaly,Reconstruction error exceeded the anomaly threshold.,0.22576606223306397
268698,163345.0,-7.67516650741489,-7.5921408668462,-1.36848020518792,2.22422140566555,3.46494818440707,2.52155048413316,-3.62529702267433,1.81790366346536,0.427921793207338,-0.117842956784755,-0.117423984427398,0.60069459005427,0.972358130396575,0.611003386978122,3.36368456505451,0.402035179281341,0.583104547168656,0.614764178132713,2.24875416064556,-0.287255524227473,0.0975741080123658,-0.211422556870356,-3.88750737324331,1.18294825216295,-0.943493077423813,1.06924500779613,0.602823867273527,-1.78277726064393,45.0,0,0.22526750534705203,1,Anomaly,Reconstruction error exceeded the anomaly threshold.,0.22526750534705203
205125,135601.0,-10.708438950298,1.7812753578413,-7.13378003469068,0.353786427764652,-2.59375995959061,0.625625368986785,4.37206119405505,-0.944148308366558,6.06617614156386,10.7816031066968,1.69282572347806,0.266597570662791,0.128952293015806,-2.09810772995713,1.00374770759443,-0.448734205528001,-1.43565638109903,-0.406253091783915,0.140646872468739,0.843780465838817,-2.29681494699479,0.334542679198744,-1.32032531709008,0.339674254577369,0.864918866305519,-0.7324391252465,-0.0234051088340079,2.4374726543604,411.1,0,0.22517393816210632,1,Anomaly,Reconstruction error exceeded the anomaly threshold.,0.22517393816210632
252255,155724.0,-4.37457124899902,-2.67382011859554,0.675464098199429,-2.68058339266863,0.315281263864639,0.627613227951535,-0.885329144641072,1.49415034441282,1.58406246640011,-2.73565405816243,-0.714108171869025,0.92455700218331,0.391936530045546,0.0811770602584292,1.66203836400165,-0.0068827825226176,0.118502527631999,-0.591007833010754,-1.81822545050088,-0.356065382233304,0.280205674313512,1.03730506347368,0.957341485037111,-0.381487649150855,0.818313331925438,-0.116001013406325,0.513808480293347,-1.05623978733605,40.09,0,0.22500344787479315,1,Anomaly,Reconstruction error exceeded the anomaly threshold.,0.22500344787479315
64526,51183.0,-6.4551765925413,3.39558555121131,-1.32643730133532,3.16562961556424,-3.05335261850018,0.577367873733191,-3.66168665150948,3.04391197923019,-1.36052183861964,0.501903061972534,-0.537279439038175,2.23360667473963,1.4819438084146,1.89342196304101,-0.389007622003885,1.23011149349963,1.26035426663857,0.874292093428881,1.46939765602599,-1.66885407064042,0.844325801843434,-0.077163809596518,0.921324399843414,0.0283624028356954,0.531165476868071,0.246530075707531,-1.27699396889803,-0.534346196809911,7.6,0,0.22490878530004946,1,Anomaly,Reconstruction error exceeded the anomaly threshold.,0.22490878530004946
61688,49937.0,-6.56443801348984,-5.92890291112887,0.124303326696747,-0.757954292540873,-2.50223837644548,0.861822347847532,1.13811349973799,-1.07224502202177,0.0788961874370002,2.29312857991575,0.461080601194513,-0.425173324876549,0.378152631372384,-2.13274857113259,-1.72739843024268,-0.0303675641435992,0.0835895044382012,0.271116736382989,0.356344138945341,-2.6877612966068,-1.20966076905614,0.0918060836747436,-2.78822617620942,0.341243392446416,0.128485658081721,-0.285491916161375,-1.22561111287232,-0.114318416801457,590.43,0,0.2245293109472048,1,Anomaly,Reconstruction error exceeded the anomaly threshold.,0.2245293109472048
3057,2617.0,-1.00218523107656,1.72579773319191,2.04562494865514,2.55604847050622,-0.190635948270328,0.503697363629845,0.0207545180592724,-0.56112365437934,-0.907181138345995,1.14386814254952,-1.07024399575059,-1.06958407403306,-0.685398853790894,0.204191208753051,1.65919013431291,0.377243960200762,-0.148507376557827,0.402178406934451,0.924070968811451,0.213653328060682,0.539511181312866,-0.788880015703337,-0.0559576000875045,-0.191973334082489,0.0554518135884512,0.134223308453062,0.486324321790497,0.220469127161962,15.55,0,0.22439490434753487,1,Anomaly,Reconstruction error exceeded the anomaly threshold.,0.22439490434753487
73031,54945.0,-9.3287711334719,-11.5090781580029,-1.24997535930397,2.73839247020951,6.32586594002715,-6.2914691492387,-6.49089862302799,0.7056296362967,-0.486150815418937,1.11751185610044,-0.8726774893385,0.502213500604828,1.57738995476456,0.74020473168401,1.71356302124338,1.52428035066305,0.801038218995716,-1.12184578021075,1.84045114858809,-0.486162596602033,0.130677471944515,-0.453504468857835,-4.03968815223585,0.412636228175106,-1.61160634592848,-0.258192944844942,1.91604579266887,-3.2787675068924,3.95,0,0.22439123280383194,1,Anomaly,Reconstruction error exceeded the anomaly threshold.,0.22439123280383194
198882,132695.0,-2.73373474491637,-1.37970625026777,-2.98467121929183,-0.698011318639123,-5.11687957508739,2.26424709412763,4.80579632292804,-0.360678533592261,0.701916279319983,-1.91613293922318,0.787054440435802,0.41948151816259,-0.987736981582834,1.12794826594478,1.36711341552076,-1.58043983926209,1.03959503090732,0.921508924367557,4.47512690936283,-1.55158960414966,-0.370302058354829,0.975530963901291,0.966745155903294,0.910589942683095,0.166715176064767,-0.333709092160341,0.659052795191039,-0.340869423930816,1134.94,0,0.22432804397367276,1,Anomaly,Reconstruction error exceeded the anomaly threshold.,0.22432804397367276
186240,127012.0,-3.6415071560864,-1.60974184152975,0.588759795527477,-2.30263208160096,-1.25563828642159,3.36950234314485,3.54192889387833,-2.66016356416002,0.908040436294526,2.23281098766266,1.55123413808291,-0.914638287627351,-0.439510574482606,-2.28317184101881,-0.108639199647823,0.439915695437438,-0.25517242718346,-2.7252139689743,0.332318185679555,-2.0685792406532,-0.429788190198581,-0.336657291325325,-0.19059739495576,-1.56569321062065,0.238630393296049,-0.576500768668865,-1.65882369226014,-0.258402497022265,607.29,0,0.22410440015935235,1,Anomaly,Reconstruction error exceeded the anomaly threshold.,0.22410440015935235
216376,140449.0,-2.05506253671903,0.331810287389885,-3.36000213556656,1.0776778567255,5.15158901611728,-1.44158062229073,0.744048210587002,-0.103400516274467,-0.92733238884248,-1.83763288074916,2.20556623726434,-0.649311597646561,-1.0834012346144,-4.39148146520073,0.0132035224501016,0.421693550270049,4.17849481033905,1.40133207782368,-1.69933098448961,-0.757143997230597,0.0948751384316968,0.82854583316252,-0.842031465252839,-1.99700931000323,-0.0565725091972977,-0.250993798881749,-0.0391980870771029,0.677591198373589,1.0,0,0.22381522099370493,1,Anomaly,Reconstruction error exceeded the anomaly threshold.,0.22381522099370493
173813,121650.0,-2.18807498844747,-0.690066316312122,-1.60109809736991,-0.513765957062346,-0.0521815445561914,-0.885591025025844,0.615330736511852,0.931015576922635,-0.180403038813314,-0.786222498927376,0.299415426131404,0.537802182142906,-1.2001986742319,1.37264746924276,-0.863135356671876,0.120752882277531,-0.185209377454914,0.276103545788438,0.0896619340493002,0.986394769366656,0.283106469633688,-0.486459528594517,0.384987558296854,0.699285294347029,0.114546508173097,-0.225931452388714,-0.40735884864339,0.0856718957083127,89.95,0,0.22367560879384002,1,Anomaly,Reconstruction error exceeded the anomaly threshold.,0.22367560879384002
173814,121650.0,-2.18807498844747,-0.690066316312122,-1.60109809736991,-0.513765957062346,-0.0521815445561914,-0.885591025025844,0.615330736511852,0.931015576922635,-0.180403038813314,-0.786222498927376,0.299415426131404,0.537802182142906,-1.2001986742319,1.37264746924276,-0.863135356671876,0.120752882277531,-0.185209377454914,0.276103545788438,0.0896619340493002,0.986394769366656,0.283106469633688,-0.486459528594517,0.384987558296854,0.699285294347029,0.114546508173097,-0.225931452388714,-0.40735884864339,0.0856718957083127,89.95,0,0.22367560879384002,1,Anomaly,Reconstruction error exceeded the anomaly threshold.,0.22367560879384002
62185,50169.0,-4.47019865940266,0.953612448646729,-1.78369672263441,-1.91320698480939,-4.10599793962164,-1.15392568143501,-3.30659568321243,3.20391846071469,-2.9387353579658,0.0071786450982519,-0.381742992262462,-0.259050472849404,-1.2151889485984,2.36162771148641,-0.593222838321563,1.10642287163178,1.39183659381958,1.31393240964697,-0.733076018247015,-1.63420386797575,0.536095536468644,0.487917862778199,0.0060568365009051,0.506411170245184,-0.443937568609305,-0.357787711667747,-1.65704733821561,-0.60767454341462,23.98,0,0.22301144712869433,1,Anomaly,Reconstruction error exceeded the anomaly threshold.,0.22301144712869433
129207,78993.0,-2.10839762368659,-1.98360577706776,-2.2915985910182,1.81167753645318,-4.87469240860746,3.08472854830881,1.3482273099629,-6.3732779089368,-1.7940864975259,-0.804326510924667,-0.707734284799852,0.0631249472257066,-0.642253841692611,1.28502659085472,0.733312853927267,-1.59591866562785,0.939069586133935,0.671304321738296,-1.08471799642313,0.864466136418472,-2.89085077689268,-0.227738981413185,-4.12479901736577,0.366496361030863,-0.895934424422644,-0.272065978039988,1.17624229644948,0.0908335862819217,1806.54,0,0.22288510928060862,1,Anomaly,Reconstruction error exceeded the anomaly threshold.,0.22288510928060862
117152,74557.0,-2.86410008755187,-1.58734884397506,1.12381940982907,0.134747526639041,3.45939890389383,-1.03423326767195,-1.35969246465254,0.239319456854678,0.588700368117077,0.301862549304964,1.01197058026063,0.409143607840626,-0.363132478407172,-0.531958716881932,1.75987354473006,-0.760092719964944,0.936770948887435,-2.38479933269699,-2.29225819539538,-0.970116549386991,-0.437177926948057,-0.0646282811929337,-0.59523758221412,-0.577721503002958,-1.33143976533923,-0.0438686560114693,0.890940740650067,-0.153453069445631,1.98,0,0.22245315889252396,1,Anomaly,Reconstruction error exceeded the anomaly threshold.,0.22245315889252396
192620,129783.0,-2.03405399835637,-0.15357859554609,-0.563894672538451,4.69274808979944,-0.748156342980214,1.88745771679893,3.39303648542704,-1.09028643543193,-1.71211123065251,2.14604677548032,-0.808463018023046,-1.19898300323362,0.505280244347131,-0.135185963638092,1.33560058183999,0.123605303980403,-0.334890669523325,0.133800530866549,1.20815745022166,-1.6439233285785,-0.332010937182687,1.34313929231949,0.773828314850696,0.718896975400035,-0.358247529120008,0.491137548402507,0.324800086032161,-0.263460062760776,567.47,0,0.22234592934321032,1,Anomaly,Reconstruction error exceeded the anomaly threshold.,0.22234592934321032
47791,43364.0,-10.5547045219875,-0.383142238313733,-3.38867310886837,-2.6902024959223,-1.5553454884717,1.95473041154484,-2.34693878419941,-11.3982914245273,3.90946091449482,1.40776589413013,0.120762093466367,1.6391657035455,-0.365984080562956,-0.392150393538737,-0.152256364879214,1.31778803852027,-1.09618586160188,0.489472649619391,-0.0860918026914075,-2.89691316167208,1.25588923692451,-0.740889260000667,0.706821262784828,-0.966822967545992,0.714979184809371,-0.410080439136891,-1.43279526485612,2.21967131624038,199.49,0,0.22233456939285012,1,Anomaly,Reconstruction error exceeded the anomaly threshold.,0.22233456939285012
123666,77015.0,-1.88293417924086,-0.26763013537779,1.05972530187422,0.405704136791138,1.43096212404255,1.56101665009832,-0.47460015064738,0.518526117799129,0.199866244355259,0.276851461518888,1.47704245014912,0.614103222711608,-1.0853327543165,0.185278483265818,0.56982529384274,-1.57638631583389,1.11782922894323,-1.76380324979848,-0.0075697358320549,-0.70194304169296,-0.0547018219193971,0.276773304940294,-0.322774550797912,-1.27946487297714,-0.823255359895164,0.363407384104982,-0.377193902767783,0.302224884396199,23.57,0,0.22231360727325777,1,Anomaly,Reconstruction error exceeded the anomaly threshold.,0.22231360727325777
256567,157757.0,-5.7748067363417,-4.32227757549895,-1.29937262597976,1.04887404906239,4.12690082549974,-2.8397358767187,-2.04707532077296,0.123781007629177,0.762231195781618,0.617482960411276,0.621354556794564,-0.0458515743778481,-1.4657956555301,-0.307403443610212,0.198119137378741,0.837804586557949,0.41367559863984,0.379498094551388,0.965424104963162,-1.48223402012487,-0.966762699248118,-1.50803320720952,-3.62521359507269,0.596769572394591,-1.0543500073088,0.217528109401039,1.92434252218339,-2.05302930063958,8.97,0,0.2218269220972636,1,Anomaly,Reconstruction error exceeded the anomaly threshold.,0.2218269220972636
57354,47874.0,-1.71592894091398,-0.992233899321923,2.30668126662376,1.11493691664828,0.189479140904948,0.4047341013994,0.835155494146718,-0.317575068938028,0.497924745414608,-0.0423254699547179,-1.38527384080048,-0.883764627147419,-0.443205901671132,-0.706922022269864,1.17138087233312,0.113865100713403,-0.642618559405075,0.698189609865464,0.960110831315172,-0.0029484074908524,-0.205627316163746,0.230064781899837,0.839164848879763,-0.493187758835085,0.563303988038175,-0.227575564108727,-0.0949549989239276,-0.544288866494018,173.45,0,0.22173983153535654,1,Anomaly,Reconstruction error exceeded the anomaly threshold.,0.22173983153535654
263644,161052.0,0.355308838583,1.45052937865681,-2.48600432044828,0.847952509405246,0.330263292081661,-0.41975340854991,-0.40022972441464,-3.2161324849705,-0.228147154636905,1.14925182330073,1.13120274108351,1.29239289412173,0.819391560286496,0.773314037230228,0.74740787262018,-1.23030041367937,0.180201694290066,0.270284482671309,2.62963905691751,0.687596754532729,-1.07840620314955,1.38831825398866,0.269795446790942,-0.26997364503132,-0.394577602233764,0.355602248829177,-1.81133733490432,-1.35473457204259,4.0,0,0.2215057537940769,1,Anomaly,Reconstruction error exceeded the anomaly threshold.,0.2215057537940769
147283,88326.0,-3.5764948264458,2.31842150813501,1.30698532958812,3.26366492235553,1.12781840881043,2.86524613735822,1.44412464888046,-0.718921833851611,1.87404570858999,7.39849078334508,2.08114562393643,-0.0641447523642622,0.577555888776233,-2.43020141181235,1.50599327416251,-1.23794088792793,-0.390404663248005,-1.23180425893991,0.0987384558351899,2.03478558572906,-1.06015143656451,0.0168672508446993,-0.132058215693801,-1.48399578398146,-0.296010935476064,0.0628225484481408,0.552411113771332,0.509763550465719,76.07,0,0.22146844752689798,1,Anomaly,Reconstruction error exceeded the anomaly threshold.,0.22146844752689798
85467,60783.0,-3.03959215317682,-2.63829216689395,-0.690945274934829,-1.02575432138452,-1.19649878599458,0.500869736012487,1.61598347419526,0.0911296097254812,-1.06238056620933,0.262916276623811,1.33101567061674,-0.0787423551595338,-0.488878534505469,0.0831129862655541,-0.888089757637893,0.644949997103533,0.634803328134524,-1.84193017484302,-0.355404206120643,0.375294873086483,0.303710212009313,0.962661623103418,-0.098586440910223,-0.190693959452398,-0.399994310826261,-0.314367610617616,0.697628591215648,-0.507878004844698,629.64,0,0.22121144020625555,1,Anomaly,Reconstruction error exceeded the anomaly threshold.,0.22121144020625555
260585,159625.0,-4.8218513707028,5.05181470428753,-2.02770968692494,2.94222965938385,-0.765531840897053,6.17498604688532,-12.3654826473218,-25.6144738207851,-4.36224861893787,-3.84277923746354,-0.793967807335811,2.69386666520336,-0.999739367031002,4.20922278269137,0.766515203524797,0.445132787074039,2.81717392670701,-1.61319143291225,-1.165032398689,6.59832951358291,-12.3048601067165,4.75350089315334,0.691749962193427,-0.894155135438449,0.0416224453801679,3.06790743126568,-0.367346896775555,0.506198574870543,0.0,0,0.22017764285488742,1,Anomaly,Reconstruction error exceeded the anomaly threshold.,0.22017764285488742
251882,155542.0,-1.50981793581759,-0.0716362216274674,-1.87534300258613,-0.944957397685112,-3.05638611729237,1.97839075005871,6.26078997338858,-2.10775320527491,1.38958855383884,0.841192933981056,-0.471729302459465,-0.742825498835832,-0.252304792529254,-1.06060921443412,0.24748594454498,-0.132416271946789,-1.1136350459081,-0.73765340507775,0.049110810577756,-1.09796253326525,-1.11932572337647,-0.225563492968543,-0.858429404879922,0.731160544721897,0.0827365956128969,-0.192885597511291,0.660303804266625,-0.948960636000172,1075.54,0,0.22009210512252625,1,Anomaly,Reconstruction error exceeded the anomaly threshold.,0.22009210512252625
254357,156694.0,-4.40204199362169,0.770241698954928,-0.663592105868034,4.90294654813574,-2.24019718485739,1.8976212229645,0.217688383724757,1.68272747448963,-1.97867821056594,1.35100260946971,0.0908952004056419,0.51082784963738,0.0702705952168979,1.19471942728732,-0.138120217771,0.874149612636732,0.679433983822814,0.277521252822987,1.79330144001763,-0.748400529817762,-0.745902678462858,-1.34607013362029,-1.1283139558778,0.859827805096859,-0.116220165878539,0.0727009870956212,1.24278334268723,-0.897447266207832,542.75,0,0.2197901123550941,1,Anomaly,Reconstruction error exceeded the anomaly threshold.,0.2197901123550941
52584,45541.0,-1.51924353075082,2.30849245367643,-1.50359931953802,2.06410058377601,-1.00084505842829,-1.01689703316417,-2.05973051990126,-0.275166374590629,-1.56220609694371,-2.75579692797163,3.43824825990431,-3.52152936013651,-0.918761288376486,-4.45210024854037,0.499313753853031,-2.90790343439971,-5.24864639527919,-0.936814652613817,1.16012029433585,0.175018552247898,1.30787143187069,0.102825644139183,-0.0177462832428156,0.149695925673219,-0.0966024680642115,-0.369114567720136,-0.0192440931269227,-0.20831909164279,1.0,1,0.21954131857557488,1,Anomaly,Reconstruction error exceeded the anomaly threshold.,0.21954131857557488
93343,64362.0,-2.65639658954107,1.58328403770856,0.750639858822031,-1.00545296543905,0.0255995932482555,0.736096309511215,-4.61868036844482,-7.73407758060482,1.16913881372761,-0.350747186352584,0.0620365356555228,0.986886319225268,-1.79330479159096,0.564028799245047,-1.18164447019536,0.833270141273794,-0.0333781333815885,0.484389125089452,-0.267865208198679,-0.942999138197143,4.14995709206578,-1.43701218059442,-1.24495361511296,0.0466722056910808,-1.92973616024384,0.62789440936916,0.556589840524594,0.351015591604241,50.0,0,0.21950362718575941,1,Anomaly,Reconstruction error exceeded the anomaly threshold.,0.21950362718575941
224415,143781.0,-1.05892728574602,2.39289766524793,-3.26574922967923,4.88651641859906,1.39303303203727,0.0804620089403687,0.436547770676198,0.729025394049784,-2.18659415180995,1.26191907693863,0.89746886488829,-0.262189357679063,0.349000546320338,-2.10811791262894,-0.339189948885334,0.899235496853156,2.59588043115454,1.73108865296111,1.08690559213548,0.113172377109654,-0.0907118415396237,0.0379394076033498,0.0382029621958387,-0.0360800497828853,0.318314355974036,0.554019936168512,0.070629077059886,-0.323045144155366,21.94,0,0.21938596144268394,1,Anomaly,Reconstruction error exceeded the anomaly threshold.,0.21938596144268394
72423,54702.0,-6.23400920216533,0.73551351182728,-1.42845293505325,1.65602763145645,-3.11303159116719,2.81452407400873,-1.21282687334496,-3.76271472938213,0.947168561756101,1.06320800146458,1.12361700077915,1.22063509746133,-0.457685024326704,0.474559889940036,0.994658386219432,0.152056671622965,0.605285469556534,0.0027160738719841,0.10544694825104,-1.99264627590848,0.259838030468153,1.09588705374809,-0.881138264196734,-0.133761107304248,-1.38957280568164,-0.499680557169146,-2.50728567224819,0.0853617403824141,400.0,0,0.21890567778564188,1,Anomaly,Reconstruction error exceeded the anomaly threshold.,0.21890567778564188
22813,32444.0,-3.76549411630704,0.214193565093189,-0.678502820786563,1.52494086011894,0.0899216912868251,-1.19092775935939,0.922516962186694,-0.274552775109129,0.104613759635279,0.432816117848562,0.0600591927137535,0.0047508110423073,0.711486419531678,-1.4396287812462,1.41570578843958,0.333810684867928,0.834677012937725,0.554723210155937,0.3834428717243,-1.07714155397901,-0.329377243912621,0.43675203344936,0.116944723088993,0.374779297102527,-0.177441917724232,-0.464711514464554,-0.760907219432367,-2.01768801406555,1.0,0,0.21856889688878844,1,Anomaly,Reconstruction error exceeded the anomaly threshold.,0.21856889688878844
51689,45079.0,-3.10834897727286,-2.20784833366361,2.90488977429463,-0.111240156322952,2.35988295245155,-1.53563292538509,-1.50246841371752,-0.0222327606653603,0.687140803259849,0.563642295458189,1.14624212096142,0.798275613172456,0.806335758676904,-0.80269828618332,0.576095972014889,1.10659680999076,-1.49848769525221,0.898647207195341,-0.56463013648033,0.114533754392051,0.0094588850390533,0.69848063538788,-0.719297109759446,0.146007589668165,0.25615867439567,0.490592278432696,0.385837496135249,-0.317939344106619,49.93,0,0.21755136880831508,1,Anomaly,Reconstruction error exceeded the anomaly threshold.,0.21755136880831508
51174,44827.0,-0.881978635449819,-0.267862518805815,2.21561996872977,-1.92135139800186,-1.47814939492545,0.426750830266814,-1.03981338706951,-0.865397895110491,-1.01270388580281,1.59198347100892,-0.814193094648149,-1.23899022618701,-0.250694241074354,-1.29517950913706,-0.107207316812703,-1.03162050152212,0.953485760979335,-0.2026482508658,-0.249452321669338,-0.499547587920046,0.575965427956905,0.0265740753544849,-0.0235582526549581,0.0456478619591523,-0.623258003192385,-0.355518628398485,-0.745500971932255,-0.62024007547533,14.0,0,0.21742406016723573,1,Anomaly,Reconstruction error exceeded the anomaly threshold.,0.21742406016723573
277970,167963.0,-3.87971481391809,1.76524291267385,-5.00632655577696,0.214283003938053,0.518035592359289,-0.322234834542656,-2.11526291948364,-3.95429549592694,-1.5015792577491,-2.88600544179067,0.37821564410462,0.863584019076223,-0.817208285201169,-0.359953430523175,-1.22726247524061,1.62169657746052,2.54838891141841,1.47736223726431,-0.396793761351035,-0.0510236963541534,-2.46140785175453,1.11556126976888,0.71463858904448,0.0446774694954721,-0.371213372479034,0.486883408359268,-0.519835767907188,-0.738380112273396,0.76,0,0.21701427507962714,1,Anomaly,Reconstruction error exceeded the anomaly threshold.,0.21701427507962714
241977,151275.0,-2.70818743793881,-0.553968804765807,-0.898948509973449,-1.80209413921427,1.91276801866311,3.74618424258323,-0.685405443490722,1.04162522338216,0.705055189259952,-0.0235074467969849,-0.0170741100880737,0.0320459123181151,0.196469861019074,0.012992793575825,1.9757362120254,-0.0100057636176334,-0.218620017370387,0.126815146628356,1.08964287090005,-0.870401783391358,0.092101963396559,0.748500755292827,0.362196012447533,0.817984362884419,-0.19454808203605,1.05110158506342,-1.09885112806561,0.651482079858466,51.0,0,0.21675354773805117,1,Anomaly,Reconstruction error exceeded the anomaly threshold.,0.21675354773805117
186049,126933.0,-5.21734449267302,-1.19228163464634,-2.61381288296856,2.0418831242876,1.44394251562701,-1.91108806083274,-1.79760165646873,-3.65923389047528,-0.549754621703854,0.918674114896159,1.1705880722473,1.88698666719961,0.478816953831096,1.72951134654035,-0.274420252243506,-0.238472471131447,0.378730514348517,0.0495505499959275,0.535762404910631,-2.05818090583742,3.7877273394778,-0.562144647292114,-2.12048157204634,0.780548614710609,-1.20388304158704,-0.554452526911638,1.65526362795949,-0.980935804128927,6.99,0,0.21663658409674336,1,Anomaly,Reconstruction error exceeded the anomaly threshold.,0.21663658409674336
160930,113737.0,0.0173489579588235,1.11797728106117,-1.3522108575007,-1.50326584637512,2.2243173890437,0.0979079963708,1.50092163429226,-0.0977301102594102,-0.54493772905858,-0.532079248499054,-0.714521487900022,0.0278146306771456,0.268568573248599,0.574709443252828,-0.0017479319130363,-0.671696670427437,-0.422748098639154,-0.423786241971294,-0.21543136372617,0.0710498540231862,0.240409609778871,0.767110692758809,-0.0765191163779155,3.50776372711727,-0.245814932950913,-0.071625749496482,0.380902159061733,0.301865428607984,1.46,0,0.2164770821762211,1,Anomaly,Reconstruction error exceeded the anomaly threshold.,0.2164770821762211
196583,131582.0,-3.60587752873392,0.189922564009903,-1.61073932497571,-0.676777143744154,1.40025675941022,-0.22939027921515,1.70320754860429,-1.42386961185146,1.65931346296009,2.14423059421732,1.08525725395795,0.250793097431044,0.293714611384644,-2.23655320391201,-0.54942334954675,0.528503011335943,-0.627921987525068,0.084004252324768,0.545729720791142,-2.06640355704111,-0.843903596248391,-0.259603550516397,1.02221000414135,0.158226220262929,-0.792508702803778,-0.190813044190891,-2.20160292338005,-0.778287796625809,89.99,0,0.21598332559942185,1,Anomaly,Reconstruction error exceeded the anomaly threshold.,0.21598332559942185
171521,120674.0,-2.93173917062784,-4.26543138057241,-0.982635287802506,-1.42399907622035,-6.63770878524913,4.03445324085734,6.70284506061909,-1.37814242170818,-0.0150092892406624,-0.719997353592903,-1.94131510669057,-1.59109555034149,0.587918282131403,-1.38277939007265,0.754572739322614,0.316406680829531,-1.46594581145557,2.27151982378545,-1.19893385240821,0.168265949713917,-0.409648342937097,0.201055500513714,2.01633431479403,-0.952766382004017,-0.40746319286633,1.20567555616765,0.656725787162964,-0.550626217347718,1826.8,0,0.21549117243158555,1,Anomaly,Reconstruction error exceeded the anomaly threshold.,0.21549117243158555
171287,120570.0,-2.65313900653022,-0.281151813393728,-0.16242076745695,1.56674219240368,-6.58958328183264,4.20877116690309,4.84029897562422,-4.14818345875948,0.171049558360394,-0.77585467067465,0.0148601550534918,0.473248271009908,1.26958253910671,-0.638461771533072,1.47073457904897,0.710833918428157,-0.310009160010006,-0.114977773231347,-0.0868677838779641,-2.32297037583112,1.60433980421194,-1.05135939507057,-7.02741280335207,0.926121698928831,-1.27740600640334,-0.535766012908912,2.07382766285849,-0.730846546691937,2150.0,0,0.21483332670127417,1,Anomaly,Reconstruction error exceeded the anomaly threshold.,0.21483332670127417
165933,117755.0,-1.70842010559767,1.56781148237366,-0.219888948212642,-0.837258059252956,-1.3158137505025,1.82764935488144,-3.24647352831479,-7.84770880165235,0.0200914094890597,1.10001078725742,0.357507517374933,1.35326077128071,0.242289477083712,0.450069230836211,0.13739580040302,-1.4606933582227,0.315942323180498,1.88759108606285,0.202706022569501,-2.26207693801606,7.04014030741978,-3.68548015442539,0.0616265334916677,-0.617254754081178,0.0247025919090412,-0.713788381514113,0.806403092941408,0.320990506955622,144.13,0,0.2147631874525282,1,Anomaly,Reconstruction error exceeded the anomaly threshold.,0.2147631874525282
228035,145332.0,-1.19199250308182,0.834515976695605,0.946169609419953,-0.21207134264535,0.865820596222648,0.890053648651849,-1.1760452164367,-2.36295213042287,-0.0871594958167032,-1.24721731155797,-0.212134320067875,0.945116791412651,-0.89294835742598,0.375837895511908,-1.74761173215906,-0.948891557916179,0.504186449455112,-0.0435294549847117,2.20408244323656,0.630825713350047,-1.59898884719509,-0.511828045062809,-1.41530641674037,0.352412053394166,0.247109189438398,0.0711493074713257,0.0983744785563292,0.106162005618063,70.0,0,0.2146273575586601,1,Anomaly,Reconstruction error exceeded the anomaly threshold.,0.2146273575586601
218216,141221.0,-4.21367916648932,1.7616692109581,-2.49135661038034,0.292974749772956,-2.02872297788181,2.20381681953586,-1.93495561340414,-13.1528648962819,-0.681478130604595,-2.6252349108131,-0.681265452084101,0.183752102195595,-1.62527309617874,0.657401148827038,0.894526812759306,1.09637202734075,0.979363189643821,0.745211279106299,-0.619671362744827,0.250204995815479,-4.07693368341747,1.79827761831948,-1.41866087836779,0.116027456085996,-0.408257590546695,-0.0467953347121477,1.50085500851993,-0.39616906007051,795.29,0,0.2142667595544245,1,Anomaly,Reconstruction error exceeded the anomaly threshold.,0.2142667595544245
173624,121570.0,-0.592537240099892,0.971484375632672,-2.15594935353285,-1.72282099947679,-0.663777152761114,0.445869547107178,-1.03597252508899,-6.52287120121434,-0.173040483203503,-1.90684636840827,0.974320410105887,0.981502058851947,-1.68231371200734,2.18741087201471,0.646222160517905,-0.777781180667378,0.325824908287521,0.406046342673866,1.50833293734829,0.879279920231753,-1.66001168261367,0.938576664093393,-0.737548327080773,0.840859847475807,0.603634791759356,0.0409659935278755,0.327078530897554,0.239580154813546,299.0,0,0.214178392449414,1,Anomaly,Reconstruction error exceeded the anomaly threshold.,0.214178392449414
236226,148719.0,-2.24948617776245,0.0817385543793961,0.441904078618888,1.72197673310539,-0.180579655045577,-0.706050187729837,-0.312720183212275,0.690354533062417,0.23328507510037,-0.439940658509863,-1.25639500527713,0.783574381949087,-0.0756292868867898,0.197456169863999,-0.969206594041872,-0.735344790334199,0.710080390935691,-0.764719113799448,1.14702957484067,-1.16465966101126,-0.516668360477429,-0.579221807205178,1.40722339484402,0.336601014356761,-0.806342899275111,-1.0313267896956,0.0540905151270936,-0.113703016121783,21.85,0,0.21414709708733282,1,Anomaly,Reconstruction error exceeded the anomaly threshold.,0.21414709708733282
123664,77015.0,-1.83988212997871,-0.19982398647837,1.02961934961941,0.389044663934879,1.27786470673706,1.66512002720616,-0.331760269512975,0.489620444012691,0.191413263941287,0.259449638876264,1.48246778945795,0.599859350859342,-1.08473056205354,0.175231289013609,0.571550134966607,-1.56430512895854,1.11082986857062,-1.76652276801008,-0.0046646994550217,-0.75764106330763,-0.0749610092298548,0.289104472469048,-0.310510916037752,-1.27728182904763,-0.817758584315515,0.367868411170791,-0.337743444357859,0.285553346244163,57.93,0,0.2137743281054938,1,Anomaly,Reconstruction error exceeded the anomaly threshold.,0.2137743281054938
46809,42937.0,-3.32361224979637,-0.180094611990839,0.383491694729969,-1.59894891267621,-1.68922239656032,0.130628809314996,-2.36745841194387,-1.79204803585104,-0.541006014268243,-0.27886484640524,1.10885808328356,0.471863108003459,-0.906087447969347,1.14635799894592,2.3232345650014,-2.14403999327238,1.09123558601643,2.1866053067703,1.54551002348068,-0.576446959643883,-1.49483026914989,0.861447904881161,0.755328944443758,0.0118219368115158,0.10228365498935,0.305899433051583,-1.16324032154432,-0.274571326731617,15.17,0,0.21365969459638637,1,Anomaly,Reconstruction error exceeded the anomaly threshold.,0.21365969459638637
191431,129252.0,-1.86494218121688,-2.21019322085347,-7.60657875024375,-0.0615464527222574,-11.3961662194492,5.82900193428895,10.3418182753265,-6.95711665209734,-1.06376428867498,-0.339964718047381,-0.760248106392038,-0.615862652559686,0.136764306824006,0.766014543805397,-0.0914764249065381,-0.46203916381901,-0.240401002397891,0.139384810972023,-1.67144253155298,-4.87212749440905,1.70385095261632,-1.62080779514493,-10.8591566543676,0.843298729459473,-2.78068525099519,0.701723486478359,3.8694239837491,-0.753379766580834,3848.01,0,0.21365474044813312,1,Anomaly,Reconstruction error exceeded the anomaly threshold.,0.21365474044813312
129297,79034.0,-4.34905238652695,-1.6358311243867,0.707082007070592,-0.159080246693617,-0.977204209408108,0.31952567824842,-1.61390328809245,-1.5045616006254,-0.0173947784136287,-1.983081376109,0.682652890116441,1.55701821961853,-0.51641065690113,0.609132463091857,-1.35653667246403,0.605555641284058,0.379807119632994,-0.406756470705105,-0.393525436377694,-0.220613510734615,-1.44079728159309,0.316432625821295,0.772390197970597,0.320891329521404,-0.171248476173944,0.796244938733154,0.302027065550051,-1.06415857647471,69.32,0,0.21350418061603949,1,Anomaly,Reconstruction error exceeded the anomaly threshold.,0.21350418061603949
88269,62066.0,-3.068888028359,-0.43775728446273,-0.768928293826092,-0.499062251561566,-0.0142497856628056,-1.39523467770167,-0.0923205870015878,0.757390508770734,-0.704814109231846,-0.628537298852384,0.626912309066712,0.966053024843394,-0.0626402956019285,1.23236828910067,-0.422082192297732,0.970427313706654,-0.466977963870344,-0.234827739675712,0.133176902657746,-0.555847011429624,-0.212912419664112,-1.13631225479833,-0.60035109358033,0.0787416386771069,-1.18596732142609,0.264915237082221,-0.608963362307639,-0.662814987382564,67.0,0,0.21349275157690878,1,Anomaly,Reconstruction error exceeded the anomaly threshold.,0.21349275157690878
136737,81844.0,-10.9720155563581,-10.165075374751,0.579235147034197,1.91431182463987,3.97122078745749,-3.57174611855005,-1.67859356969766,-0.472963758301007,1.7460216643227,0.751735483325778,-0.281257556846979,0.499864295521652,1.97511415905407,-1.24978740467001,2.16806265059746,2.07175240840462,-1.39895188195546,0.0687988910995705,0.388451529387772,-5.44678345926282,-1.95094678153794,1.31095458279061,3.55175364652351,0.384646239132192,1.61130881038596,1.4416667115621,2.5227776153179,-1.41864956210692,117.02,0,0.21342865459068197,1,Anomaly,Reconstruction error exceeded the anomaly threshold.,0.21342865459068197
71472,54311.0,-5.5398536276974,-4.80495416984327,1.96521474147789,1.11719497763493,5.83917535245142,-5.19955890183661,-3.55879358885971,0.0711290578382605,0.393575869585038,0.115210971447228,0.0107916615635334,0.292455187978536,-0.213327910499681,-0.321427235420845,0.872519077189168,0.683420933488559,-0.107959397352183,-0.433046313847719,-0.698321340850912,-0.948490240213106,-0.572583843393027,-1.11533218627679,-1.04429999373651,0.832291715732606,0.0745808691655263,0.0353872791244831,0.985118401513036,-0.201751037899922,0.89,0,0.21325389045287085,1,Anomaly,Reconstruction error exceeded the anomaly threshold.,0.21325389045287085
